Timing Analyzer report for Input
Tue May 05 23:26:38 2026
Quartus Prime Version 20.1.1 Build 720 11/11/2020 SJ Lite Edition


---------------------
; Table of Contents ;
---------------------
  1. Legal Notice
  2. Timing Analyzer Summary
  3. Parallel Compilation
  4. Clocks
  5. Slow 1200mV 85C Model Fmax Summary
  6. Timing Closure Recommendations
  7. Slow 1200mV 85C Model Setup Summary
  8. Slow 1200mV 85C Model Hold Summary
  9. Slow 1200mV 85C Model Recovery Summary
 10. Slow 1200mV 85C Model Removal Summary
 11. Slow 1200mV 85C Model Minimum Pulse Width Summary
 12. Slow 1200mV 85C Model Setup: 'clk'
 13. Slow 1200mV 85C Model Hold: 'clk'
 14. Slow 1200mV 85C Model Metastability Summary
 15. Slow 1200mV 0C Model Fmax Summary
 16. Slow 1200mV 0C Model Setup Summary
 17. Slow 1200mV 0C Model Hold Summary
 18. Slow 1200mV 0C Model Recovery Summary
 19. Slow 1200mV 0C Model Removal Summary
 20. Slow 1200mV 0C Model Minimum Pulse Width Summary
 21. Slow 1200mV 0C Model Setup: 'clk'
 22. Slow 1200mV 0C Model Hold: 'clk'
 23. Slow 1200mV 0C Model Metastability Summary
 24. Fast 1200mV 0C Model Setup Summary
 25. Fast 1200mV 0C Model Hold Summary
 26. Fast 1200mV 0C Model Recovery Summary
 27. Fast 1200mV 0C Model Removal Summary
 28. Fast 1200mV 0C Model Minimum Pulse Width Summary
 29. Fast 1200mV 0C Model Setup: 'clk'
 30. Fast 1200mV 0C Model Hold: 'clk'
 31. Fast 1200mV 0C Model Metastability Summary
 32. Multicorner Timing Analysis Summary
 33. Board Trace Model Assignments
 34. Input Transition Times
 35. Signal Integrity Metrics (Slow 1200mv 0c Model)
 36. Signal Integrity Metrics (Slow 1200mv 85c Model)
 37. Signal Integrity Metrics (Fast 1200mv 0c Model)
 38. Setup Transfers
 39. Hold Transfers
 40. Report TCCS
 41. Report RSKM
 42. Unconstrained Paths Summary
 43. Clock Status Summary
 44. Unconstrained Input Ports
 45. Unconstrained Output Ports
 46. Unconstrained Input Ports
 47. Unconstrained Output Ports
 48. Timing Analyzer Messages



----------------
; Legal Notice ;
----------------
Copyright (C) 2020  Intel Corporation. All rights reserved.
Your use of Intel Corporation's design tools, logic functions 
and other software and tools, and any partner logic 
functions, and any output files from any of the foregoing 
(including device programming or simulation files), and any 
associated documentation or information are expressly subject 
to the terms and conditions of the Intel Program License 
Subscription Agreement, the Intel Quartus Prime License Agreement,
the Intel FPGA IP License Agreement, or other applicable license
agreement, including, without limitation, that your use is for
the sole purpose of programming logic devices manufactured by
Intel and sold by Intel or its authorized distributors.  Please
refer to the applicable agreement for further details, at
https://fpgasoftware.intel.com/eula.



+-----------------------------------------------------------------------------+
; Timing Analyzer Summary                                                     ;
+-----------------------+-----------------------------------------------------+
; Quartus Prime Version ; Version 20.1.1 Build 720 11/11/2020 SJ Lite Edition ;
; Timing Analyzer       ; Legacy Timing Analyzer                              ;
; Revision Name         ; Input                                               ;
; Device Family         ; Cyclone IV E                                        ;
; Device Name           ; EP4CE115F29C7                                       ;
; Timing Models         ; Final                                               ;
; Delay Model           ; Combined                                            ;
; Rise/Fall Delays      ; Enabled                                             ;
+-----------------------+-----------------------------------------------------+


+------------------------------------------+
; Parallel Compilation                     ;
+----------------------------+-------------+
; Processors                 ; Number      ;
+----------------------------+-------------+
; Number detected on machine ; 16          ;
; Maximum allowed            ; 16          ;
;                            ;             ;
; Average used               ; 1.08        ;
; Maximum used               ; 16          ;
;                            ;             ;
; Usage by Processor         ; % Time Used ;
;     Processor 1            ; 100.0%      ;
;     Processors 2-16        ;   0.6%      ;
+----------------------------+-------------+


+---------------------------------------------------------------------------------------------------------------------------------------------------------------------------------+
; Clocks                                                                                                                                                                          ;
+------------+------+--------+------------+-------+-------+------------+-----------+-------------+-------+--------+-----------+------------+----------+--------+--------+---------+
; Clock Name ; Type ; Period ; Frequency  ; Rise  ; Fall  ; Duty Cycle ; Divide by ; Multiply by ; Phase ; Offset ; Edge List ; Edge Shift ; Inverted ; Master ; Source ; Targets ;
+------------+------+--------+------------+-------+-------+------------+-----------+-------------+-------+--------+-----------+------------+----------+--------+--------+---------+
; clk        ; Base ; 1.000  ; 1000.0 MHz ; 0.000 ; 0.500 ;            ;           ;             ;       ;        ;           ;            ;          ;        ;        ; { clk } ;
+------------+------+--------+------------+-------+-------+------------+-----------+-------------+-------+--------+-----------+------------+----------+--------+--------+---------+


+--------------------------------------------------+
; Slow 1200mV 85C Model Fmax Summary               ;
+------------+-----------------+------------+------+
; Fmax       ; Restricted Fmax ; Clock Name ; Note ;
+------------+-----------------+------------+------+
; 206.61 MHz ; 206.61 MHz      ; clk        ;      ;
+------------+-----------------+------------+------+
This panel reports FMAX for every clock in the design, regardless of the user-specified clock periods.  FMAX is only computed for paths where the source and destination registers or ports are driven by the same clock.  Paths of different clocks, including generated clocks, are ignored.  For paths between a clock and its inversion, FMAX is computed as if the rising and falling edges are scaled along with FMAX, such that the duty cycle (in terms of a percentage) is maintained. Altera recommends that you always use clock constraints and other slack reports for sign-off analysis.


----------------------------------
; Timing Closure Recommendations ;
----------------------------------
HTML report is unavailable in plain text report export.


+-------------------------------------+
; Slow 1200mV 85C Model Setup Summary ;
+-------+--------+--------------------+
; Clock ; Slack  ; End Point TNS      ;
+-------+--------+--------------------+
; clk   ; -3.840 ; -222.011           ;
+-------+--------+--------------------+


+------------------------------------+
; Slow 1200mV 85C Model Hold Summary ;
+-------+-------+--------------------+
; Clock ; Slack ; End Point TNS      ;
+-------+-------+--------------------+
; clk   ; 0.384 ; 0.000              ;
+-------+-------+--------------------+


------------------------------------------
; Slow 1200mV 85C Model Recovery Summary ;
------------------------------------------
No paths to report.


-----------------------------------------
; Slow 1200mV 85C Model Removal Summary ;
-----------------------------------------
No paths to report.


+---------------------------------------------------+
; Slow 1200mV 85C Model Minimum Pulse Width Summary ;
+-------+--------+----------------------------------+
; Clock ; Slack  ; End Point TNS                    ;
+-------+--------+----------------------------------+
; clk   ; -3.000 ; -87.810                          ;
+-------+--------+----------------------------------+


+--------------------------------------------------------------------------------------------------------------------+
; Slow 1200mV 85C Model Setup: 'clk'                                                                                 ;
+--------+-----------------+-------------------+--------------+-------------+--------------+------------+------------+
; Slack  ; From Node       ; To Node           ; Launch Clock ; Latch Clock ; Relationship ; Clock Skew ; Data Delay ;
+--------+-----------------+-------------------+--------------+-------------+--------------+------------+------------+
; -3.840 ; valid_count[4]  ; valid_count[31]   ; clk          ; clk         ; 1.000        ; -0.080     ; 4.758      ;
; -3.795 ; valid_count[1]  ; valid_count[31]   ; clk          ; clk         ; 1.000        ; -0.080     ; 4.713      ;
; -3.772 ; valid_count[2]  ; valid_count[31]   ; clk          ; clk         ; 1.000        ; -0.080     ; 4.690      ;
; -3.738 ; valid_count[0]  ; valid_count[31]   ; clk          ; clk         ; 1.000        ; -0.081     ; 4.655      ;
; -3.667 ; valid_count[3]  ; valid_count[31]   ; clk          ; clk         ; 1.000        ; -0.080     ; 4.585      ;
; -3.635 ; valid_count[28] ; rom_addr[13]~reg0 ; clk          ; clk         ; 1.000        ; -0.510     ; 4.123      ;
; -3.635 ; valid_count[28] ; rom_addr[12]~reg0 ; clk          ; clk         ; 1.000        ; -0.510     ; 4.123      ;
; -3.635 ; valid_count[28] ; rom_addr[11]~reg0 ; clk          ; clk         ; 1.000        ; -0.510     ; 4.123      ;
; -3.635 ; valid_count[28] ; rom_addr[10]~reg0 ; clk          ; clk         ; 1.000        ; -0.510     ; 4.123      ;
; -3.635 ; valid_count[28] ; rom_addr[9]~reg0  ; clk          ; clk         ; 1.000        ; -0.510     ; 4.123      ;
; -3.635 ; valid_count[28] ; rom_addr[8]~reg0  ; clk          ; clk         ; 1.000        ; -0.510     ; 4.123      ;
; -3.635 ; valid_count[28] ; rom_addr[7]~reg0  ; clk          ; clk         ; 1.000        ; -0.510     ; 4.123      ;
; -3.635 ; valid_count[28] ; rom_addr[6]~reg0  ; clk          ; clk         ; 1.000        ; -0.510     ; 4.123      ;
; -3.635 ; valid_count[28] ; rom_addr[5]~reg0  ; clk          ; clk         ; 1.000        ; -0.510     ; 4.123      ;
; -3.635 ; valid_count[28] ; rom_addr[4]~reg0  ; clk          ; clk         ; 1.000        ; -0.510     ; 4.123      ;
; -3.635 ; valid_count[28] ; rom_addr[3]~reg0  ; clk          ; clk         ; 1.000        ; -0.510     ; 4.123      ;
; -3.635 ; valid_count[28] ; rom_addr[2]~reg0  ; clk          ; clk         ; 1.000        ; -0.510     ; 4.123      ;
; -3.635 ; valid_count[28] ; rom_addr[1]~reg0  ; clk          ; clk         ; 1.000        ; -0.510     ; 4.123      ;
; -3.578 ; valid_count[28] ; next_addr[0]      ; clk          ; clk         ; 1.000        ; -0.127     ; 4.449      ;
; -3.578 ; valid_count[28] ; next_addr[5]      ; clk          ; clk         ; 1.000        ; -0.127     ; 4.449      ;
; -3.578 ; valid_count[28] ; next_addr[1]      ; clk          ; clk         ; 1.000        ; -0.127     ; 4.449      ;
; -3.578 ; valid_count[28] ; next_addr[2]      ; clk          ; clk         ; 1.000        ; -0.127     ; 4.449      ;
; -3.578 ; valid_count[28] ; next_addr[3]      ; clk          ; clk         ; 1.000        ; -0.127     ; 4.449      ;
; -3.578 ; valid_count[28] ; next_addr[4]      ; clk          ; clk         ; 1.000        ; -0.127     ; 4.449      ;
; -3.578 ; valid_count[28] ; next_addr[6]      ; clk          ; clk         ; 1.000        ; -0.127     ; 4.449      ;
; -3.578 ; valid_count[28] ; next_addr[7]      ; clk          ; clk         ; 1.000        ; -0.127     ; 4.449      ;
; -3.578 ; valid_count[28] ; next_addr[12]     ; clk          ; clk         ; 1.000        ; -0.127     ; 4.449      ;
; -3.578 ; valid_count[28] ; next_addr[8]      ; clk          ; clk         ; 1.000        ; -0.127     ; 4.449      ;
; -3.578 ; valid_count[28] ; next_addr[9]      ; clk          ; clk         ; 1.000        ; -0.127     ; 4.449      ;
; -3.578 ; valid_count[28] ; next_addr[10]     ; clk          ; clk         ; 1.000        ; -0.127     ; 4.449      ;
; -3.578 ; valid_count[28] ; next_addr[11]     ; clk          ; clk         ; 1.000        ; -0.127     ; 4.449      ;
; -3.578 ; valid_count[28] ; next_addr[13]     ; clk          ; clk         ; 1.000        ; -0.127     ; 4.449      ;
; -3.548 ; valid_count[28] ; valid_count[30]   ; clk          ; clk         ; 1.000        ; -0.511     ; 4.035      ;
; -3.547 ; valid_count[28] ; valid_count[29]   ; clk          ; clk         ; 1.000        ; -0.511     ; 4.034      ;
; -3.527 ; valid_count[28] ; valid_count[12]   ; clk          ; clk         ; 1.000        ; -0.511     ; 4.014      ;
; -3.525 ; valid_count[5]  ; valid_count[31]   ; clk          ; clk         ; 1.000        ; -0.080     ; 4.443      ;
; -3.500 ; valid_count[6]  ; valid_count[31]   ; clk          ; clk         ; 1.000        ; -0.080     ; 4.418      ;
; -3.488 ; valid_count[28] ; valid_count[6]    ; clk          ; clk         ; 1.000        ; -0.511     ; 3.975      ;
; -3.488 ; valid_count[28] ; valid_count[13]   ; clk          ; clk         ; 1.000        ; -0.511     ; 3.975      ;
; -3.487 ; valid_count[28] ; valid_count[5]    ; clk          ; clk         ; 1.000        ; -0.511     ; 3.974      ;
; -3.487 ; valid_count[28] ; valid_count[8]    ; clk          ; clk         ; 1.000        ; -0.511     ; 3.974      ;
; -3.486 ; valid_count[28] ; valid_count[1]    ; clk          ; clk         ; 1.000        ; -0.511     ; 3.973      ;
; -3.486 ; valid_count[28] ; valid_count[2]    ; clk          ; clk         ; 1.000        ; -0.511     ; 3.973      ;
; -3.486 ; valid_count[28] ; valid_count[3]    ; clk          ; clk         ; 1.000        ; -0.511     ; 3.973      ;
; -3.486 ; valid_count[28] ; valid_count[7]    ; clk          ; clk         ; 1.000        ; -0.511     ; 3.973      ;
; -3.450 ; valid_count[28] ; valid_count[0]    ; clk          ; clk         ; 1.000        ; -0.510     ; 3.938      ;
; -3.429 ; valid_count[28] ; valid_count[26]   ; clk          ; clk         ; 1.000        ; -0.510     ; 3.917      ;
; -3.428 ; valid_count[28] ; valid_count[22]   ; clk          ; clk         ; 1.000        ; -0.510     ; 3.916      ;
; -3.427 ; valid_count[28] ; valid_count[21]   ; clk          ; clk         ; 1.000        ; -0.510     ; 3.915      ;
; -3.427 ; valid_count[28] ; valid_count[20]   ; clk          ; clk         ; 1.000        ; -0.510     ; 3.915      ;
; -3.426 ; valid_count[11] ; valid_count[31]   ; clk          ; clk         ; 1.000        ; -0.080     ; 4.344      ;
; -3.425 ; valid_count[12] ; valid_count[31]   ; clk          ; clk         ; 1.000        ; -0.080     ; 4.343      ;
; -3.425 ; valid_count[7]  ; valid_count[31]   ; clk          ; clk         ; 1.000        ; -0.080     ; 4.343      ;
; -3.423 ; valid_count[28] ; valid_count[23]   ; clk          ; clk         ; 1.000        ; -0.510     ; 3.911      ;
; -3.421 ; valid_count[28] ; valid_count[25]   ; clk          ; clk         ; 1.000        ; -0.510     ; 3.909      ;
; -3.414 ; valid_count[8]  ; valid_count[31]   ; clk          ; clk         ; 1.000        ; -0.080     ; 4.332      ;
; -3.376 ; valid_count[30] ; rom_addr[13]~reg0 ; clk          ; clk         ; 1.000        ; -0.080     ; 4.294      ;
; -3.376 ; valid_count[30] ; rom_addr[12]~reg0 ; clk          ; clk         ; 1.000        ; -0.080     ; 4.294      ;
; -3.376 ; valid_count[30] ; rom_addr[11]~reg0 ; clk          ; clk         ; 1.000        ; -0.080     ; 4.294      ;
; -3.376 ; valid_count[30] ; rom_addr[10]~reg0 ; clk          ; clk         ; 1.000        ; -0.080     ; 4.294      ;
; -3.376 ; valid_count[30] ; rom_addr[9]~reg0  ; clk          ; clk         ; 1.000        ; -0.080     ; 4.294      ;
; -3.376 ; valid_count[30] ; rom_addr[8]~reg0  ; clk          ; clk         ; 1.000        ; -0.080     ; 4.294      ;
; -3.376 ; valid_count[30] ; rom_addr[7]~reg0  ; clk          ; clk         ; 1.000        ; -0.080     ; 4.294      ;
; -3.376 ; valid_count[30] ; rom_addr[6]~reg0  ; clk          ; clk         ; 1.000        ; -0.080     ; 4.294      ;
; -3.376 ; valid_count[30] ; rom_addr[5]~reg0  ; clk          ; clk         ; 1.000        ; -0.080     ; 4.294      ;
; -3.376 ; valid_count[30] ; rom_addr[4]~reg0  ; clk          ; clk         ; 1.000        ; -0.080     ; 4.294      ;
; -3.376 ; valid_count[30] ; rom_addr[3]~reg0  ; clk          ; clk         ; 1.000        ; -0.080     ; 4.294      ;
; -3.376 ; valid_count[30] ; rom_addr[2]~reg0  ; clk          ; clk         ; 1.000        ; -0.080     ; 4.294      ;
; -3.376 ; valid_count[30] ; rom_addr[1]~reg0  ; clk          ; clk         ; 1.000        ; -0.080     ; 4.294      ;
; -3.369 ; valid_count[29] ; rom_addr[13]~reg0 ; clk          ; clk         ; 1.000        ; -0.080     ; 4.287      ;
; -3.369 ; valid_count[29] ; rom_addr[12]~reg0 ; clk          ; clk         ; 1.000        ; -0.080     ; 4.287      ;
; -3.369 ; valid_count[29] ; rom_addr[11]~reg0 ; clk          ; clk         ; 1.000        ; -0.080     ; 4.287      ;
; -3.369 ; valid_count[29] ; rom_addr[10]~reg0 ; clk          ; clk         ; 1.000        ; -0.080     ; 4.287      ;
; -3.369 ; valid_count[29] ; rom_addr[9]~reg0  ; clk          ; clk         ; 1.000        ; -0.080     ; 4.287      ;
; -3.369 ; valid_count[29] ; rom_addr[8]~reg0  ; clk          ; clk         ; 1.000        ; -0.080     ; 4.287      ;
; -3.369 ; valid_count[29] ; rom_addr[7]~reg0  ; clk          ; clk         ; 1.000        ; -0.080     ; 4.287      ;
; -3.369 ; valid_count[29] ; rom_addr[6]~reg0  ; clk          ; clk         ; 1.000        ; -0.080     ; 4.287      ;
; -3.369 ; valid_count[29] ; rom_addr[5]~reg0  ; clk          ; clk         ; 1.000        ; -0.080     ; 4.287      ;
; -3.369 ; valid_count[29] ; rom_addr[4]~reg0  ; clk          ; clk         ; 1.000        ; -0.080     ; 4.287      ;
; -3.369 ; valid_count[29] ; rom_addr[3]~reg0  ; clk          ; clk         ; 1.000        ; -0.080     ; 4.287      ;
; -3.369 ; valid_count[29] ; rom_addr[2]~reg0  ; clk          ; clk         ; 1.000        ; -0.080     ; 4.287      ;
; -3.369 ; valid_count[29] ; rom_addr[1]~reg0  ; clk          ; clk         ; 1.000        ; -0.080     ; 4.287      ;
; -3.352 ; valid_count[1]  ; valid_count[30]   ; clk          ; clk         ; 1.000        ; -0.081     ; 4.269      ;
; -3.345 ; valid_count[4]  ; valid_count[27]   ; clk          ; clk         ; 1.000        ; -0.081     ; 4.262      ;
; -3.345 ; valid_count[1]  ; valid_count[27]   ; clk          ; clk         ; 1.000        ; -0.081     ; 4.262      ;
; -3.340 ; valid_count[1]  ; valid_count[28]   ; clk          ; clk         ; 1.000        ; 0.332      ; 4.670      ;
; -3.328 ; valid_count[28] ; valid_count[27]   ; clk          ; clk         ; 1.000        ; -0.511     ; 3.815      ;
; -3.319 ; valid_count[30] ; next_addr[0]      ; clk          ; clk         ; 1.000        ; 0.303      ; 4.620      ;
; -3.319 ; valid_count[30] ; next_addr[5]      ; clk          ; clk         ; 1.000        ; 0.303      ; 4.620      ;
; -3.319 ; valid_count[30] ; next_addr[1]      ; clk          ; clk         ; 1.000        ; 0.303      ; 4.620      ;
; -3.319 ; valid_count[30] ; next_addr[2]      ; clk          ; clk         ; 1.000        ; 0.303      ; 4.620      ;
; -3.319 ; valid_count[30] ; next_addr[3]      ; clk          ; clk         ; 1.000        ; 0.303      ; 4.620      ;
; -3.319 ; valid_count[30] ; next_addr[4]      ; clk          ; clk         ; 1.000        ; 0.303      ; 4.620      ;
; -3.319 ; valid_count[30] ; next_addr[6]      ; clk          ; clk         ; 1.000        ; 0.303      ; 4.620      ;
; -3.319 ; valid_count[30] ; next_addr[7]      ; clk          ; clk         ; 1.000        ; 0.303      ; 4.620      ;
; -3.319 ; valid_count[30] ; next_addr[12]     ; clk          ; clk         ; 1.000        ; 0.303      ; 4.620      ;
; -3.319 ; valid_count[30] ; next_addr[8]      ; clk          ; clk         ; 1.000        ; 0.303      ; 4.620      ;
; -3.319 ; valid_count[30] ; next_addr[9]      ; clk          ; clk         ; 1.000        ; 0.303      ; 4.620      ;
; -3.319 ; valid_count[30] ; next_addr[10]     ; clk          ; clk         ; 1.000        ; 0.303      ; 4.620      ;
; -3.319 ; valid_count[30] ; next_addr[11]     ; clk          ; clk         ; 1.000        ; 0.303      ; 4.620      ;
+--------+-----------------+-------------------+--------------+-------------+--------------+------------+------------+


+-------------------------------------------------------------------------------------------------------------------+
; Slow 1200mV 85C Model Hold: 'clk'                                                                                 ;
+-------+-----------------+-------------------+--------------+-------------+--------------+------------+------------+
; Slack ; From Node       ; To Node           ; Launch Clock ; Latch Clock ; Relationship ; Clock Skew ; Data Delay ;
+-------+-----------------+-------------------+--------------+-------------+--------------+------------+------------+
; 0.384 ; valid_count[17] ; valid_count[17]   ; clk          ; clk         ; 0.000        ; 0.099      ; 0.669      ;
; 0.385 ; valid_count[28] ; valid_count[28]   ; clk          ; clk         ; 0.000        ; 0.098      ; 0.669      ;
; 0.401 ; state.RUN       ; state.RUN         ; clk          ; clk         ; 0.000        ; 0.082      ; 0.669      ;
; 0.401 ; state.IDLE      ; state.IDLE        ; clk          ; clk         ; 0.000        ; 0.082      ; 0.669      ;
; 0.401 ; valid_count[14] ; valid_count[14]   ; clk          ; clk         ; 0.000        ; 0.082      ; 0.669      ;
; 0.401 ; valid_count[10] ; valid_count[10]   ; clk          ; clk         ; 0.000        ; 0.082      ; 0.669      ;
; 0.401 ; valid_count[9]  ; valid_count[9]    ; clk          ; clk         ; 0.000        ; 0.082      ; 0.669      ;
; 0.402 ; valid_count[18] ; valid_count[18]   ; clk          ; clk         ; 0.000        ; 0.081      ; 0.669      ;
; 0.402 ; valid_count[30] ; valid_count[30]   ; clk          ; clk         ; 0.000        ; 0.081      ; 0.669      ;
; 0.402 ; valid_count[29] ; valid_count[29]   ; clk          ; clk         ; 0.000        ; 0.081      ; 0.669      ;
; 0.402 ; valid_count[27] ; valid_count[27]   ; clk          ; clk         ; 0.000        ; 0.081      ; 0.669      ;
; 0.402 ; valid_count[26] ; valid_count[26]   ; clk          ; clk         ; 0.000        ; 0.081      ; 0.669      ;
; 0.402 ; valid_count[25] ; valid_count[25]   ; clk          ; clk         ; 0.000        ; 0.081      ; 0.669      ;
; 0.402 ; valid_count[24] ; valid_count[24]   ; clk          ; clk         ; 0.000        ; 0.081      ; 0.669      ;
; 0.402 ; valid_count[23] ; valid_count[23]   ; clk          ; clk         ; 0.000        ; 0.081      ; 0.669      ;
; 0.402 ; valid_count[22] ; valid_count[22]   ; clk          ; clk         ; 0.000        ; 0.081      ; 0.669      ;
; 0.402 ; valid_count[21] ; valid_count[21]   ; clk          ; clk         ; 0.000        ; 0.081      ; 0.669      ;
; 0.402 ; valid_count[20] ; valid_count[20]   ; clk          ; clk         ; 0.000        ; 0.081      ; 0.669      ;
; 0.402 ; valid_count[19] ; valid_count[19]   ; clk          ; clk         ; 0.000        ; 0.081      ; 0.669      ;
; 0.402 ; valid_count[1]  ; valid_count[1]    ; clk          ; clk         ; 0.000        ; 0.081      ; 0.669      ;
; 0.402 ; valid_count[2]  ; valid_count[2]    ; clk          ; clk         ; 0.000        ; 0.081      ; 0.669      ;
; 0.402 ; valid_count[3]  ; valid_count[3]    ; clk          ; clk         ; 0.000        ; 0.081      ; 0.669      ;
; 0.402 ; valid_count[5]  ; valid_count[5]    ; clk          ; clk         ; 0.000        ; 0.081      ; 0.669      ;
; 0.402 ; valid_count[6]  ; valid_count[6]    ; clk          ; clk         ; 0.000        ; 0.081      ; 0.669      ;
; 0.402 ; valid_count[7]  ; valid_count[7]    ; clk          ; clk         ; 0.000        ; 0.081      ; 0.669      ;
; 0.402 ; valid_count[8]  ; valid_count[8]    ; clk          ; clk         ; 0.000        ; 0.081      ; 0.669      ;
; 0.402 ; valid_count[13] ; valid_count[13]   ; clk          ; clk         ; 0.000        ; 0.081      ; 0.669      ;
; 0.402 ; valid_count[15] ; valid_count[15]   ; clk          ; clk         ; 0.000        ; 0.081      ; 0.669      ;
; 0.402 ; valid_count[16] ; valid_count[16]   ; clk          ; clk         ; 0.000        ; 0.081      ; 0.669      ;
; 0.402 ; valid_count[4]  ; valid_count[4]    ; clk          ; clk         ; 0.000        ; 0.081      ; 0.669      ;
; 0.402 ; valid_count[11] ; valid_count[11]   ; clk          ; clk         ; 0.000        ; 0.081      ; 0.669      ;
; 0.402 ; valid_count[12] ; valid_count[12]   ; clk          ; clk         ; 0.000        ; 0.081      ; 0.669      ;
; 0.440 ; state.IDLE      ; state.WARMUP      ; clk          ; clk         ; 0.000        ; 0.082      ; 0.708      ;
; 0.638 ; next_addr[11]   ; next_addr[11]     ; clk          ; clk         ; 0.000        ; 0.098      ; 0.922      ;
; 0.639 ; next_addr[9]    ; next_addr[9]      ; clk          ; clk         ; 0.000        ; 0.098      ; 0.923      ;
; 0.640 ; next_addr[4]    ; next_addr[4]      ; clk          ; clk         ; 0.000        ; 0.098      ; 0.924      ;
; 0.640 ; next_addr[13]   ; next_addr[13]     ; clk          ; clk         ; 0.000        ; 0.098      ; 0.924      ;
; 0.641 ; next_addr[5]    ; next_addr[5]      ; clk          ; clk         ; 0.000        ; 0.098      ; 0.925      ;
; 0.641 ; next_addr[7]    ; next_addr[7]      ; clk          ; clk         ; 0.000        ; 0.098      ; 0.925      ;
; 0.642 ; state.IDLE      ; rom_addr[0]~reg0  ; clk          ; clk         ; 0.000        ; 0.081      ; 0.909      ;
; 0.644 ; next_addr[6]    ; next_addr[6]      ; clk          ; clk         ; 0.000        ; 0.098      ; 0.928      ;
; 0.644 ; next_addr[12]   ; next_addr[12]     ; clk          ; clk         ; 0.000        ; 0.098      ; 0.928      ;
; 0.644 ; next_addr[8]    ; next_addr[8]      ; clk          ; clk         ; 0.000        ; 0.098      ; 0.928      ;
; 0.644 ; next_addr[10]   ; next_addr[10]     ; clk          ; clk         ; 0.000        ; 0.098      ; 0.928      ;
; 0.646 ; next_addr[1]    ; next_addr[1]      ; clk          ; clk         ; 0.000        ; 0.098      ; 0.930      ;
; 0.647 ; next_addr[3]    ; next_addr[3]      ; clk          ; clk         ; 0.000        ; 0.098      ; 0.931      ;
; 0.652 ; next_addr[2]    ; next_addr[2]      ; clk          ; clk         ; 0.000        ; 0.098      ; 0.936      ;
; 0.674 ; next_addr[0]    ; next_addr[0]      ; clk          ; clk         ; 0.000        ; 0.098      ; 0.958      ;
; 0.745 ; valid_count[31] ; state.DONE_ST     ; clk          ; clk         ; 0.000        ; 0.082      ; 1.013      ;
; 0.834 ; state.WARMUP    ; state.RUN         ; clk          ; clk         ; 0.000        ; 0.082      ; 1.102      ;
; 0.848 ; state.RUN       ; valid_count[31]   ; clk          ; clk         ; 0.000        ; 0.081      ; 1.115      ;
; 0.850 ; state.RUN       ; out_valid~reg0    ; clk          ; clk         ; 0.000        ; 0.081      ; 1.117      ;
; 0.853 ; state.RUN       ; state.DONE_ST     ; clk          ; clk         ; 0.000        ; 0.081      ; 1.120      ;
; 0.855 ; state.WARMUP    ; out_valid~reg0    ; clk          ; clk         ; 0.000        ; 0.081      ; 1.122      ;
; 0.896 ; valid_count[31] ; out_valid~reg0    ; clk          ; clk         ; 0.000        ; 0.082      ; 1.164      ;
; 0.908 ; state.DONE_ST   ; valid_count[9]    ; clk          ; clk         ; 0.000        ; 0.082      ; 1.176      ;
; 0.938 ; state.RUN       ; state.IDLE        ; clk          ; clk         ; 0.000        ; 0.082      ; 1.206      ;
; 0.956 ; next_addr[11]   ; next_addr[12]     ; clk          ; clk         ; 0.000        ; 0.098      ; 1.240      ;
; 0.957 ; next_addr[9]    ; next_addr[10]     ; clk          ; clk         ; 0.000        ; 0.098      ; 1.241      ;
; 0.958 ; next_addr[5]    ; next_addr[6]      ; clk          ; clk         ; 0.000        ; 0.098      ; 1.242      ;
; 0.958 ; next_addr[7]    ; next_addr[8]      ; clk          ; clk         ; 0.000        ; 0.098      ; 1.242      ;
; 0.964 ; next_addr[1]    ; next_addr[2]      ; clk          ; clk         ; 0.000        ; 0.098      ; 1.248      ;
; 0.965 ; next_addr[3]    ; next_addr[4]      ; clk          ; clk         ; 0.000        ; 0.098      ; 1.249      ;
; 0.967 ; next_addr[4]    ; next_addr[5]      ; clk          ; clk         ; 0.000        ; 0.098      ; 1.251      ;
; 0.971 ; next_addr[10]   ; next_addr[11]     ; clk          ; clk         ; 0.000        ; 0.098      ; 1.255      ;
; 0.971 ; next_addr[8]    ; next_addr[9]      ; clk          ; clk         ; 0.000        ; 0.098      ; 1.255      ;
; 0.971 ; next_addr[12]   ; next_addr[13]     ; clk          ; clk         ; 0.000        ; 0.098      ; 1.255      ;
; 0.971 ; next_addr[6]    ; next_addr[7]      ; clk          ; clk         ; 0.000        ; 0.098      ; 1.255      ;
; 0.972 ; next_addr[4]    ; next_addr[6]      ; clk          ; clk         ; 0.000        ; 0.098      ; 1.256      ;
; 0.976 ; next_addr[10]   ; next_addr[12]     ; clk          ; clk         ; 0.000        ; 0.098      ; 1.260      ;
; 0.976 ; next_addr[8]    ; next_addr[10]     ; clk          ; clk         ; 0.000        ; 0.098      ; 1.260      ;
; 0.976 ; next_addr[6]    ; next_addr[8]      ; clk          ; clk         ; 0.000        ; 0.098      ; 1.260      ;
; 0.978 ; next_addr[0]    ; next_addr[1]      ; clk          ; clk         ; 0.000        ; 0.098      ; 1.262      ;
; 0.979 ; next_addr[2]    ; next_addr[3]      ; clk          ; clk         ; 0.000        ; 0.098      ; 1.263      ;
; 0.983 ; next_addr[0]    ; next_addr[2]      ; clk          ; clk         ; 0.000        ; 0.098      ; 1.267      ;
; 0.984 ; next_addr[2]    ; next_addr[4]      ; clk          ; clk         ; 0.000        ; 0.098      ; 1.268      ;
; 1.024 ; next_addr[8]    ; rom_addr[8]~reg0  ; clk          ; clk         ; 0.000        ; -0.302     ; 0.908      ;
; 1.041 ; valid_count[31] ; valid_count[31]   ; clk          ; clk         ; 0.000        ; 0.082      ; 1.309      ;
; 1.058 ; state.IDLE      ; rom_addr[9]~reg0  ; clk          ; clk         ; 0.000        ; 0.080      ; 1.324      ;
; 1.059 ; state.IDLE      ; rom_addr[13]~reg0 ; clk          ; clk         ; 0.000        ; 0.080      ; 1.325      ;
; 1.059 ; state.IDLE      ; rom_addr[11]~reg0 ; clk          ; clk         ; 0.000        ; 0.080      ; 1.325      ;
; 1.059 ; state.IDLE      ; rom_addr[10]~reg0 ; clk          ; clk         ; 0.000        ; 0.080      ; 1.325      ;
; 1.059 ; state.IDLE      ; rom_addr[6]~reg0  ; clk          ; clk         ; 0.000        ; 0.080      ; 1.325      ;
; 1.060 ; state.IDLE      ; rom_addr[12]~reg0 ; clk          ; clk         ; 0.000        ; 0.080      ; 1.326      ;
; 1.060 ; state.IDLE      ; rom_addr[7]~reg0  ; clk          ; clk         ; 0.000        ; 0.080      ; 1.326      ;
; 1.060 ; state.IDLE      ; rom_addr[5]~reg0  ; clk          ; clk         ; 0.000        ; 0.080      ; 1.326      ;
; 1.060 ; state.IDLE      ; rom_addr[4]~reg0  ; clk          ; clk         ; 0.000        ; 0.080      ; 1.326      ;
; 1.060 ; state.IDLE      ; rom_addr[1]~reg0  ; clk          ; clk         ; 0.000        ; 0.080      ; 1.326      ;
; 1.061 ; state.IDLE      ; rom_addr[3]~reg0  ; clk          ; clk         ; 0.000        ; 0.080      ; 1.327      ;
; 1.061 ; state.IDLE      ; rom_addr[2]~reg0  ; clk          ; clk         ; 0.000        ; 0.080      ; 1.327      ;
; 1.067 ; valid_count[31] ; valid_count[9]    ; clk          ; clk         ; 0.000        ; 0.082      ; 1.335      ;
; 1.070 ; state.DONE_ST   ; state.IDLE        ; clk          ; clk         ; 0.000        ; 0.083      ; 1.339      ;
; 1.074 ; state.RUN       ; valid_count[28]   ; clk          ; clk         ; 0.000        ; 0.509      ; 1.769      ;
; 1.077 ; next_addr[11]   ; next_addr[13]     ; clk          ; clk         ; 0.000        ; 0.098      ; 1.361      ;
; 1.078 ; next_addr[9]    ; next_addr[11]     ; clk          ; clk         ; 0.000        ; 0.098      ; 1.362      ;
; 1.079 ; next_addr[7]    ; next_addr[9]      ; clk          ; clk         ; 0.000        ; 0.098      ; 1.363      ;
; 1.079 ; next_addr[5]    ; next_addr[7]      ; clk          ; clk         ; 0.000        ; 0.098      ; 1.363      ;
; 1.083 ; next_addr[9]    ; next_addr[12]     ; clk          ; clk         ; 0.000        ; 0.098      ; 1.367      ;
; 1.084 ; next_addr[7]    ; next_addr[10]     ; clk          ; clk         ; 0.000        ; 0.098      ; 1.368      ;
; 1.084 ; next_addr[5]    ; next_addr[8]      ; clk          ; clk         ; 0.000        ; 0.098      ; 1.368      ;
+-------+-----------------+-------------------+--------------+-------------+--------------+------------+------------+


-----------------------------------------------
; Slow 1200mV 85C Model Metastability Summary ;
-----------------------------------------------
No synchronizer chains to report.


+--------------------------------------------------+
; Slow 1200mV 0C Model Fmax Summary                ;
+------------+-----------------+------------+------+
; Fmax       ; Restricted Fmax ; Clock Name ; Note ;
+------------+-----------------+------------+------+
; 227.74 MHz ; 227.74 MHz      ; clk        ;      ;
+------------+-----------------+------------+------+
This panel reports FMAX for every clock in the design, regardless of the user-specified clock periods.  FMAX is only computed for paths where the source and destination registers or ports are driven by the same clock.  Paths of different clocks, including generated clocks, are ignored.  For paths between a clock and its inversion, FMAX is computed as if the rising and falling edges are scaled along with FMAX, such that the duty cycle (in terms of a percentage) is maintained. Altera recommends that you always use clock constraints and other slack reports for sign-off analysis.


+------------------------------------+
; Slow 1200mV 0C Model Setup Summary ;
+-------+--------+-------------------+
; Clock ; Slack  ; End Point TNS     ;
+-------+--------+-------------------+
; clk   ; -3.391 ; -196.872          ;
+-------+--------+-------------------+


+-----------------------------------+
; Slow 1200mV 0C Model Hold Summary ;
+-------+-------+-------------------+
; Clock ; Slack ; End Point TNS     ;
+-------+-------+-------------------+
; clk   ; 0.337 ; 0.000             ;
+-------+-------+-------------------+


-----------------------------------------
; Slow 1200mV 0C Model Recovery Summary ;
-----------------------------------------
No paths to report.


----------------------------------------
; Slow 1200mV 0C Model Removal Summary ;
----------------------------------------
No paths to report.


+--------------------------------------------------+
; Slow 1200mV 0C Model Minimum Pulse Width Summary ;
+-------+--------+---------------------------------+
; Clock ; Slack  ; End Point TNS                   ;
+-------+--------+---------------------------------+
; clk   ; -3.000 ; -87.810                         ;
+-------+--------+---------------------------------+


+--------------------------------------------------------------------------------------------------------------------+
; Slow 1200mV 0C Model Setup: 'clk'                                                                                  ;
+--------+-----------------+-------------------+--------------+-------------+--------------+------------+------------+
; Slack  ; From Node       ; To Node           ; Launch Clock ; Latch Clock ; Relationship ; Clock Skew ; Data Delay ;
+--------+-----------------+-------------------+--------------+-------------+--------------+------------+------------+
; -3.391 ; valid_count[4]  ; valid_count[31]   ; clk          ; clk         ; 1.000        ; -0.073     ; 4.317      ;
; -3.316 ; valid_count[2]  ; valid_count[31]   ; clk          ; clk         ; 1.000        ; -0.071     ; 4.244      ;
; -3.306 ; valid_count[1]  ; valid_count[31]   ; clk          ; clk         ; 1.000        ; -0.071     ; 4.234      ;
; -3.268 ; valid_count[0]  ; valid_count[31]   ; clk          ; clk         ; 1.000        ; -0.072     ; 4.195      ;
; -3.219 ; valid_count[28] ; rom_addr[13]~reg0 ; clk          ; clk         ; 1.000        ; -0.469     ; 3.749      ;
; -3.219 ; valid_count[28] ; rom_addr[12]~reg0 ; clk          ; clk         ; 1.000        ; -0.469     ; 3.749      ;
; -3.219 ; valid_count[28] ; rom_addr[11]~reg0 ; clk          ; clk         ; 1.000        ; -0.469     ; 3.749      ;
; -3.219 ; valid_count[28] ; rom_addr[10]~reg0 ; clk          ; clk         ; 1.000        ; -0.469     ; 3.749      ;
; -3.219 ; valid_count[28] ; rom_addr[9]~reg0  ; clk          ; clk         ; 1.000        ; -0.469     ; 3.749      ;
; -3.219 ; valid_count[28] ; rom_addr[8]~reg0  ; clk          ; clk         ; 1.000        ; -0.469     ; 3.749      ;
; -3.219 ; valid_count[28] ; rom_addr[7]~reg0  ; clk          ; clk         ; 1.000        ; -0.469     ; 3.749      ;
; -3.219 ; valid_count[28] ; rom_addr[6]~reg0  ; clk          ; clk         ; 1.000        ; -0.469     ; 3.749      ;
; -3.219 ; valid_count[28] ; rom_addr[5]~reg0  ; clk          ; clk         ; 1.000        ; -0.469     ; 3.749      ;
; -3.219 ; valid_count[28] ; rom_addr[4]~reg0  ; clk          ; clk         ; 1.000        ; -0.469     ; 3.749      ;
; -3.219 ; valid_count[28] ; rom_addr[3]~reg0  ; clk          ; clk         ; 1.000        ; -0.469     ; 3.749      ;
; -3.219 ; valid_count[28] ; rom_addr[2]~reg0  ; clk          ; clk         ; 1.000        ; -0.469     ; 3.749      ;
; -3.219 ; valid_count[28] ; rom_addr[1]~reg0  ; clk          ; clk         ; 1.000        ; -0.469     ; 3.749      ;
; -3.219 ; valid_count[28] ; valid_count[12]   ; clk          ; clk         ; 1.000        ; -0.468     ; 3.750      ;
; -3.192 ; valid_count[3]  ; valid_count[31]   ; clk          ; clk         ; 1.000        ; -0.071     ; 4.120      ;
; -3.178 ; valid_count[28] ; next_addr[0]      ; clk          ; clk         ; 1.000        ; -0.118     ; 4.059      ;
; -3.178 ; valid_count[28] ; next_addr[5]      ; clk          ; clk         ; 1.000        ; -0.118     ; 4.059      ;
; -3.178 ; valid_count[28] ; next_addr[1]      ; clk          ; clk         ; 1.000        ; -0.118     ; 4.059      ;
; -3.178 ; valid_count[28] ; next_addr[2]      ; clk          ; clk         ; 1.000        ; -0.118     ; 4.059      ;
; -3.178 ; valid_count[28] ; next_addr[3]      ; clk          ; clk         ; 1.000        ; -0.118     ; 4.059      ;
; -3.178 ; valid_count[28] ; next_addr[4]      ; clk          ; clk         ; 1.000        ; -0.118     ; 4.059      ;
; -3.178 ; valid_count[28] ; next_addr[6]      ; clk          ; clk         ; 1.000        ; -0.118     ; 4.059      ;
; -3.178 ; valid_count[28] ; next_addr[7]      ; clk          ; clk         ; 1.000        ; -0.118     ; 4.059      ;
; -3.178 ; valid_count[28] ; next_addr[12]     ; clk          ; clk         ; 1.000        ; -0.118     ; 4.059      ;
; -3.178 ; valid_count[28] ; next_addr[8]      ; clk          ; clk         ; 1.000        ; -0.118     ; 4.059      ;
; -3.178 ; valid_count[28] ; next_addr[9]      ; clk          ; clk         ; 1.000        ; -0.118     ; 4.059      ;
; -3.178 ; valid_count[28] ; next_addr[10]     ; clk          ; clk         ; 1.000        ; -0.118     ; 4.059      ;
; -3.178 ; valid_count[28] ; next_addr[11]     ; clk          ; clk         ; 1.000        ; -0.118     ; 4.059      ;
; -3.178 ; valid_count[28] ; next_addr[13]     ; clk          ; clk         ; 1.000        ; -0.118     ; 4.059      ;
; -3.152 ; valid_count[28] ; valid_count[30]   ; clk          ; clk         ; 1.000        ; -0.468     ; 3.683      ;
; -3.151 ; valid_count[28] ; valid_count[29]   ; clk          ; clk         ; 1.000        ; -0.468     ; 3.682      ;
; -3.094 ; valid_count[28] ; valid_count[13]   ; clk          ; clk         ; 1.000        ; -0.469     ; 3.624      ;
; -3.093 ; valid_count[28] ; valid_count[5]    ; clk          ; clk         ; 1.000        ; -0.469     ; 3.623      ;
; -3.093 ; valid_count[28] ; valid_count[6]    ; clk          ; clk         ; 1.000        ; -0.469     ; 3.623      ;
; -3.092 ; valid_count[28] ; valid_count[1]    ; clk          ; clk         ; 1.000        ; -0.469     ; 3.622      ;
; -3.092 ; valid_count[28] ; valid_count[3]    ; clk          ; clk         ; 1.000        ; -0.469     ; 3.622      ;
; -3.092 ; valid_count[28] ; valid_count[7]    ; clk          ; clk         ; 1.000        ; -0.469     ; 3.622      ;
; -3.092 ; valid_count[28] ; valid_count[8]    ; clk          ; clk         ; 1.000        ; -0.469     ; 3.622      ;
; -3.091 ; valid_count[28] ; valid_count[2]    ; clk          ; clk         ; 1.000        ; -0.469     ; 3.621      ;
; -3.088 ; valid_count[28] ; valid_count[0]    ; clk          ; clk         ; 1.000        ; -0.469     ; 3.618      ;
; -3.075 ; valid_count[6]  ; valid_count[31]   ; clk          ; clk         ; 1.000        ; -0.071     ; 4.003      ;
; -3.068 ; valid_count[5]  ; valid_count[31]   ; clk          ; clk         ; 1.000        ; -0.071     ; 3.996      ;
; -3.039 ; valid_count[28] ; valid_count[26]   ; clk          ; clk         ; 1.000        ; -0.467     ; 3.571      ;
; -3.038 ; valid_count[28] ; valid_count[22]   ; clk          ; clk         ; 1.000        ; -0.467     ; 3.570      ;
; -3.038 ; valid_count[28] ; valid_count[21]   ; clk          ; clk         ; 1.000        ; -0.467     ; 3.570      ;
; -3.037 ; valid_count[28] ; valid_count[20]   ; clk          ; clk         ; 1.000        ; -0.467     ; 3.569      ;
; -3.033 ; valid_count[28] ; valid_count[23]   ; clk          ; clk         ; 1.000        ; -0.467     ; 3.565      ;
; -3.031 ; valid_count[28] ; valid_count[25]   ; clk          ; clk         ; 1.000        ; -0.467     ; 3.563      ;
; -3.031 ; valid_count[12] ; valid_count[31]   ; clk          ; clk         ; 1.000        ; -0.073     ; 3.957      ;
; -3.004 ; valid_count[8]  ; valid_count[31]   ; clk          ; clk         ; 1.000        ; -0.071     ; 3.932      ;
; -2.989 ; valid_count[11] ; valid_count[31]   ; clk          ; clk         ; 1.000        ; -0.073     ; 3.915      ;
; -2.980 ; valid_count[7]  ; valid_count[31]   ; clk          ; clk         ; 1.000        ; -0.071     ; 3.908      ;
; -2.976 ; valid_count[30] ; valid_count[12]   ; clk          ; clk         ; 1.000        ; -0.073     ; 3.902      ;
; -2.976 ; valid_count[29] ; valid_count[12]   ; clk          ; clk         ; 1.000        ; -0.073     ; 3.902      ;
; -2.974 ; valid_count[30] ; rom_addr[13]~reg0 ; clk          ; clk         ; 1.000        ; -0.074     ; 3.899      ;
; -2.974 ; valid_count[30] ; rom_addr[12]~reg0 ; clk          ; clk         ; 1.000        ; -0.074     ; 3.899      ;
; -2.974 ; valid_count[30] ; rom_addr[11]~reg0 ; clk          ; clk         ; 1.000        ; -0.074     ; 3.899      ;
; -2.974 ; valid_count[30] ; rom_addr[10]~reg0 ; clk          ; clk         ; 1.000        ; -0.074     ; 3.899      ;
; -2.974 ; valid_count[30] ; rom_addr[9]~reg0  ; clk          ; clk         ; 1.000        ; -0.074     ; 3.899      ;
; -2.974 ; valid_count[30] ; rom_addr[8]~reg0  ; clk          ; clk         ; 1.000        ; -0.074     ; 3.899      ;
; -2.974 ; valid_count[30] ; rom_addr[7]~reg0  ; clk          ; clk         ; 1.000        ; -0.074     ; 3.899      ;
; -2.974 ; valid_count[30] ; rom_addr[6]~reg0  ; clk          ; clk         ; 1.000        ; -0.074     ; 3.899      ;
; -2.974 ; valid_count[30] ; rom_addr[5]~reg0  ; clk          ; clk         ; 1.000        ; -0.074     ; 3.899      ;
; -2.974 ; valid_count[30] ; rom_addr[4]~reg0  ; clk          ; clk         ; 1.000        ; -0.074     ; 3.899      ;
; -2.974 ; valid_count[30] ; rom_addr[3]~reg0  ; clk          ; clk         ; 1.000        ; -0.074     ; 3.899      ;
; -2.974 ; valid_count[30] ; rom_addr[2]~reg0  ; clk          ; clk         ; 1.000        ; -0.074     ; 3.899      ;
; -2.974 ; valid_count[30] ; rom_addr[1]~reg0  ; clk          ; clk         ; 1.000        ; -0.074     ; 3.899      ;
; -2.969 ; valid_count[29] ; rom_addr[13]~reg0 ; clk          ; clk         ; 1.000        ; -0.074     ; 3.894      ;
; -2.969 ; valid_count[29] ; rom_addr[12]~reg0 ; clk          ; clk         ; 1.000        ; -0.074     ; 3.894      ;
; -2.969 ; valid_count[29] ; rom_addr[11]~reg0 ; clk          ; clk         ; 1.000        ; -0.074     ; 3.894      ;
; -2.969 ; valid_count[29] ; rom_addr[10]~reg0 ; clk          ; clk         ; 1.000        ; -0.074     ; 3.894      ;
; -2.969 ; valid_count[29] ; rom_addr[9]~reg0  ; clk          ; clk         ; 1.000        ; -0.074     ; 3.894      ;
; -2.969 ; valid_count[29] ; rom_addr[8]~reg0  ; clk          ; clk         ; 1.000        ; -0.074     ; 3.894      ;
; -2.969 ; valid_count[29] ; rom_addr[7]~reg0  ; clk          ; clk         ; 1.000        ; -0.074     ; 3.894      ;
; -2.969 ; valid_count[29] ; rom_addr[6]~reg0  ; clk          ; clk         ; 1.000        ; -0.074     ; 3.894      ;
; -2.969 ; valid_count[29] ; rom_addr[5]~reg0  ; clk          ; clk         ; 1.000        ; -0.074     ; 3.894      ;
; -2.969 ; valid_count[29] ; rom_addr[4]~reg0  ; clk          ; clk         ; 1.000        ; -0.074     ; 3.894      ;
; -2.969 ; valid_count[29] ; rom_addr[3]~reg0  ; clk          ; clk         ; 1.000        ; -0.074     ; 3.894      ;
; -2.969 ; valid_count[29] ; rom_addr[2]~reg0  ; clk          ; clk         ; 1.000        ; -0.074     ; 3.894      ;
; -2.969 ; valid_count[29] ; rom_addr[1]~reg0  ; clk          ; clk         ; 1.000        ; -0.074     ; 3.894      ;
; -2.966 ; valid_count[28] ; valid_count[4]    ; clk          ; clk         ; 1.000        ; -0.468     ; 3.497      ;
; -2.964 ; valid_count[28] ; valid_count[11]   ; clk          ; clk         ; 1.000        ; -0.468     ; 3.495      ;
; -2.952 ; valid_count[28] ; valid_count[27]   ; clk          ; clk         ; 1.000        ; -0.468     ; 3.483      ;
; -2.941 ; valid_count[4]  ; valid_count[27]   ; clk          ; clk         ; 1.000        ; -0.073     ; 3.867      ;
; -2.933 ; valid_count[30] ; next_addr[0]      ; clk          ; clk         ; 1.000        ; 0.277      ; 4.209      ;
; -2.933 ; valid_count[30] ; next_addr[5]      ; clk          ; clk         ; 1.000        ; 0.277      ; 4.209      ;
; -2.933 ; valid_count[30] ; next_addr[1]      ; clk          ; clk         ; 1.000        ; 0.277      ; 4.209      ;
; -2.933 ; valid_count[30] ; next_addr[2]      ; clk          ; clk         ; 1.000        ; 0.277      ; 4.209      ;
; -2.933 ; valid_count[30] ; next_addr[3]      ; clk          ; clk         ; 1.000        ; 0.277      ; 4.209      ;
; -2.933 ; valid_count[30] ; next_addr[4]      ; clk          ; clk         ; 1.000        ; 0.277      ; 4.209      ;
; -2.933 ; valid_count[30] ; next_addr[6]      ; clk          ; clk         ; 1.000        ; 0.277      ; 4.209      ;
; -2.933 ; valid_count[30] ; next_addr[7]      ; clk          ; clk         ; 1.000        ; 0.277      ; 4.209      ;
; -2.933 ; valid_count[30] ; next_addr[12]     ; clk          ; clk         ; 1.000        ; 0.277      ; 4.209      ;
; -2.933 ; valid_count[30] ; next_addr[8]      ; clk          ; clk         ; 1.000        ; 0.277      ; 4.209      ;
; -2.933 ; valid_count[30] ; next_addr[9]      ; clk          ; clk         ; 1.000        ; 0.277      ; 4.209      ;
; -2.933 ; valid_count[30] ; next_addr[10]     ; clk          ; clk         ; 1.000        ; 0.277      ; 4.209      ;
+--------+-----------------+-------------------+--------------+-------------+--------------+------------+------------+


+-------------------------------------------------------------------------------------------------------------------+
; Slow 1200mV 0C Model Hold: 'clk'                                                                                  ;
+-------+-----------------+-------------------+--------------+-------------+--------------+------------+------------+
; Slack ; From Node       ; To Node           ; Launch Clock ; Latch Clock ; Relationship ; Clock Skew ; Data Delay ;
+-------+-----------------+-------------------+--------------+-------------+--------------+------------+------------+
; 0.337 ; valid_count[17] ; valid_count[17]   ; clk          ; clk         ; 0.000        ; 0.089      ; 0.597      ;
; 0.338 ; valid_count[28] ; valid_count[28]   ; clk          ; clk         ; 0.000        ; 0.088      ; 0.597      ;
; 0.353 ; valid_count[18] ; valid_count[18]   ; clk          ; clk         ; 0.000        ; 0.073      ; 0.597      ;
; 0.353 ; valid_count[30] ; valid_count[30]   ; clk          ; clk         ; 0.000        ; 0.073      ; 0.597      ;
; 0.353 ; valid_count[29] ; valid_count[29]   ; clk          ; clk         ; 0.000        ; 0.073      ; 0.597      ;
; 0.353 ; valid_count[27] ; valid_count[27]   ; clk          ; clk         ; 0.000        ; 0.073      ; 0.597      ;
; 0.353 ; valid_count[26] ; valid_count[26]   ; clk          ; clk         ; 0.000        ; 0.073      ; 0.597      ;
; 0.353 ; valid_count[25] ; valid_count[25]   ; clk          ; clk         ; 0.000        ; 0.073      ; 0.597      ;
; 0.353 ; valid_count[24] ; valid_count[24]   ; clk          ; clk         ; 0.000        ; 0.073      ; 0.597      ;
; 0.353 ; valid_count[23] ; valid_count[23]   ; clk          ; clk         ; 0.000        ; 0.073      ; 0.597      ;
; 0.353 ; valid_count[22] ; valid_count[22]   ; clk          ; clk         ; 0.000        ; 0.073      ; 0.597      ;
; 0.353 ; valid_count[21] ; valid_count[21]   ; clk          ; clk         ; 0.000        ; 0.073      ; 0.597      ;
; 0.353 ; valid_count[20] ; valid_count[20]   ; clk          ; clk         ; 0.000        ; 0.073      ; 0.597      ;
; 0.353 ; valid_count[19] ; valid_count[19]   ; clk          ; clk         ; 0.000        ; 0.073      ; 0.597      ;
; 0.353 ; state.RUN       ; state.RUN         ; clk          ; clk         ; 0.000        ; 0.073      ; 0.597      ;
; 0.353 ; state.IDLE      ; state.IDLE        ; clk          ; clk         ; 0.000        ; 0.073      ; 0.597      ;
; 0.353 ; valid_count[14] ; valid_count[14]   ; clk          ; clk         ; 0.000        ; 0.073      ; 0.597      ;
; 0.353 ; valid_count[10] ; valid_count[10]   ; clk          ; clk         ; 0.000        ; 0.073      ; 0.597      ;
; 0.353 ; valid_count[15] ; valid_count[15]   ; clk          ; clk         ; 0.000        ; 0.073      ; 0.597      ;
; 0.353 ; valid_count[16] ; valid_count[16]   ; clk          ; clk         ; 0.000        ; 0.073      ; 0.597      ;
; 0.353 ; valid_count[4]  ; valid_count[4]    ; clk          ; clk         ; 0.000        ; 0.073      ; 0.597      ;
; 0.353 ; valid_count[9]  ; valid_count[9]    ; clk          ; clk         ; 0.000        ; 0.073      ; 0.597      ;
; 0.353 ; valid_count[11] ; valid_count[11]   ; clk          ; clk         ; 0.000        ; 0.073      ; 0.597      ;
; 0.353 ; valid_count[12] ; valid_count[12]   ; clk          ; clk         ; 0.000        ; 0.073      ; 0.597      ;
; 0.354 ; valid_count[1]  ; valid_count[1]    ; clk          ; clk         ; 0.000        ; 0.072      ; 0.597      ;
; 0.354 ; valid_count[2]  ; valid_count[2]    ; clk          ; clk         ; 0.000        ; 0.072      ; 0.597      ;
; 0.354 ; valid_count[3]  ; valid_count[3]    ; clk          ; clk         ; 0.000        ; 0.072      ; 0.597      ;
; 0.354 ; valid_count[5]  ; valid_count[5]    ; clk          ; clk         ; 0.000        ; 0.072      ; 0.597      ;
; 0.354 ; valid_count[6]  ; valid_count[6]    ; clk          ; clk         ; 0.000        ; 0.072      ; 0.597      ;
; 0.354 ; valid_count[7]  ; valid_count[7]    ; clk          ; clk         ; 0.000        ; 0.072      ; 0.597      ;
; 0.354 ; valid_count[8]  ; valid_count[8]    ; clk          ; clk         ; 0.000        ; 0.072      ; 0.597      ;
; 0.354 ; valid_count[13] ; valid_count[13]   ; clk          ; clk         ; 0.000        ; 0.072      ; 0.597      ;
; 0.398 ; state.IDLE      ; state.WARMUP      ; clk          ; clk         ; 0.000        ; 0.073      ; 0.642      ;
; 0.584 ; next_addr[11]   ; next_addr[11]     ; clk          ; clk         ; 0.000        ; 0.087      ; 0.842      ;
; 0.585 ; next_addr[9]    ; next_addr[9]      ; clk          ; clk         ; 0.000        ; 0.087      ; 0.843      ;
; 0.585 ; next_addr[13]   ; next_addr[13]     ; clk          ; clk         ; 0.000        ; 0.087      ; 0.843      ;
; 0.586 ; next_addr[4]    ; next_addr[4]      ; clk          ; clk         ; 0.000        ; 0.087      ; 0.844      ;
; 0.588 ; next_addr[5]    ; next_addr[5]      ; clk          ; clk         ; 0.000        ; 0.087      ; 0.846      ;
; 0.588 ; next_addr[7]    ; next_addr[7]      ; clk          ; clk         ; 0.000        ; 0.087      ; 0.846      ;
; 0.589 ; next_addr[12]   ; next_addr[12]     ; clk          ; clk         ; 0.000        ; 0.087      ; 0.847      ;
; 0.590 ; next_addr[6]    ; next_addr[6]      ; clk          ; clk         ; 0.000        ; 0.087      ; 0.848      ;
; 0.590 ; next_addr[8]    ; next_addr[8]      ; clk          ; clk         ; 0.000        ; 0.087      ; 0.848      ;
; 0.590 ; next_addr[10]   ; next_addr[10]     ; clk          ; clk         ; 0.000        ; 0.087      ; 0.848      ;
; 0.591 ; next_addr[1]    ; next_addr[1]      ; clk          ; clk         ; 0.000        ; 0.087      ; 0.849      ;
; 0.593 ; next_addr[3]    ; next_addr[3]      ; clk          ; clk         ; 0.000        ; 0.087      ; 0.851      ;
; 0.597 ; next_addr[2]    ; next_addr[2]      ; clk          ; clk         ; 0.000        ; 0.087      ; 0.855      ;
; 0.600 ; state.IDLE      ; rom_addr[0]~reg0  ; clk          ; clk         ; 0.000        ; 0.072      ; 0.843      ;
; 0.617 ; next_addr[0]    ; next_addr[0]      ; clk          ; clk         ; 0.000        ; 0.087      ; 0.875      ;
; 0.678 ; valid_count[31] ; state.DONE_ST     ; clk          ; clk         ; 0.000        ; 0.073      ; 0.922      ;
; 0.774 ; state.WARMUP    ; state.RUN         ; clk          ; clk         ; 0.000        ; 0.073      ; 1.018      ;
; 0.783 ; state.RUN       ; valid_count[31]   ; clk          ; clk         ; 0.000        ; 0.072      ; 1.026      ;
; 0.785 ; state.RUN       ; out_valid~reg0    ; clk          ; clk         ; 0.000        ; 0.072      ; 1.028      ;
; 0.787 ; state.RUN       ; state.DONE_ST     ; clk          ; clk         ; 0.000        ; 0.072      ; 1.030      ;
; 0.796 ; state.WARMUP    ; out_valid~reg0    ; clk          ; clk         ; 0.000        ; 0.072      ; 1.039      ;
; 0.832 ; valid_count[31] ; out_valid~reg0    ; clk          ; clk         ; 0.000        ; 0.073      ; 1.076      ;
; 0.843 ; state.DONE_ST   ; valid_count[9]    ; clk          ; clk         ; 0.000        ; 0.073      ; 1.087      ;
; 0.845 ; state.RUN       ; state.IDLE        ; clk          ; clk         ; 0.000        ; 0.073      ; 1.089      ;
; 0.870 ; next_addr[11]   ; next_addr[12]     ; clk          ; clk         ; 0.000        ; 0.087      ; 1.128      ;
; 0.871 ; next_addr[9]    ; next_addr[10]     ; clk          ; clk         ; 0.000        ; 0.087      ; 1.129      ;
; 0.874 ; next_addr[4]    ; next_addr[5]      ; clk          ; clk         ; 0.000        ; 0.087      ; 1.132      ;
; 0.875 ; next_addr[5]    ; next_addr[6]      ; clk          ; clk         ; 0.000        ; 0.087      ; 1.133      ;
; 0.875 ; next_addr[7]    ; next_addr[8]      ; clk          ; clk         ; 0.000        ; 0.087      ; 1.133      ;
; 0.877 ; next_addr[1]    ; next_addr[2]      ; clk          ; clk         ; 0.000        ; 0.087      ; 1.135      ;
; 0.877 ; next_addr[12]   ; next_addr[13]     ; clk          ; clk         ; 0.000        ; 0.087      ; 1.135      ;
; 0.878 ; next_addr[10]   ; next_addr[11]     ; clk          ; clk         ; 0.000        ; 0.087      ; 1.136      ;
; 0.878 ; next_addr[8]    ; next_addr[9]      ; clk          ; clk         ; 0.000        ; 0.087      ; 1.136      ;
; 0.878 ; next_addr[6]    ; next_addr[7]      ; clk          ; clk         ; 0.000        ; 0.087      ; 1.136      ;
; 0.879 ; next_addr[3]    ; next_addr[4]      ; clk          ; clk         ; 0.000        ; 0.087      ; 1.137      ;
; 0.884 ; next_addr[0]    ; next_addr[1]      ; clk          ; clk         ; 0.000        ; 0.087      ; 1.142      ;
; 0.885 ; next_addr[2]    ; next_addr[3]      ; clk          ; clk         ; 0.000        ; 0.087      ; 1.143      ;
; 0.885 ; next_addr[4]    ; next_addr[6]      ; clk          ; clk         ; 0.000        ; 0.087      ; 1.143      ;
; 0.889 ; next_addr[10]   ; next_addr[12]     ; clk          ; clk         ; 0.000        ; 0.087      ; 1.147      ;
; 0.889 ; next_addr[8]    ; next_addr[10]     ; clk          ; clk         ; 0.000        ; 0.087      ; 1.147      ;
; 0.889 ; next_addr[6]    ; next_addr[8]      ; clk          ; clk         ; 0.000        ; 0.087      ; 1.147      ;
; 0.895 ; next_addr[0]    ; next_addr[2]      ; clk          ; clk         ; 0.000        ; 0.087      ; 1.153      ;
; 0.896 ; next_addr[2]    ; next_addr[4]      ; clk          ; clk         ; 0.000        ; 0.087      ; 1.154      ;
; 0.940 ; next_addr[8]    ; rom_addr[8]~reg0  ; clk          ; clk         ; 0.000        ; -0.278     ; 0.833      ;
; 0.956 ; valid_count[31] ; valid_count[31]   ; clk          ; clk         ; 0.000        ; 0.073      ; 1.200      ;
; 0.968 ; valid_count[31] ; valid_count[9]    ; clk          ; clk         ; 0.000        ; 0.073      ; 1.212      ;
; 0.969 ; next_addr[11]   ; next_addr[13]     ; clk          ; clk         ; 0.000        ; 0.087      ; 1.227      ;
; 0.970 ; next_addr[9]    ; next_addr[11]     ; clk          ; clk         ; 0.000        ; 0.087      ; 1.228      ;
; 0.973 ; state.IDLE      ; rom_addr[10]~reg0 ; clk          ; clk         ; 0.000        ; 0.071      ; 1.215      ;
; 0.973 ; state.IDLE      ; rom_addr[9]~reg0  ; clk          ; clk         ; 0.000        ; 0.071      ; 1.215      ;
; 0.974 ; state.IDLE      ; rom_addr[13]~reg0 ; clk          ; clk         ; 0.000        ; 0.071      ; 1.216      ;
; 0.974 ; state.IDLE      ; rom_addr[11]~reg0 ; clk          ; clk         ; 0.000        ; 0.071      ; 1.216      ;
; 0.974 ; state.IDLE      ; rom_addr[6]~reg0  ; clk          ; clk         ; 0.000        ; 0.071      ; 1.216      ;
; 0.974 ; state.RUN       ; valid_count[28]   ; clk          ; clk         ; 0.000        ; 0.467      ; 1.612      ;
; 0.974 ; next_addr[7]    ; next_addr[9]      ; clk          ; clk         ; 0.000        ; 0.087      ; 1.232      ;
; 0.974 ; next_addr[5]    ; next_addr[7]      ; clk          ; clk         ; 0.000        ; 0.087      ; 1.232      ;
; 0.975 ; state.IDLE      ; rom_addr[12]~reg0 ; clk          ; clk         ; 0.000        ; 0.071      ; 1.217      ;
; 0.975 ; state.IDLE      ; rom_addr[5]~reg0  ; clk          ; clk         ; 0.000        ; 0.071      ; 1.217      ;
; 0.975 ; state.IDLE      ; rom_addr[4]~reg0  ; clk          ; clk         ; 0.000        ; 0.071      ; 1.217      ;
; 0.975 ; state.IDLE      ; rom_addr[1]~reg0  ; clk          ; clk         ; 0.000        ; 0.071      ; 1.217      ;
; 0.975 ; state.DONE_ST   ; state.IDLE        ; clk          ; clk         ; 0.000        ; 0.074      ; 1.220      ;
; 0.976 ; state.IDLE      ; rom_addr[7]~reg0  ; clk          ; clk         ; 0.000        ; 0.071      ; 1.218      ;
; 0.976 ; state.IDLE      ; rom_addr[3]~reg0  ; clk          ; clk         ; 0.000        ; 0.071      ; 1.218      ;
; 0.976 ; state.IDLE      ; rom_addr[2]~reg0  ; clk          ; clk         ; 0.000        ; 0.071      ; 1.218      ;
; 0.976 ; next_addr[1]    ; next_addr[3]      ; clk          ; clk         ; 0.000        ; 0.087      ; 1.234      ;
; 0.978 ; next_addr[3]    ; next_addr[5]      ; clk          ; clk         ; 0.000        ; 0.087      ; 1.236      ;
; 0.981 ; next_addr[9]    ; next_addr[12]     ; clk          ; clk         ; 0.000        ; 0.087      ; 1.239      ;
+-------+-----------------+-------------------+--------------+-------------+--------------+------------+------------+


----------------------------------------------
; Slow 1200mV 0C Model Metastability Summary ;
----------------------------------------------
No synchronizer chains to report.


+------------------------------------+
; Fast 1200mV 0C Model Setup Summary ;
+-------+--------+-------------------+
; Clock ; Slack  ; End Point TNS     ;
+-------+--------+-------------------+
; clk   ; -1.439 ; -75.856           ;
+-------+--------+-------------------+


+-----------------------------------+
; Fast 1200mV 0C Model Hold Summary ;
+-------+-------+-------------------+
; Clock ; Slack ; End Point TNS     ;
+-------+-------+-------------------+
; clk   ; 0.172 ; 0.000             ;
+-------+-------+-------------------+


-----------------------------------------
; Fast 1200mV 0C Model Recovery Summary ;
-----------------------------------------
No paths to report.


----------------------------------------
; Fast 1200mV 0C Model Removal Summary ;
----------------------------------------
No paths to report.


+--------------------------------------------------+
; Fast 1200mV 0C Model Minimum Pulse Width Summary ;
+-------+--------+---------------------------------+
; Clock ; Slack  ; End Point TNS                   ;
+-------+--------+---------------------------------+
; clk   ; -3.000 ; -73.284                         ;
+-------+--------+---------------------------------+


+--------------------------------------------------------------------------------------------------------------------+
; Fast 1200mV 0C Model Setup: 'clk'                                                                                  ;
+--------+-----------------+-------------------+--------------+-------------+--------------+------------+------------+
; Slack  ; From Node       ; To Node           ; Launch Clock ; Latch Clock ; Relationship ; Clock Skew ; Data Delay ;
+--------+-----------------+-------------------+--------------+-------------+--------------+------------+------------+
; -1.439 ; valid_count[1]  ; valid_count[31]   ; clk          ; clk         ; 1.000        ; -0.041     ; 2.385      ;
; -1.378 ; valid_count[4]  ; valid_count[31]   ; clk          ; clk         ; 1.000        ; -0.042     ; 2.323      ;
; -1.370 ; valid_count[3]  ; valid_count[31]   ; clk          ; clk         ; 1.000        ; -0.041     ; 2.316      ;
; -1.353 ; valid_count[2]  ; valid_count[31]   ; clk          ; clk         ; 1.000        ; -0.041     ; 2.299      ;
; -1.351 ; valid_count[0]  ; valid_count[31]   ; clk          ; clk         ; 1.000        ; -0.041     ; 2.297      ;
; -1.296 ; valid_count[5]  ; valid_count[31]   ; clk          ; clk         ; 1.000        ; -0.041     ; 2.242      ;
; -1.279 ; valid_count[28] ; valid_count[12]   ; clk          ; clk         ; 1.000        ; -0.245     ; 2.021      ;
; -1.263 ; valid_count[28] ; rom_addr[13]~reg0 ; clk          ; clk         ; 1.000        ; -0.247     ; 2.003      ;
; -1.263 ; valid_count[28] ; rom_addr[12]~reg0 ; clk          ; clk         ; 1.000        ; -0.247     ; 2.003      ;
; -1.263 ; valid_count[28] ; rom_addr[11]~reg0 ; clk          ; clk         ; 1.000        ; -0.247     ; 2.003      ;
; -1.263 ; valid_count[28] ; rom_addr[10]~reg0 ; clk          ; clk         ; 1.000        ; -0.247     ; 2.003      ;
; -1.263 ; valid_count[28] ; rom_addr[9]~reg0  ; clk          ; clk         ; 1.000        ; -0.247     ; 2.003      ;
; -1.263 ; valid_count[28] ; rom_addr[8]~reg0  ; clk          ; clk         ; 1.000        ; -0.247     ; 2.003      ;
; -1.263 ; valid_count[28] ; rom_addr[7]~reg0  ; clk          ; clk         ; 1.000        ; -0.247     ; 2.003      ;
; -1.263 ; valid_count[28] ; rom_addr[6]~reg0  ; clk          ; clk         ; 1.000        ; -0.247     ; 2.003      ;
; -1.263 ; valid_count[28] ; rom_addr[5]~reg0  ; clk          ; clk         ; 1.000        ; -0.247     ; 2.003      ;
; -1.263 ; valid_count[28] ; rom_addr[4]~reg0  ; clk          ; clk         ; 1.000        ; -0.247     ; 2.003      ;
; -1.263 ; valid_count[28] ; rom_addr[3]~reg0  ; clk          ; clk         ; 1.000        ; -0.247     ; 2.003      ;
; -1.263 ; valid_count[28] ; rom_addr[2]~reg0  ; clk          ; clk         ; 1.000        ; -0.247     ; 2.003      ;
; -1.263 ; valid_count[28] ; rom_addr[1]~reg0  ; clk          ; clk         ; 1.000        ; -0.247     ; 2.003      ;
; -1.260 ; valid_count[11] ; valid_count[31]   ; clk          ; clk         ; 1.000        ; -0.042     ; 2.205      ;
; -1.244 ; valid_count[7]  ; valid_count[31]   ; clk          ; clk         ; 1.000        ; -0.041     ; 2.190      ;
; -1.233 ; valid_count[28] ; valid_count[6]    ; clk          ; clk         ; 1.000        ; -0.246     ; 1.974      ;
; -1.232 ; valid_count[28] ; valid_count[8]    ; clk          ; clk         ; 1.000        ; -0.246     ; 1.973      ;
; -1.231 ; valid_count[28] ; valid_count[1]    ; clk          ; clk         ; 1.000        ; -0.246     ; 1.972      ;
; -1.230 ; valid_count[28] ; next_addr[0]      ; clk          ; clk         ; 1.000        ; -0.065     ; 2.152      ;
; -1.230 ; valid_count[28] ; next_addr[5]      ; clk          ; clk         ; 1.000        ; -0.065     ; 2.152      ;
; -1.230 ; valid_count[28] ; next_addr[1]      ; clk          ; clk         ; 1.000        ; -0.065     ; 2.152      ;
; -1.230 ; valid_count[28] ; next_addr[2]      ; clk          ; clk         ; 1.000        ; -0.065     ; 2.152      ;
; -1.230 ; valid_count[28] ; next_addr[3]      ; clk          ; clk         ; 1.000        ; -0.065     ; 2.152      ;
; -1.230 ; valid_count[28] ; next_addr[4]      ; clk          ; clk         ; 1.000        ; -0.065     ; 2.152      ;
; -1.230 ; valid_count[28] ; next_addr[6]      ; clk          ; clk         ; 1.000        ; -0.065     ; 2.152      ;
; -1.230 ; valid_count[28] ; next_addr[7]      ; clk          ; clk         ; 1.000        ; -0.065     ; 2.152      ;
; -1.230 ; valid_count[28] ; next_addr[12]     ; clk          ; clk         ; 1.000        ; -0.065     ; 2.152      ;
; -1.230 ; valid_count[28] ; next_addr[8]      ; clk          ; clk         ; 1.000        ; -0.065     ; 2.152      ;
; -1.230 ; valid_count[28] ; next_addr[9]      ; clk          ; clk         ; 1.000        ; -0.065     ; 2.152      ;
; -1.230 ; valid_count[28] ; next_addr[10]     ; clk          ; clk         ; 1.000        ; -0.065     ; 2.152      ;
; -1.230 ; valid_count[28] ; next_addr[11]     ; clk          ; clk         ; 1.000        ; -0.065     ; 2.152      ;
; -1.230 ; valid_count[28] ; next_addr[13]     ; clk          ; clk         ; 1.000        ; -0.065     ; 2.152      ;
; -1.229 ; valid_count[28] ; valid_count[2]    ; clk          ; clk         ; 1.000        ; -0.246     ; 1.970      ;
; -1.228 ; valid_count[28] ; valid_count[3]    ; clk          ; clk         ; 1.000        ; -0.246     ; 1.969      ;
; -1.228 ; valid_count[28] ; valid_count[7]    ; clk          ; clk         ; 1.000        ; -0.246     ; 1.969      ;
; -1.227 ; valid_count[28] ; valid_count[5]    ; clk          ; clk         ; 1.000        ; -0.246     ; 1.968      ;
; -1.225 ; valid_count[28] ; valid_count[13]   ; clk          ; clk         ; 1.000        ; -0.246     ; 1.966      ;
; -1.213 ; valid_count[6]  ; valid_count[31]   ; clk          ; clk         ; 1.000        ; -0.041     ; 2.159      ;
; -1.210 ; valid_count[28] ; valid_count[30]   ; clk          ; clk         ; 1.000        ; -0.245     ; 1.952      ;
; -1.209 ; valid_count[28] ; valid_count[29]   ; clk          ; clk         ; 1.000        ; -0.245     ; 1.951      ;
; -1.192 ; valid_count[28] ; valid_count[0]    ; clk          ; clk         ; 1.000        ; -0.246     ; 1.933      ;
; -1.188 ; valid_count[1]  ; valid_count[27]   ; clk          ; clk         ; 1.000        ; -0.041     ; 2.134      ;
; -1.182 ; valid_count[1]  ; valid_count[28]   ; clk          ; clk         ; 1.000        ; 0.154      ; 2.323      ;
; -1.171 ; valid_count[1]  ; valid_count[30]   ; clk          ; clk         ; 1.000        ; -0.041     ; 2.117      ;
; -1.164 ; valid_count[15] ; valid_count[31]   ; clk          ; clk         ; 1.000        ; -0.043     ; 2.108      ;
; -1.164 ; valid_count[9]  ; valid_count[31]   ; clk          ; clk         ; 1.000        ; -0.042     ; 2.109      ;
; -1.163 ; valid_count[8]  ; valid_count[31]   ; clk          ; clk         ; 1.000        ; -0.041     ; 2.109      ;
; -1.163 ; valid_count[30] ; valid_count[12]   ; clk          ; clk         ; 1.000        ; -0.042     ; 2.108      ;
; -1.159 ; valid_count[12] ; valid_count[31]   ; clk          ; clk         ; 1.000        ; -0.042     ; 2.104      ;
; -1.159 ; valid_count[29] ; valid_count[12]   ; clk          ; clk         ; 1.000        ; -0.042     ; 2.104      ;
; -1.148 ; valid_count[28] ; valid_count[26]   ; clk          ; clk         ; 1.000        ; -0.244     ; 1.891      ;
; -1.147 ; valid_count[28] ; valid_count[22]   ; clk          ; clk         ; 1.000        ; -0.244     ; 1.890      ;
; -1.147 ; valid_count[30] ; rom_addr[13]~reg0 ; clk          ; clk         ; 1.000        ; -0.044     ; 2.090      ;
; -1.147 ; valid_count[30] ; rom_addr[12]~reg0 ; clk          ; clk         ; 1.000        ; -0.044     ; 2.090      ;
; -1.147 ; valid_count[30] ; rom_addr[11]~reg0 ; clk          ; clk         ; 1.000        ; -0.044     ; 2.090      ;
; -1.147 ; valid_count[30] ; rom_addr[10]~reg0 ; clk          ; clk         ; 1.000        ; -0.044     ; 2.090      ;
; -1.147 ; valid_count[30] ; rom_addr[9]~reg0  ; clk          ; clk         ; 1.000        ; -0.044     ; 2.090      ;
; -1.147 ; valid_count[30] ; rom_addr[8]~reg0  ; clk          ; clk         ; 1.000        ; -0.044     ; 2.090      ;
; -1.147 ; valid_count[30] ; rom_addr[7]~reg0  ; clk          ; clk         ; 1.000        ; -0.044     ; 2.090      ;
; -1.147 ; valid_count[30] ; rom_addr[6]~reg0  ; clk          ; clk         ; 1.000        ; -0.044     ; 2.090      ;
; -1.147 ; valid_count[30] ; rom_addr[5]~reg0  ; clk          ; clk         ; 1.000        ; -0.044     ; 2.090      ;
; -1.147 ; valid_count[30] ; rom_addr[4]~reg0  ; clk          ; clk         ; 1.000        ; -0.044     ; 2.090      ;
; -1.147 ; valid_count[30] ; rom_addr[3]~reg0  ; clk          ; clk         ; 1.000        ; -0.044     ; 2.090      ;
; -1.147 ; valid_count[30] ; rom_addr[2]~reg0  ; clk          ; clk         ; 1.000        ; -0.044     ; 2.090      ;
; -1.147 ; valid_count[30] ; rom_addr[1]~reg0  ; clk          ; clk         ; 1.000        ; -0.044     ; 2.090      ;
; -1.146 ; valid_count[28] ; valid_count[21]   ; clk          ; clk         ; 1.000        ; -0.244     ; 1.889      ;
; -1.146 ; valid_count[28] ; valid_count[20]   ; clk          ; clk         ; 1.000        ; -0.244     ; 1.889      ;
; -1.145 ; valid_count[28] ; valid_count[4]    ; clk          ; clk         ; 1.000        ; -0.245     ; 1.887      ;
; -1.143 ; valid_count[28] ; valid_count[11]   ; clk          ; clk         ; 1.000        ; -0.245     ; 1.885      ;
; -1.143 ; valid_count[29] ; rom_addr[13]~reg0 ; clk          ; clk         ; 1.000        ; -0.044     ; 2.086      ;
; -1.143 ; valid_count[29] ; rom_addr[12]~reg0 ; clk          ; clk         ; 1.000        ; -0.044     ; 2.086      ;
; -1.143 ; valid_count[29] ; rom_addr[11]~reg0 ; clk          ; clk         ; 1.000        ; -0.044     ; 2.086      ;
; -1.143 ; valid_count[29] ; rom_addr[10]~reg0 ; clk          ; clk         ; 1.000        ; -0.044     ; 2.086      ;
; -1.143 ; valid_count[29] ; rom_addr[9]~reg0  ; clk          ; clk         ; 1.000        ; -0.044     ; 2.086      ;
; -1.143 ; valid_count[29] ; rom_addr[8]~reg0  ; clk          ; clk         ; 1.000        ; -0.044     ; 2.086      ;
; -1.143 ; valid_count[29] ; rom_addr[7]~reg0  ; clk          ; clk         ; 1.000        ; -0.044     ; 2.086      ;
; -1.143 ; valid_count[29] ; rom_addr[6]~reg0  ; clk          ; clk         ; 1.000        ; -0.044     ; 2.086      ;
; -1.143 ; valid_count[29] ; rom_addr[5]~reg0  ; clk          ; clk         ; 1.000        ; -0.044     ; 2.086      ;
; -1.143 ; valid_count[29] ; rom_addr[4]~reg0  ; clk          ; clk         ; 1.000        ; -0.044     ; 2.086      ;
; -1.143 ; valid_count[29] ; rom_addr[3]~reg0  ; clk          ; clk         ; 1.000        ; -0.044     ; 2.086      ;
; -1.143 ; valid_count[29] ; rom_addr[2]~reg0  ; clk          ; clk         ; 1.000        ; -0.044     ; 2.086      ;
; -1.143 ; valid_count[29] ; rom_addr[1]~reg0  ; clk          ; clk         ; 1.000        ; -0.044     ; 2.086      ;
; -1.141 ; valid_count[28] ; valid_count[23]   ; clk          ; clk         ; 1.000        ; -0.244     ; 1.884      ;
; -1.140 ; valid_count[28] ; valid_count[25]   ; clk          ; clk         ; 1.000        ; -0.244     ; 1.883      ;
; -1.127 ; valid_count[4]  ; valid_count[27]   ; clk          ; clk         ; 1.000        ; -0.042     ; 2.072      ;
; -1.120 ; valid_count[17] ; valid_count[31]   ; clk          ; clk         ; 1.000        ; -0.246     ; 1.861      ;
; -1.120 ; valid_count[1]  ; valid_count[29]   ; clk          ; clk         ; 1.000        ; -0.041     ; 2.066      ;
; -1.119 ; valid_count[3]  ; valid_count[27]   ; clk          ; clk         ; 1.000        ; -0.041     ; 2.065      ;
; -1.117 ; valid_count[30] ; valid_count[6]    ; clk          ; clk         ; 1.000        ; -0.043     ; 2.061      ;
; -1.116 ; valid_count[30] ; valid_count[8]    ; clk          ; clk         ; 1.000        ; -0.043     ; 2.060      ;
; -1.115 ; valid_count[30] ; valid_count[1]    ; clk          ; clk         ; 1.000        ; -0.043     ; 2.059      ;
; -1.114 ; valid_count[30] ; next_addr[0]      ; clk          ; clk         ; 1.000        ; 0.138      ; 2.239      ;
; -1.114 ; valid_count[30] ; next_addr[5]      ; clk          ; clk         ; 1.000        ; 0.138      ; 2.239      ;
+--------+-----------------+-------------------+--------------+-------------+--------------+------------+------------+


+-------------------------------------------------------------------------------------------------------------------+
; Fast 1200mV 0C Model Hold: 'clk'                                                                                  ;
+-------+-----------------+-------------------+--------------+-------------+--------------+------------+------------+
; Slack ; From Node       ; To Node           ; Launch Clock ; Latch Clock ; Relationship ; Clock Skew ; Data Delay ;
+-------+-----------------+-------------------+--------------+-------------+--------------+------------+------------+
; 0.172 ; valid_count[17] ; valid_count[17]   ; clk          ; clk         ; 0.000        ; 0.051      ; 0.307      ;
; 0.173 ; valid_count[28] ; valid_count[28]   ; clk          ; clk         ; 0.000        ; 0.050      ; 0.307      ;
; 0.181 ; valid_count[18] ; valid_count[18]   ; clk          ; clk         ; 0.000        ; 0.042      ; 0.307      ;
; 0.181 ; valid_count[30] ; valid_count[30]   ; clk          ; clk         ; 0.000        ; 0.042      ; 0.307      ;
; 0.181 ; valid_count[29] ; valid_count[29]   ; clk          ; clk         ; 0.000        ; 0.042      ; 0.307      ;
; 0.181 ; valid_count[27] ; valid_count[27]   ; clk          ; clk         ; 0.000        ; 0.042      ; 0.307      ;
; 0.181 ; valid_count[26] ; valid_count[26]   ; clk          ; clk         ; 0.000        ; 0.042      ; 0.307      ;
; 0.181 ; valid_count[25] ; valid_count[25]   ; clk          ; clk         ; 0.000        ; 0.042      ; 0.307      ;
; 0.181 ; valid_count[24] ; valid_count[24]   ; clk          ; clk         ; 0.000        ; 0.042      ; 0.307      ;
; 0.181 ; valid_count[23] ; valid_count[23]   ; clk          ; clk         ; 0.000        ; 0.042      ; 0.307      ;
; 0.181 ; valid_count[22] ; valid_count[22]   ; clk          ; clk         ; 0.000        ; 0.042      ; 0.307      ;
; 0.181 ; valid_count[21] ; valid_count[21]   ; clk          ; clk         ; 0.000        ; 0.042      ; 0.307      ;
; 0.181 ; valid_count[20] ; valid_count[20]   ; clk          ; clk         ; 0.000        ; 0.042      ; 0.307      ;
; 0.181 ; valid_count[19] ; valid_count[19]   ; clk          ; clk         ; 0.000        ; 0.042      ; 0.307      ;
; 0.181 ; state.RUN       ; state.RUN         ; clk          ; clk         ; 0.000        ; 0.042      ; 0.307      ;
; 0.181 ; state.IDLE      ; state.IDLE        ; clk          ; clk         ; 0.000        ; 0.042      ; 0.307      ;
; 0.181 ; valid_count[14] ; valid_count[14]   ; clk          ; clk         ; 0.000        ; 0.042      ; 0.307      ;
; 0.181 ; valid_count[1]  ; valid_count[1]    ; clk          ; clk         ; 0.000        ; 0.042      ; 0.307      ;
; 0.181 ; valid_count[2]  ; valid_count[2]    ; clk          ; clk         ; 0.000        ; 0.042      ; 0.307      ;
; 0.181 ; valid_count[3]  ; valid_count[3]    ; clk          ; clk         ; 0.000        ; 0.042      ; 0.307      ;
; 0.181 ; valid_count[5]  ; valid_count[5]    ; clk          ; clk         ; 0.000        ; 0.042      ; 0.307      ;
; 0.181 ; valid_count[6]  ; valid_count[6]    ; clk          ; clk         ; 0.000        ; 0.042      ; 0.307      ;
; 0.181 ; valid_count[7]  ; valid_count[7]    ; clk          ; clk         ; 0.000        ; 0.042      ; 0.307      ;
; 0.181 ; valid_count[8]  ; valid_count[8]    ; clk          ; clk         ; 0.000        ; 0.042      ; 0.307      ;
; 0.181 ; valid_count[10] ; valid_count[10]   ; clk          ; clk         ; 0.000        ; 0.042      ; 0.307      ;
; 0.181 ; valid_count[13] ; valid_count[13]   ; clk          ; clk         ; 0.000        ; 0.042      ; 0.307      ;
; 0.181 ; valid_count[15] ; valid_count[15]   ; clk          ; clk         ; 0.000        ; 0.042      ; 0.307      ;
; 0.181 ; valid_count[16] ; valid_count[16]   ; clk          ; clk         ; 0.000        ; 0.042      ; 0.307      ;
; 0.181 ; valid_count[4]  ; valid_count[4]    ; clk          ; clk         ; 0.000        ; 0.042      ; 0.307      ;
; 0.181 ; valid_count[9]  ; valid_count[9]    ; clk          ; clk         ; 0.000        ; 0.042      ; 0.307      ;
; 0.181 ; valid_count[11] ; valid_count[11]   ; clk          ; clk         ; 0.000        ; 0.042      ; 0.307      ;
; 0.181 ; valid_count[12] ; valid_count[12]   ; clk          ; clk         ; 0.000        ; 0.042      ; 0.307      ;
; 0.203 ; state.IDLE      ; state.WARMUP      ; clk          ; clk         ; 0.000        ; 0.042      ; 0.329      ;
; 0.284 ; state.IDLE      ; rom_addr[0]~reg0  ; clk          ; clk         ; 0.000        ; 0.042      ; 0.410      ;
; 0.291 ; next_addr[13]   ; next_addr[13]     ; clk          ; clk         ; 0.000        ; 0.049      ; 0.424      ;
; 0.292 ; next_addr[9]    ; next_addr[9]      ; clk          ; clk         ; 0.000        ; 0.049      ; 0.425      ;
; 0.292 ; next_addr[11]   ; next_addr[11]     ; clk          ; clk         ; 0.000        ; 0.049      ; 0.425      ;
; 0.293 ; next_addr[5]    ; next_addr[5]      ; clk          ; clk         ; 0.000        ; 0.049      ; 0.426      ;
; 0.293 ; next_addr[4]    ; next_addr[4]      ; clk          ; clk         ; 0.000        ; 0.049      ; 0.426      ;
; 0.293 ; next_addr[7]    ; next_addr[7]      ; clk          ; clk         ; 0.000        ; 0.049      ; 0.426      ;
; 0.294 ; next_addr[6]    ; next_addr[6]      ; clk          ; clk         ; 0.000        ; 0.049      ; 0.427      ;
; 0.294 ; next_addr[12]   ; next_addr[12]     ; clk          ; clk         ; 0.000        ; 0.049      ; 0.427      ;
; 0.295 ; next_addr[8]    ; next_addr[8]      ; clk          ; clk         ; 0.000        ; 0.049      ; 0.428      ;
; 0.295 ; next_addr[10]   ; next_addr[10]     ; clk          ; clk         ; 0.000        ; 0.049      ; 0.428      ;
; 0.296 ; next_addr[1]    ; next_addr[1]      ; clk          ; clk         ; 0.000        ; 0.049      ; 0.429      ;
; 0.297 ; next_addr[3]    ; next_addr[3]      ; clk          ; clk         ; 0.000        ; 0.049      ; 0.430      ;
; 0.299 ; next_addr[2]    ; next_addr[2]      ; clk          ; clk         ; 0.000        ; 0.049      ; 0.432      ;
; 0.310 ; next_addr[0]    ; next_addr[0]      ; clk          ; clk         ; 0.000        ; 0.049      ; 0.443      ;
; 0.349 ; valid_count[31] ; state.DONE_ST     ; clk          ; clk         ; 0.000        ; 0.042      ; 0.475      ;
; 0.372 ; state.WARMUP    ; state.RUN         ; clk          ; clk         ; 0.000        ; 0.042      ; 0.498      ;
; 0.380 ; state.WARMUP    ; out_valid~reg0    ; clk          ; clk         ; 0.000        ; 0.042      ; 0.506      ;
; 0.381 ; state.RUN       ; valid_count[31]   ; clk          ; clk         ; 0.000        ; 0.042      ; 0.507      ;
; 0.382 ; state.RUN       ; out_valid~reg0    ; clk          ; clk         ; 0.000        ; 0.042      ; 0.508      ;
; 0.389 ; state.RUN       ; state.DONE_ST     ; clk          ; clk         ; 0.000        ; 0.042      ; 0.515      ;
; 0.403 ; valid_count[31] ; out_valid~reg0    ; clk          ; clk         ; 0.000        ; 0.042      ; 0.529      ;
; 0.411 ; state.DONE_ST   ; valid_count[9]    ; clk          ; clk         ; 0.000        ; 0.042      ; 0.537      ;
; 0.441 ; next_addr[11]   ; next_addr[12]     ; clk          ; clk         ; 0.000        ; 0.049      ; 0.574      ;
; 0.441 ; next_addr[9]    ; next_addr[10]     ; clk          ; clk         ; 0.000        ; 0.049      ; 0.574      ;
; 0.442 ; state.RUN       ; state.IDLE        ; clk          ; clk         ; 0.000        ; 0.042      ; 0.568      ;
; 0.442 ; next_addr[5]    ; next_addr[6]      ; clk          ; clk         ; 0.000        ; 0.049      ; 0.575      ;
; 0.442 ; next_addr[7]    ; next_addr[8]      ; clk          ; clk         ; 0.000        ; 0.049      ; 0.575      ;
; 0.445 ; next_addr[1]    ; next_addr[2]      ; clk          ; clk         ; 0.000        ; 0.049      ; 0.578      ;
; 0.446 ; next_addr[3]    ; next_addr[4]      ; clk          ; clk         ; 0.000        ; 0.049      ; 0.579      ;
; 0.451 ; next_addr[4]    ; next_addr[5]      ; clk          ; clk         ; 0.000        ; 0.049      ; 0.584      ;
; 0.452 ; next_addr[12]   ; next_addr[13]     ; clk          ; clk         ; 0.000        ; 0.049      ; 0.585      ;
; 0.452 ; next_addr[6]    ; next_addr[7]      ; clk          ; clk         ; 0.000        ; 0.049      ; 0.585      ;
; 0.453 ; next_addr[8]    ; next_addr[9]      ; clk          ; clk         ; 0.000        ; 0.049      ; 0.586      ;
; 0.453 ; next_addr[10]   ; next_addr[11]     ; clk          ; clk         ; 0.000        ; 0.049      ; 0.586      ;
; 0.454 ; next_addr[4]    ; next_addr[6]      ; clk          ; clk         ; 0.000        ; 0.049      ; 0.587      ;
; 0.455 ; next_addr[6]    ; next_addr[8]      ; clk          ; clk         ; 0.000        ; 0.049      ; 0.588      ;
; 0.456 ; next_addr[10]   ; next_addr[12]     ; clk          ; clk         ; 0.000        ; 0.049      ; 0.589      ;
; 0.456 ; next_addr[8]    ; next_addr[10]     ; clk          ; clk         ; 0.000        ; 0.049      ; 0.589      ;
; 0.457 ; next_addr[0]    ; next_addr[1]      ; clk          ; clk         ; 0.000        ; 0.049      ; 0.590      ;
; 0.457 ; next_addr[2]    ; next_addr[3]      ; clk          ; clk         ; 0.000        ; 0.049      ; 0.590      ;
; 0.460 ; next_addr[0]    ; next_addr[2]      ; clk          ; clk         ; 0.000        ; 0.049      ; 0.593      ;
; 0.460 ; next_addr[2]    ; next_addr[4]      ; clk          ; clk         ; 0.000        ; 0.049      ; 0.593      ;
; 0.461 ; next_addr[8]    ; rom_addr[8]~reg0  ; clk          ; clk         ; 0.000        ; -0.140     ; 0.405      ;
; 0.475 ; state.RUN       ; valid_count[28]   ; clk          ; clk         ; 0.000        ; 0.245      ; 0.804      ;
; 0.475 ; valid_count[31] ; valid_count[31]   ; clk          ; clk         ; 0.000        ; 0.042      ; 0.601      ;
; 0.483 ; state.IDLE      ; rom_addr[13]~reg0 ; clk          ; clk         ; 0.000        ; 0.040      ; 0.607      ;
; 0.483 ; state.IDLE      ; rom_addr[10]~reg0 ; clk          ; clk         ; 0.000        ; 0.040      ; 0.607      ;
; 0.483 ; state.IDLE      ; rom_addr[9]~reg0  ; clk          ; clk         ; 0.000        ; 0.040      ; 0.607      ;
; 0.483 ; state.IDLE      ; rom_addr[6]~reg0  ; clk          ; clk         ; 0.000        ; 0.040      ; 0.607      ;
; 0.484 ; state.IDLE      ; rom_addr[11]~reg0 ; clk          ; clk         ; 0.000        ; 0.040      ; 0.608      ;
; 0.484 ; state.IDLE      ; rom_addr[1]~reg0  ; clk          ; clk         ; 0.000        ; 0.040      ; 0.608      ;
; 0.484 ; state.DONE_ST   ; state.IDLE        ; clk          ; clk         ; 0.000        ; 0.042      ; 0.610      ;
; 0.485 ; state.IDLE      ; rom_addr[12]~reg0 ; clk          ; clk         ; 0.000        ; 0.040      ; 0.609      ;
; 0.485 ; state.IDLE      ; rom_addr[7]~reg0  ; clk          ; clk         ; 0.000        ; 0.040      ; 0.609      ;
; 0.485 ; state.IDLE      ; rom_addr[5]~reg0  ; clk          ; clk         ; 0.000        ; 0.040      ; 0.609      ;
; 0.485 ; state.IDLE      ; rom_addr[4]~reg0  ; clk          ; clk         ; 0.000        ; 0.040      ; 0.609      ;
; 0.485 ; state.IDLE      ; rom_addr[3]~reg0  ; clk          ; clk         ; 0.000        ; 0.040      ; 0.609      ;
; 0.485 ; state.IDLE      ; rom_addr[2]~reg0  ; clk          ; clk         ; 0.000        ; 0.040      ; 0.609      ;
; 0.494 ; state.DONE_ST   ; state.RUN         ; clk          ; clk         ; 0.000        ; 0.042      ; 0.620      ;
; 0.504 ; next_addr[11]   ; next_addr[13]     ; clk          ; clk         ; 0.000        ; 0.049      ; 0.637      ;
; 0.504 ; next_addr[9]    ; next_addr[11]     ; clk          ; clk         ; 0.000        ; 0.049      ; 0.637      ;
; 0.505 ; next_addr[5]    ; next_addr[7]      ; clk          ; clk         ; 0.000        ; 0.049      ; 0.638      ;
; 0.505 ; next_addr[7]    ; next_addr[9]      ; clk          ; clk         ; 0.000        ; 0.049      ; 0.638      ;
; 0.506 ; valid_count[31] ; valid_count[9]    ; clk          ; clk         ; 0.000        ; 0.042      ; 0.632      ;
; 0.507 ; next_addr[9]    ; next_addr[12]     ; clk          ; clk         ; 0.000        ; 0.049      ; 0.640      ;
; 0.507 ; next_addr[1]    ; rom_addr[1]~reg0  ; clk          ; clk         ; 0.000        ; -0.140     ; 0.451      ;
+-------+-----------------+-------------------+--------------+-------------+--------------+------------+------------+


----------------------------------------------
; Fast 1200mV 0C Model Metastability Summary ;
----------------------------------------------
No synchronizer chains to report.


+--------------------------------------------------------------------------------+
; Multicorner Timing Analysis Summary                                            ;
+------------------+----------+-------+----------+---------+---------------------+
; Clock            ; Setup    ; Hold  ; Recovery ; Removal ; Minimum Pulse Width ;
+------------------+----------+-------+----------+---------+---------------------+
; Worst-case Slack ; -3.840   ; 0.172 ; N/A      ; N/A     ; -3.000              ;
;  clk             ; -3.840   ; 0.172 ; N/A      ; N/A     ; -3.000              ;
; Design-wide TNS  ; -222.011 ; 0.0   ; 0.0      ; 0.0     ; -87.81              ;
;  clk             ; -222.011 ; 0.000 ; N/A      ; N/A     ; -87.810             ;
+------------------+----------+-------+----------+---------+---------------------+


+------------------------------------------------------------------------------------------------------------------------------------------------------------------------------------------------------------------------------------------------------------------------------------------------------------------------------------------------------------------------------------------------------------------+
; Board Trace Model Assignments                                                                                                                                                                                                                                                                                                                                                                                    ;
+---------------+--------------+-------------------+-------------------------+-------------------------+---------------+---------------------+----------------+------------------+--------+------------------+------------------------+------------------------+--------------+---------------+-----------------+-------+---------------------+--------------------+---------------+-----------------+-------------+
; Pin           ; I/O Standard ; Near Tline Length ; Near Tline L per Length ; Near Tline C per Length ; Near Series R ; Near Differential R ; Near Pull-up R ; Near Pull-down R ; Near C ; Far Tline Length ; Far Tline L per Length ; Far Tline C per Length ; Far Series R ; Far Pull-up R ; Far Pull-down R ; Far C ; Termination Voltage ; Far Differential R ; EBD File Name ; EBD Signal Name ; EBD Far-end ;
+---------------+--------------+-------------------+-------------------------+-------------------------+---------------+---------------------+----------------+------------------+--------+------------------+------------------------+------------------------+--------------+---------------+-----------------+-------+---------------------+--------------------+---------------+-----------------+-------------+
; rom_addr[0]   ; 2.5 V        ; 0 in              ; 0 H/in                  ; 0 F/in                  ; short         ; -                   ; open           ; open             ; open   ; 0 in             ; 0 H/in                 ; 0 F/in                 ; short        ; open          ; open            ; open  ; 0 V                 ; -                  ; n/a           ; n/a             ; n/a         ;
; rom_addr[1]   ; 2.5 V        ; 0 in              ; 0 H/in                  ; 0 F/in                  ; short         ; -                   ; open           ; open             ; open   ; 0 in             ; 0 H/in                 ; 0 F/in                 ; short        ; open          ; open            ; open  ; 0 V                 ; -                  ; n/a           ; n/a             ; n/a         ;
; rom_addr[2]   ; 2.5 V        ; 0 in              ; 0 H/in                  ; 0 F/in                  ; short         ; -                   ; open           ; open             ; open   ; 0 in             ; 0 H/in                 ; 0 F/in                 ; short        ; open          ; open            ; open  ; 0 V                 ; -                  ; n/a           ; n/a             ; n/a         ;
; rom_addr[3]   ; 2.5 V        ; 0 in              ; 0 H/in                  ; 0 F/in                  ; short         ; -                   ; open           ; open             ; open   ; 0 in             ; 0 H/in                 ; 0 F/in                 ; short        ; open          ; open            ; open  ; 0 V                 ; -                  ; n/a           ; n/a             ; n/a         ;
; rom_addr[4]   ; 2.5 V        ; 0 in              ; 0 H/in                  ; 0 F/in                  ; short         ; -                   ; open           ; open             ; open   ; 0 in             ; 0 H/in                 ; 0 F/in                 ; short        ; open          ; open            ; open  ; 0 V                 ; -                  ; n/a           ; n/a             ; n/a         ;
; rom_addr[5]   ; 2.5 V        ; 0 in              ; 0 H/in                  ; 0 F/in                  ; short         ; -                   ; open           ; open             ; open   ; 0 in             ; 0 H/in                 ; 0 F/in                 ; short        ; open          ; open            ; open  ; 0 V                 ; -                  ; n/a           ; n/a             ; n/a         ;
; rom_addr[6]   ; 2.5 V        ; 0 in              ; 0 H/in                  ; 0 F/in                  ; short         ; -                   ; open           ; open             ; open   ; 0 in             ; 0 H/in                 ; 0 F/in                 ; short        ; open          ; open            ; open  ; 0 V                 ; -                  ; n/a           ; n/a             ; n/a         ;
; rom_addr[7]   ; 2.5 V        ; 0 in              ; 0 H/in                  ; 0 F/in                  ; short         ; -                   ; open           ; open             ; open   ; 0 in             ; 0 H/in                 ; 0 F/in                 ; short        ; open          ; open            ; open  ; 0 V                 ; -                  ; n/a           ; n/a             ; n/a         ;
; rom_addr[8]   ; 2.5 V        ; 0 in              ; 0 H/in                  ; 0 F/in                  ; short         ; -                   ; open           ; open             ; open   ; 0 in             ; 0 H/in                 ; 0 F/in                 ; short        ; open          ; open            ; open  ; 0 V                 ; -                  ; n/a           ; n/a             ; n/a         ;
; rom_addr[9]   ; 2.5 V        ; 0 in              ; 0 H/in                  ; 0 F/in                  ; short         ; -                   ; open           ; open             ; open   ; 0 in             ; 0 H/in                 ; 0 F/in                 ; short        ; open          ; open            ; open  ; 0 V                 ; -                  ; n/a           ; n/a             ; n/a         ;
; rom_addr[10]  ; 2.5 V        ; 0 in              ; 0 H/in                  ; 0 F/in                  ; short         ; -                   ; open           ; open             ; open   ; 0 in             ; 0 H/in                 ; 0 F/in                 ; short        ; open          ; open            ; open  ; 0 V                 ; -                  ; n/a           ; n/a             ; n/a         ;
; rom_addr[11]  ; 2.5 V        ; 0 in              ; 0 H/in                  ; 0 F/in                  ; short         ; -                   ; open           ; open             ; open   ; 0 in             ; 0 H/in                 ; 0 F/in                 ; short        ; open          ; open            ; open  ; 0 V                 ; -                  ; n/a           ; n/a             ; n/a         ;
; rom_addr[12]  ; 2.5 V        ; 0 in              ; 0 H/in                  ; 0 F/in                  ; short         ; -                   ; open           ; open             ; open   ; 0 in             ; 0 H/in                 ; 0 F/in                 ; short        ; open          ; open            ; open  ; 0 V                 ; -                  ; n/a           ; n/a             ; n/a         ;
; rom_addr[13]  ; 2.5 V        ; 0 in              ; 0 H/in                  ; 0 F/in                  ; short         ; -                   ; open           ; open             ; open   ; 0 in             ; 0 H/in                 ; 0 F/in                 ; short        ; open          ; open            ; open  ; 0 V                 ; -                  ; n/a           ; n/a             ; n/a         ;
; rom_clock     ; 2.5 V        ; 0 in              ; 0 H/in                  ; 0 F/in                  ; short         ; -                   ; open           ; open             ; open   ; 0 in             ; 0 H/in                 ; 0 F/in                 ; short        ; open          ; open            ; open  ; 0 V                 ; -                  ; n/a           ; n/a             ; n/a         ;
; out_data[0]   ; 2.5 V        ; 0 in              ; 0 H/in                  ; 0 F/in                  ; short         ; -                   ; open           ; open             ; open   ; 0 in             ; 0 H/in                 ; 0 F/in                 ; short        ; open          ; open            ; open  ; 0 V                 ; -                  ; n/a           ; n/a             ; n/a         ;
; out_data[1]   ; 2.5 V        ; 0 in              ; 0 H/in                  ; 0 F/in                  ; short         ; -                   ; open           ; open             ; open   ; 0 in             ; 0 H/in                 ; 0 F/in                 ; short        ; open          ; open            ; open  ; 0 V                 ; -                  ; n/a           ; n/a             ; n/a         ;
; out_data[2]   ; 2.5 V        ; 0 in              ; 0 H/in                  ; 0 F/in                  ; short         ; -                   ; open           ; open             ; open   ; 0 in             ; 0 H/in                 ; 0 F/in                 ; short        ; open          ; open            ; open  ; 0 V                 ; -                  ; n/a           ; n/a             ; n/a         ;
; out_data[3]   ; 2.5 V        ; 0 in              ; 0 H/in                  ; 0 F/in                  ; short         ; -                   ; open           ; open             ; open   ; 0 in             ; 0 H/in                 ; 0 F/in                 ; short        ; open          ; open            ; open  ; 0 V                 ; -                  ; n/a           ; n/a             ; n/a         ;
; out_data[4]   ; 2.5 V        ; 0 in              ; 0 H/in                  ; 0 F/in                  ; short         ; -                   ; open           ; open             ; open   ; 0 in             ; 0 H/in                 ; 0 F/in                 ; short        ; open          ; open            ; open  ; 0 V                 ; -                  ; n/a           ; n/a             ; n/a         ;
; out_data[5]   ; 2.5 V        ; 0 in              ; 0 H/in                  ; 0 F/in                  ; short         ; -                   ; open           ; open             ; open   ; 0 in             ; 0 H/in                 ; 0 F/in                 ; short        ; open          ; open            ; open  ; 0 V                 ; -                  ; n/a           ; n/a             ; n/a         ;
; out_data[6]   ; 2.5 V        ; 0 in              ; 0 H/in                  ; 0 F/in                  ; short         ; -                   ; open           ; open             ; open   ; 0 in             ; 0 H/in                 ; 0 F/in                 ; short        ; open          ; open            ; open  ; 0 V                 ; -                  ; n/a           ; n/a             ; n/a         ;
; out_data[7]   ; 2.5 V        ; 0 in              ; 0 H/in                  ; 0 F/in                  ; short         ; -                   ; open           ; open             ; open   ; 0 in             ; 0 H/in                 ; 0 F/in                 ; short        ; open          ; open            ; open  ; 0 V                 ; -                  ; n/a           ; n/a             ; n/a         ;
; out_data[8]   ; 2.5 V        ; 0 in              ; 0 H/in                  ; 0 F/in                  ; short         ; -                   ; open           ; open             ; open   ; 0 in             ; 0 H/in                 ; 0 F/in                 ; short        ; open          ; open            ; open  ; 0 V                 ; -                  ; n/a           ; n/a             ; n/a         ;
; out_data[9]   ; 2.5 V        ; 0 in              ; 0 H/in                  ; 0 F/in                  ; short         ; -                   ; open           ; open             ; open   ; 0 in             ; 0 H/in                 ; 0 F/in                 ; short        ; open          ; open            ; open  ; 0 V                 ; -                  ; n/a           ; n/a             ; n/a         ;
; out_data[10]  ; 2.5 V        ; 0 in              ; 0 H/in                  ; 0 F/in                  ; short         ; -                   ; open           ; open             ; open   ; 0 in             ; 0 H/in                 ; 0 F/in                 ; short        ; open          ; open            ; open  ; 0 V                 ; -                  ; n/a           ; n/a             ; n/a         ;
; out_data[11]  ; 2.5 V        ; 0 in              ; 0 H/in                  ; 0 F/in                  ; short         ; -                   ; open           ; open             ; open   ; 0 in             ; 0 H/in                 ; 0 F/in                 ; short        ; open          ; open            ; open  ; 0 V                 ; -                  ; n/a           ; n/a             ; n/a         ;
; out_data[12]  ; 2.5 V        ; 0 in              ; 0 H/in                  ; 0 F/in                  ; short         ; -                   ; open           ; open             ; open   ; 0 in             ; 0 H/in                 ; 0 F/in                 ; short        ; open          ; open            ; open  ; 0 V                 ; -                  ; n/a           ; n/a             ; n/a         ;
; out_data[13]  ; 2.5 V        ; 0 in              ; 0 H/in                  ; 0 F/in                  ; short         ; -                   ; open           ; open             ; open   ; 0 in             ; 0 H/in                 ; 0 F/in                 ; short        ; open          ; open            ; open  ; 0 V                 ; -                  ; n/a           ; n/a             ; n/a         ;
; out_data[14]  ; 2.5 V        ; 0 in              ; 0 H/in                  ; 0 F/in                  ; short         ; -                   ; open           ; open             ; open   ; 0 in             ; 0 H/in                 ; 0 F/in                 ; short        ; open          ; open            ; open  ; 0 V                 ; -                  ; n/a           ; n/a             ; n/a         ;
; out_data[15]  ; 2.5 V        ; 0 in              ; 0 H/in                  ; 0 F/in                  ; short         ; -                   ; open           ; open             ; open   ; 0 in             ; 0 H/in                 ; 0 F/in                 ; short        ; open          ; open            ; open  ; 0 V                 ; -                  ; n/a           ; n/a             ; n/a         ;
; out_data[16]  ; 2.5 V        ; 0 in              ; 0 H/in                  ; 0 F/in                  ; short         ; -                   ; open           ; open             ; open   ; 0 in             ; 0 H/in                 ; 0 F/in                 ; short        ; open          ; open            ; open  ; 0 V                 ; -                  ; n/a           ; n/a             ; n/a         ;
; out_data[17]  ; 2.5 V        ; 0 in              ; 0 H/in                  ; 0 F/in                  ; short         ; -                   ; open           ; open             ; open   ; 0 in             ; 0 H/in                 ; 0 F/in                 ; short        ; open          ; open            ; open  ; 0 V                 ; -                  ; n/a           ; n/a             ; n/a         ;
; out_data[18]  ; 2.5 V        ; 0 in              ; 0 H/in                  ; 0 F/in                  ; short         ; -                   ; open           ; open             ; open   ; 0 in             ; 0 H/in                 ; 0 F/in                 ; short        ; open          ; open            ; open  ; 0 V                 ; -                  ; n/a           ; n/a             ; n/a         ;
; out_data[19]  ; 2.5 V        ; 0 in              ; 0 H/in                  ; 0 F/in                  ; short         ; -                   ; open           ; open             ; open   ; 0 in             ; 0 H/in                 ; 0 F/in                 ; short        ; open          ; open            ; open  ; 0 V                 ; -                  ; n/a           ; n/a             ; n/a         ;
; out_data[20]  ; 2.5 V        ; 0 in              ; 0 H/in                  ; 0 F/in                  ; short         ; -                   ; open           ; open             ; open   ; 0 in             ; 0 H/in                 ; 0 F/in                 ; short        ; open          ; open            ; open  ; 0 V                 ; -                  ; n/a           ; n/a             ; n/a         ;
; out_data[21]  ; 2.5 V        ; 0 in              ; 0 H/in                  ; 0 F/in                  ; short         ; -                   ; open           ; open             ; open   ; 0 in             ; 0 H/in                 ; 0 F/in                 ; short        ; open          ; open            ; open  ; 0 V                 ; -                  ; n/a           ; n/a             ; n/a         ;
; out_data[22]  ; 2.5 V        ; 0 in              ; 0 H/in                  ; 0 F/in                  ; short         ; -                   ; open           ; open             ; open   ; 0 in             ; 0 H/in                 ; 0 F/in                 ; short        ; open          ; open            ; open  ; 0 V                 ; -                  ; n/a           ; n/a             ; n/a         ;
; out_data[23]  ; 2.5 V        ; 0 in              ; 0 H/in                  ; 0 F/in                  ; short         ; -                   ; open           ; open             ; open   ; 0 in             ; 0 H/in                 ; 0 F/in                 ; short        ; open          ; open            ; open  ; 0 V                 ; -                  ; n/a           ; n/a             ; n/a         ;
; out_data[24]  ; 2.5 V        ; 0 in              ; 0 H/in                  ; 0 F/in                  ; short         ; -                   ; open           ; open             ; open   ; 0 in             ; 0 H/in                 ; 0 F/in                 ; short        ; open          ; open            ; open  ; 0 V                 ; -                  ; n/a           ; n/a             ; n/a         ;
; out_data[25]  ; 2.5 V        ; 0 in              ; 0 H/in                  ; 0 F/in                  ; short         ; -                   ; open           ; open             ; open   ; 0 in             ; 0 H/in                 ; 0 F/in                 ; short        ; open          ; open            ; open  ; 0 V                 ; -                  ; n/a           ; n/a             ; n/a         ;
; out_data[26]  ; 2.5 V        ; 0 in              ; 0 H/in                  ; 0 F/in                  ; short         ; -                   ; open           ; open             ; open   ; 0 in             ; 0 H/in                 ; 0 F/in                 ; short        ; open          ; open            ; open  ; 0 V                 ; -                  ; n/a           ; n/a             ; n/a         ;
; out_data[27]  ; 2.5 V        ; 0 in              ; 0 H/in                  ; 0 F/in                  ; short         ; -                   ; open           ; open             ; open   ; 0 in             ; 0 H/in                 ; 0 F/in                 ; short        ; open          ; open            ; open  ; 0 V                 ; -                  ; n/a           ; n/a             ; n/a         ;
; out_data[28]  ; 2.5 V        ; 0 in              ; 0 H/in                  ; 0 F/in                  ; short         ; -                   ; open           ; open             ; open   ; 0 in             ; 0 H/in                 ; 0 F/in                 ; short        ; open          ; open            ; open  ; 0 V                 ; -                  ; n/a           ; n/a             ; n/a         ;
; out_data[29]  ; 2.5 V        ; 0 in              ; 0 H/in                  ; 0 F/in                  ; short         ; -                   ; open           ; open             ; open   ; 0 in             ; 0 H/in                 ; 0 F/in                 ; short        ; open          ; open            ; open  ; 0 V                 ; -                  ; n/a           ; n/a             ; n/a         ;
; out_data[30]  ; 2.5 V        ; 0 in              ; 0 H/in                  ; 0 F/in                  ; short         ; -                   ; open           ; open             ; open   ; 0 in             ; 0 H/in                 ; 0 F/in                 ; short        ; open          ; open            ; open  ; 0 V                 ; -                  ; n/a           ; n/a             ; n/a         ;
; out_data[31]  ; 2.5 V        ; 0 in              ; 0 H/in                  ; 0 F/in                  ; short         ; -                   ; open           ; open             ; open   ; 0 in             ; 0 H/in                 ; 0 F/in                 ; short        ; open          ; open            ; open  ; 0 V                 ; -                  ; n/a           ; n/a             ; n/a         ;
; out_data[32]  ; 2.5 V        ; 0 in              ; 0 H/in                  ; 0 F/in                  ; short         ; -                   ; open           ; open             ; open   ; 0 in             ; 0 H/in                 ; 0 F/in                 ; short        ; open          ; open            ; open  ; 0 V                 ; -                  ; n/a           ; n/a             ; n/a         ;
; out_data[33]  ; 2.5 V        ; 0 in              ; 0 H/in                  ; 0 F/in                  ; short         ; -                   ; open           ; open             ; open   ; 0 in             ; 0 H/in                 ; 0 F/in                 ; short        ; open          ; open            ; open  ; 0 V                 ; -                  ; n/a           ; n/a             ; n/a         ;
; out_data[34]  ; 2.5 V        ; 0 in              ; 0 H/in                  ; 0 F/in                  ; short         ; -                   ; open           ; open             ; open   ; 0 in             ; 0 H/in                 ; 0 F/in                 ; short        ; open          ; open            ; open  ; 0 V                 ; -                  ; n/a           ; n/a             ; n/a         ;
; out_data[35]  ; 2.5 V        ; 0 in              ; 0 H/in                  ; 0 F/in                  ; short         ; -                   ; open           ; open             ; open   ; 0 in             ; 0 H/in                 ; 0 F/in                 ; short        ; open          ; open            ; open  ; 0 V                 ; -                  ; n/a           ; n/a             ; n/a         ;
; out_data[36]  ; 2.5 V        ; 0 in              ; 0 H/in                  ; 0 F/in                  ; short         ; -                   ; open           ; open             ; open   ; 0 in             ; 0 H/in                 ; 0 F/in                 ; short        ; open          ; open            ; open  ; 0 V                 ; -                  ; n/a           ; n/a             ; n/a         ;
; out_data[37]  ; 2.5 V        ; 0 in              ; 0 H/in                  ; 0 F/in                  ; short         ; -                   ; open           ; open             ; open   ; 0 in             ; 0 H/in                 ; 0 F/in                 ; short        ; open          ; open            ; open  ; 0 V                 ; -                  ; n/a           ; n/a             ; n/a         ;
; out_data[38]  ; 2.5 V        ; 0 in              ; 0 H/in                  ; 0 F/in                  ; short         ; -                   ; open           ; open             ; open   ; 0 in             ; 0 H/in                 ; 0 F/in                 ; short        ; open          ; open            ; open  ; 0 V                 ; -                  ; n/a           ; n/a             ; n/a         ;
; out_data[39]  ; 2.5 V        ; 0 in              ; 0 H/in                  ; 0 F/in                  ; short         ; -                   ; open           ; open             ; open   ; 0 in             ; 0 H/in                 ; 0 F/in                 ; short        ; open          ; open            ; open  ; 0 V                 ; -                  ; n/a           ; n/a             ; n/a         ;
; out_data[40]  ; 2.5 V        ; 0 in              ; 0 H/in                  ; 0 F/in                  ; short         ; -                   ; open           ; open             ; open   ; 0 in             ; 0 H/in                 ; 0 F/in                 ; short        ; open          ; open            ; open  ; 0 V                 ; -                  ; n/a           ; n/a             ; n/a         ;
; out_data[41]  ; 2.5 V        ; 0 in              ; 0 H/in                  ; 0 F/in                  ; short         ; -                   ; open           ; open             ; open   ; 0 in             ; 0 H/in                 ; 0 F/in                 ; short        ; open          ; open            ; open  ; 0 V                 ; -                  ; n/a           ; n/a             ; n/a         ;
; out_data[42]  ; 2.5 V        ; 0 in              ; 0 H/in                  ; 0 F/in                  ; short         ; -                   ; open           ; open             ; open   ; 0 in             ; 0 H/in                 ; 0 F/in                 ; short        ; open          ; open            ; open  ; 0 V                 ; -                  ; n/a           ; n/a             ; n/a         ;
; out_data[43]  ; 2.5 V        ; 0 in              ; 0 H/in                  ; 0 F/in                  ; short         ; -                   ; open           ; open             ; open   ; 0 in             ; 0 H/in                 ; 0 F/in                 ; short        ; open          ; open            ; open  ; 0 V                 ; -                  ; n/a           ; n/a             ; n/a         ;
; out_data[44]  ; 2.5 V        ; 0 in              ; 0 H/in                  ; 0 F/in                  ; short         ; -                   ; open           ; open             ; open   ; 0 in             ; 0 H/in                 ; 0 F/in                 ; short        ; open          ; open            ; open  ; 0 V                 ; -                  ; n/a           ; n/a             ; n/a         ;
; out_data[45]  ; 2.5 V        ; 0 in              ; 0 H/in                  ; 0 F/in                  ; short         ; -                   ; open           ; open             ; open   ; 0 in             ; 0 H/in                 ; 0 F/in                 ; short        ; open          ; open            ; open  ; 0 V                 ; -                  ; n/a           ; n/a             ; n/a         ;
; out_data[46]  ; 2.5 V        ; 0 in              ; 0 H/in                  ; 0 F/in                  ; short         ; -                   ; open           ; open             ; open   ; 0 in             ; 0 H/in                 ; 0 F/in                 ; short        ; open          ; open            ; open  ; 0 V                 ; -                  ; n/a           ; n/a             ; n/a         ;
; out_data[47]  ; 2.5 V        ; 0 in              ; 0 H/in                  ; 0 F/in                  ; short         ; -                   ; open           ; open             ; open   ; 0 in             ; 0 H/in                 ; 0 F/in                 ; short        ; open          ; open            ; open  ; 0 V                 ; -                  ; n/a           ; n/a             ; n/a         ;
; out_data[48]  ; 2.5 V        ; 0 in              ; 0 H/in                  ; 0 F/in                  ; short         ; -                   ; open           ; open             ; open   ; 0 in             ; 0 H/in                 ; 0 F/in                 ; short        ; open          ; open            ; open  ; 0 V                 ; -                  ; n/a           ; n/a             ; n/a         ;
; out_data[49]  ; 2.5 V        ; 0 in              ; 0 H/in                  ; 0 F/in                  ; short         ; -                   ; open           ; open             ; open   ; 0 in             ; 0 H/in                 ; 0 F/in                 ; short        ; open          ; open            ; open  ; 0 V                 ; -                  ; n/a           ; n/a             ; n/a         ;
; out_data[50]  ; 2.5 V        ; 0 in              ; 0 H/in                  ; 0 F/in                  ; short         ; -                   ; open           ; open             ; open   ; 0 in             ; 0 H/in                 ; 0 F/in                 ; short        ; open          ; open            ; open  ; 0 V                 ; -                  ; n/a           ; n/a             ; n/a         ;
; out_data[51]  ; 2.5 V        ; 0 in              ; 0 H/in                  ; 0 F/in                  ; short         ; -                   ; open           ; open             ; open   ; 0 in             ; 0 H/in                 ; 0 F/in                 ; short        ; open          ; open            ; open  ; 0 V                 ; -                  ; n/a           ; n/a             ; n/a         ;
; out_data[52]  ; 2.5 V        ; 0 in              ; 0 H/in                  ; 0 F/in                  ; short         ; -                   ; open           ; open             ; open   ; 0 in             ; 0 H/in                 ; 0 F/in                 ; short        ; open          ; open            ; open  ; 0 V                 ; -                  ; n/a           ; n/a             ; n/a         ;
; out_data[53]  ; 2.5 V        ; 0 in              ; 0 H/in                  ; 0 F/in                  ; short         ; -                   ; open           ; open             ; open   ; 0 in             ; 0 H/in                 ; 0 F/in                 ; short        ; open          ; open            ; open  ; 0 V                 ; -                  ; n/a           ; n/a             ; n/a         ;
; out_data[54]  ; 2.5 V        ; 0 in              ; 0 H/in                  ; 0 F/in                  ; short         ; -                   ; open           ; open             ; open   ; 0 in             ; 0 H/in                 ; 0 F/in                 ; short        ; open          ; open            ; open  ; 0 V                 ; -                  ; n/a           ; n/a             ; n/a         ;
; out_data[55]  ; 2.5 V        ; 0 in              ; 0 H/in                  ; 0 F/in                  ; short         ; -                   ; open           ; open             ; open   ; 0 in             ; 0 H/in                 ; 0 F/in                 ; short        ; open          ; open            ; open  ; 0 V                 ; -                  ; n/a           ; n/a             ; n/a         ;
; out_data[56]  ; 2.5 V        ; 0 in              ; 0 H/in                  ; 0 F/in                  ; short         ; -                   ; open           ; open             ; open   ; 0 in             ; 0 H/in                 ; 0 F/in                 ; short        ; open          ; open            ; open  ; 0 V                 ; -                  ; n/a           ; n/a             ; n/a         ;
; out_data[57]  ; 2.5 V        ; 0 in              ; 0 H/in                  ; 0 F/in                  ; short         ; -                   ; open           ; open             ; open   ; 0 in             ; 0 H/in                 ; 0 F/in                 ; short        ; open          ; open            ; open  ; 0 V                 ; -                  ; n/a           ; n/a             ; n/a         ;
; out_data[58]  ; 2.5 V        ; 0 in              ; 0 H/in                  ; 0 F/in                  ; short         ; -                   ; open           ; open             ; open   ; 0 in             ; 0 H/in                 ; 0 F/in                 ; short        ; open          ; open            ; open  ; 0 V                 ; -                  ; n/a           ; n/a             ; n/a         ;
; out_data[59]  ; 2.5 V        ; 0 in              ; 0 H/in                  ; 0 F/in                  ; short         ; -                   ; open           ; open             ; open   ; 0 in             ; 0 H/in                 ; 0 F/in                 ; short        ; open          ; open            ; open  ; 0 V                 ; -                  ; n/a           ; n/a             ; n/a         ;
; out_data[60]  ; 2.5 V        ; 0 in              ; 0 H/in                  ; 0 F/in                  ; short         ; -                   ; open           ; open             ; open   ; 0 in             ; 0 H/in                 ; 0 F/in                 ; short        ; open          ; open            ; open  ; 0 V                 ; -                  ; n/a           ; n/a             ; n/a         ;
; out_data[61]  ; 2.5 V        ; 0 in              ; 0 H/in                  ; 0 F/in                  ; short         ; -                   ; open           ; open             ; open   ; 0 in             ; 0 H/in                 ; 0 F/in                 ; short        ; open          ; open            ; open  ; 0 V                 ; -                  ; n/a           ; n/a             ; n/a         ;
; out_data[62]  ; 2.5 V        ; 0 in              ; 0 H/in                  ; 0 F/in                  ; short         ; -                   ; open           ; open             ; open   ; 0 in             ; 0 H/in                 ; 0 F/in                 ; short        ; open          ; open            ; open  ; 0 V                 ; -                  ; n/a           ; n/a             ; n/a         ;
; out_data[63]  ; 2.5 V        ; 0 in              ; 0 H/in                  ; 0 F/in                  ; short         ; -                   ; open           ; open             ; open   ; 0 in             ; 0 H/in                 ; 0 F/in                 ; short        ; open          ; open            ; open  ; 0 V                 ; -                  ; n/a           ; n/a             ; n/a         ;
; out_valid     ; 2.5 V        ; 0 in              ; 0 H/in                  ; 0 F/in                  ; short         ; -                   ; open           ; open             ; open   ; 0 in             ; 0 H/in                 ; 0 F/in                 ; short        ; open          ; open            ; open  ; 0 V                 ; -                  ; n/a           ; n/a             ; n/a         ;
; done          ; 2.5 V        ; 0 in              ; 0 H/in                  ; 0 F/in                  ; short         ; -                   ; open           ; open             ; open   ; 0 in             ; 0 H/in                 ; 0 F/in                 ; short        ; open          ; open            ; open  ; 0 V                 ; -                  ; n/a           ; n/a             ; n/a         ;
; ~ALTERA_DCLK~ ; 2.5 V        ; 0 in              ; 0 H/in                  ; 0 F/in                  ; short         ; -                   ; open           ; open             ; open   ; 0 in             ; 0 H/in                 ; 0 F/in                 ; short        ; open          ; open            ; open  ; 0 V                 ; -                  ; n/a           ; n/a             ; n/a         ;
; ~ALTERA_nCEO~ ; 2.5 V        ; 0 in              ; 0 H/in                  ; 0 F/in                  ; short         ; -                   ; open           ; open             ; open   ; 0 in             ; 0 H/in                 ; 0 F/in                 ; short        ; open          ; open            ; open  ; 0 V                 ; -                  ; n/a           ; n/a             ; n/a         ;
+---------------+--------------+-------------------+-------------------------+-------------------------+---------------+---------------------+----------------+------------------+--------+------------------+------------------------+------------------------+--------------+---------------+-----------------+-------+---------------------+--------------------+---------------+-----------------+-------------+


+----------------------------------------------------------------------------+
; Input Transition Times                                                     ;
+-------------------------+--------------+-----------------+-----------------+
; Pin                     ; I/O Standard ; 10-90 Rise Time ; 90-10 Fall Time ;
+-------------------------+--------------+-----------------+-----------------+
; clk                     ; 2.5 V        ; 2000 ps         ; 2000 ps         ;
; rom_q[0]                ; 2.5 V        ; 2000 ps         ; 2000 ps         ;
; rom_q[1]                ; 2.5 V        ; 2000 ps         ; 2000 ps         ;
; rom_q[2]                ; 2.5 V        ; 2000 ps         ; 2000 ps         ;
; rom_q[3]                ; 2.5 V        ; 2000 ps         ; 2000 ps         ;
; rom_q[4]                ; 2.5 V        ; 2000 ps         ; 2000 ps         ;
; rom_q[5]                ; 2.5 V        ; 2000 ps         ; 2000 ps         ;
; rom_q[6]                ; 2.5 V        ; 2000 ps         ; 2000 ps         ;
; rom_q[7]                ; 2.5 V        ; 2000 ps         ; 2000 ps         ;
; rom_q[8]                ; 2.5 V        ; 2000 ps         ; 2000 ps         ;
; rom_q[9]                ; 2.5 V        ; 2000 ps         ; 2000 ps         ;
; rom_q[10]               ; 2.5 V        ; 2000 ps         ; 2000 ps         ;
; rom_q[11]               ; 2.5 V        ; 2000 ps         ; 2000 ps         ;
; rom_q[12]               ; 2.5 V        ; 2000 ps         ; 2000 ps         ;
; rom_q[13]               ; 2.5 V        ; 2000 ps         ; 2000 ps         ;
; rom_q[14]               ; 2.5 V        ; 2000 ps         ; 2000 ps         ;
; rom_q[15]               ; 2.5 V        ; 2000 ps         ; 2000 ps         ;
; rom_q[16]               ; 2.5 V        ; 2000 ps         ; 2000 ps         ;
; rom_q[17]               ; 2.5 V        ; 2000 ps         ; 2000 ps         ;
; rom_q[18]               ; 2.5 V        ; 2000 ps         ; 2000 ps         ;
; rom_q[19]               ; 2.5 V        ; 2000 ps         ; 2000 ps         ;
; rom_q[20]               ; 2.5 V        ; 2000 ps         ; 2000 ps         ;
; rom_q[21]               ; 2.5 V        ; 2000 ps         ; 2000 ps         ;
; rom_q[22]               ; 2.5 V        ; 2000 ps         ; 2000 ps         ;
; rom_q[23]               ; 2.5 V        ; 2000 ps         ; 2000 ps         ;
; rom_q[24]               ; 2.5 V        ; 2000 ps         ; 2000 ps         ;
; rom_q[25]               ; 2.5 V        ; 2000 ps         ; 2000 ps         ;
; rom_q[26]               ; 2.5 V        ; 2000 ps         ; 2000 ps         ;
; rom_q[27]               ; 2.5 V        ; 2000 ps         ; 2000 ps         ;
; rom_q[28]               ; 2.5 V        ; 2000 ps         ; 2000 ps         ;
; rom_q[29]               ; 2.5 V        ; 2000 ps         ; 2000 ps         ;
; rom_q[30]               ; 2.5 V        ; 2000 ps         ; 2000 ps         ;
; rom_q[31]               ; 2.5 V        ; 2000 ps         ; 2000 ps         ;
; rom_q[32]               ; 2.5 V        ; 2000 ps         ; 2000 ps         ;
; rom_q[33]               ; 2.5 V        ; 2000 ps         ; 2000 ps         ;
; rom_q[34]               ; 2.5 V        ; 2000 ps         ; 2000 ps         ;
; rom_q[35]               ; 2.5 V        ; 2000 ps         ; 2000 ps         ;
; rom_q[36]               ; 2.5 V        ; 2000 ps         ; 2000 ps         ;
; rom_q[37]               ; 2.5 V        ; 2000 ps         ; 2000 ps         ;
; rom_q[38]               ; 2.5 V        ; 2000 ps         ; 2000 ps         ;
; rom_q[39]               ; 2.5 V        ; 2000 ps         ; 2000 ps         ;
; rom_q[40]               ; 2.5 V        ; 2000 ps         ; 2000 ps         ;
; rom_q[41]               ; 2.5 V        ; 2000 ps         ; 2000 ps         ;
; rom_q[42]               ; 2.5 V        ; 2000 ps         ; 2000 ps         ;
; rom_q[43]               ; 2.5 V        ; 2000 ps         ; 2000 ps         ;
; rom_q[44]               ; 2.5 V        ; 2000 ps         ; 2000 ps         ;
; rom_q[45]               ; 2.5 V        ; 2000 ps         ; 2000 ps         ;
; rom_q[46]               ; 2.5 V        ; 2000 ps         ; 2000 ps         ;
; rom_q[47]               ; 2.5 V        ; 2000 ps         ; 2000 ps         ;
; rom_q[48]               ; 2.5 V        ; 2000 ps         ; 2000 ps         ;
; rom_q[49]               ; 2.5 V        ; 2000 ps         ; 2000 ps         ;
; rom_q[50]               ; 2.5 V        ; 2000 ps         ; 2000 ps         ;
; rom_q[51]               ; 2.5 V        ; 2000 ps         ; 2000 ps         ;
; rom_q[52]               ; 2.5 V        ; 2000 ps         ; 2000 ps         ;
; rom_q[53]               ; 2.5 V        ; 2000 ps         ; 2000 ps         ;
; rom_q[54]               ; 2.5 V        ; 2000 ps         ; 2000 ps         ;
; rom_q[55]               ; 2.5 V        ; 2000 ps         ; 2000 ps         ;
; rom_q[56]               ; 2.5 V        ; 2000 ps         ; 2000 ps         ;
; rom_q[57]               ; 2.5 V        ; 2000 ps         ; 2000 ps         ;
; rom_q[58]               ; 2.5 V        ; 2000 ps         ; 2000 ps         ;
; rom_q[59]               ; 2.5 V        ; 2000 ps         ; 2000 ps         ;
; rom_q[60]               ; 2.5 V        ; 2000 ps         ; 2000 ps         ;
; rom_q[61]               ; 2.5 V        ; 2000 ps         ; 2000 ps         ;
; rom_q[62]               ; 2.5 V        ; 2000 ps         ; 2000 ps         ;
; rom_q[63]               ; 2.5 V        ; 2000 ps         ; 2000 ps         ;
; rst_n                   ; 2.5 V        ; 2000 ps         ; 2000 ps         ;
; start                   ; 2.5 V        ; 2000 ps         ; 2000 ps         ;
; ~ALTERA_ASDO_DATA1~     ; 2.5 V        ; 2000 ps         ; 2000 ps         ;
; ~ALTERA_FLASH_nCE_nCSO~ ; 2.5 V        ; 2000 ps         ; 2000 ps         ;
; ~ALTERA_DATA0~          ; 2.5 V        ; 2000 ps         ; 2000 ps         ;
+-------------------------+--------------+-----------------+-----------------+


+--------------------------------------------------------------------------------------------------------------------------------------------------------------------------------------------------------------------------------------------------------------------------------------------------------------------------------------------------------------------------------------------------------------------------------------------------------------------------------------------------------------------------------------------------------------------------------------------------------------------------------------------------------------------------------------------+
; Signal Integrity Metrics (Slow 1200mv 0c Model)                                                                                                                                                                                                                                                                                                                                                                                                                                                                                                                                                                                                                                            ;
+---------------+--------------+---------------------+---------------------+------------------------------+------------------------------+---------------------+---------------------+--------------------------------------+--------------------------------------+-----------------------------+-----------------------------+----------------------------+----------------------------+-----------------------------+-----------------------------+--------------------+--------------------+-------------------------------------+-------------------------------------+----------------------------+----------------------------+---------------------------+---------------------------+
; Pin           ; I/O Standard ; Board Delay on Rise ; Board Delay on Fall ; Steady State Voh at FPGA Pin ; Steady State Vol at FPGA Pin ; Voh Max at FPGA Pin ; Vol Min at FPGA Pin ; Ringback Voltage on Rise at FPGA Pin ; Ringback Voltage on Fall at FPGA Pin ; 10-90 Rise Time at FPGA Pin ; 90-10 Fall Time at FPGA Pin ; Monotonic Rise at FPGA Pin ; Monotonic Fall at FPGA Pin ; Steady State Voh at Far-end ; Steady State Vol at Far-end ; Voh Max at Far-end ; Vol Min at Far-end ; Ringback Voltage on Rise at Far-end ; Ringback Voltage on Fall at Far-end ; 10-90 Rise Time at Far-end ; 90-10 Fall Time at Far-end ; Monotonic Rise at Far-end ; Monotonic Fall at Far-end ;
+---------------+--------------+---------------------+---------------------+------------------------------+------------------------------+---------------------+---------------------+--------------------------------------+--------------------------------------+-----------------------------+-----------------------------+----------------------------+----------------------------+-----------------------------+-----------------------------+--------------------+--------------------+-------------------------------------+-------------------------------------+----------------------------+----------------------------+---------------------------+---------------------------+
; rom_addr[0]   ; 2.5 V        ; 0 s                 ; 0 s                 ; 2.32 V                       ; 4.49e-09 V                   ; 2.38 V              ; -0.00552 V          ; 0.096 V                              ; 0.019 V                              ; 4.18e-10 s                  ; 3.59e-10 s                  ; No                         ; Yes                        ; 2.32 V                      ; 4.49e-09 V                  ; 2.38 V             ; -0.00552 V         ; 0.096 V                             ; 0.019 V                             ; 4.18e-10 s                 ; 3.59e-10 s                 ; No                        ; Yes                       ;
; rom_addr[1]   ; 2.5 V        ; 0 s                 ; 0 s                 ; 2.32 V                       ; 4.49e-09 V                   ; 2.38 V              ; -0.00552 V          ; 0.096 V                              ; 0.019 V                              ; 4.18e-10 s                  ; 3.59e-10 s                  ; No                         ; Yes                        ; 2.32 V                      ; 4.49e-09 V                  ; 2.38 V             ; -0.00552 V         ; 0.096 V                             ; 0.019 V                             ; 4.18e-10 s                 ; 3.59e-10 s                 ; No                        ; Yes                       ;
; rom_addr[2]   ; 2.5 V        ; 0 s                 ; 0 s                 ; 2.32 V                       ; 4.49e-09 V                   ; 2.38 V              ; -0.00552 V          ; 0.096 V                              ; 0.019 V                              ; 4.18e-10 s                  ; 3.59e-10 s                  ; No                         ; Yes                        ; 2.32 V                      ; 4.49e-09 V                  ; 2.38 V             ; -0.00552 V         ; 0.096 V                             ; 0.019 V                             ; 4.18e-10 s                 ; 3.59e-10 s                 ; No                        ; Yes                       ;
; rom_addr[3]   ; 2.5 V        ; 0 s                 ; 0 s                 ; 2.32 V                       ; 4.49e-09 V                   ; 2.38 V              ; -0.00552 V          ; 0.096 V                              ; 0.019 V                              ; 4.18e-10 s                  ; 3.59e-10 s                  ; No                         ; Yes                        ; 2.32 V                      ; 4.49e-09 V                  ; 2.38 V             ; -0.00552 V         ; 0.096 V                             ; 0.019 V                             ; 4.18e-10 s                 ; 3.59e-10 s                 ; No                        ; Yes                       ;
; rom_addr[4]   ; 2.5 V        ; 0 s                 ; 0 s                 ; 2.32 V                       ; 4.49e-09 V                   ; 2.38 V              ; -0.00552 V          ; 0.096 V                              ; 0.019 V                              ; 4.18e-10 s                  ; 3.59e-10 s                  ; No                         ; Yes                        ; 2.32 V                      ; 4.49e-09 V                  ; 2.38 V             ; -0.00552 V         ; 0.096 V                             ; 0.019 V                             ; 4.18e-10 s                 ; 3.59e-10 s                 ; No                        ; Yes                       ;
; rom_addr[5]   ; 2.5 V        ; 0 s                 ; 0 s                 ; 2.32 V                       ; 4.49e-09 V                   ; 2.38 V              ; -0.00552 V          ; 0.096 V                              ; 0.019 V                              ; 4.18e-10 s                  ; 3.59e-10 s                  ; No                         ; Yes                        ; 2.32 V                      ; 4.49e-09 V                  ; 2.38 V             ; -0.00552 V         ; 0.096 V                             ; 0.019 V                             ; 4.18e-10 s                 ; 3.59e-10 s                 ; No                        ; Yes                       ;
; rom_addr[6]   ; 2.5 V        ; 0 s                 ; 0 s                 ; 2.32 V                       ; 4.49e-09 V                   ; 2.38 V              ; -0.00552 V          ; 0.096 V                              ; 0.019 V                              ; 4.18e-10 s                  ; 3.59e-10 s                  ; No                         ; Yes                        ; 2.32 V                      ; 4.49e-09 V                  ; 2.38 V             ; -0.00552 V         ; 0.096 V                             ; 0.019 V                             ; 4.18e-10 s                 ; 3.59e-10 s                 ; No                        ; Yes                       ;
; rom_addr[7]   ; 2.5 V        ; 0 s                 ; 0 s                 ; 2.32 V                       ; 4.49e-09 V                   ; 2.38 V              ; -0.00552 V          ; 0.096 V                              ; 0.019 V                              ; 4.18e-10 s                  ; 3.59e-10 s                  ; No                         ; Yes                        ; 2.32 V                      ; 4.49e-09 V                  ; 2.38 V             ; -0.00552 V         ; 0.096 V                             ; 0.019 V                             ; 4.18e-10 s                 ; 3.59e-10 s                 ; No                        ; Yes                       ;
; rom_addr[8]   ; 2.5 V        ; 0 s                 ; 0 s                 ; 2.32 V                       ; 4.49e-09 V                   ; 2.38 V              ; -0.00552 V          ; 0.096 V                              ; 0.019 V                              ; 4.18e-10 s                  ; 3.59e-10 s                  ; No                         ; Yes                        ; 2.32 V                      ; 4.49e-09 V                  ; 2.38 V             ; -0.00552 V         ; 0.096 V                             ; 0.019 V                             ; 4.18e-10 s                 ; 3.59e-10 s                 ; No                        ; Yes                       ;
; rom_addr[9]   ; 2.5 V        ; 0 s                 ; 0 s                 ; 2.32 V                       ; 4.49e-09 V                   ; 2.38 V              ; -0.00552 V          ; 0.096 V                              ; 0.019 V                              ; 4.18e-10 s                  ; 3.59e-10 s                  ; No                         ; Yes                        ; 2.32 V                      ; 4.49e-09 V                  ; 2.38 V             ; -0.00552 V         ; 0.096 V                             ; 0.019 V                             ; 4.18e-10 s                 ; 3.59e-10 s                 ; No                        ; Yes                       ;
; rom_addr[10]  ; 2.5 V        ; 0 s                 ; 0 s                 ; 2.32 V                       ; 4.49e-09 V                   ; 2.38 V              ; -0.00552 V          ; 0.096 V                              ; 0.019 V                              ; 4.18e-10 s                  ; 3.59e-10 s                  ; No                         ; Yes                        ; 2.32 V                      ; 4.49e-09 V                  ; 2.38 V             ; -0.00552 V         ; 0.096 V                             ; 0.019 V                             ; 4.18e-10 s                 ; 3.59e-10 s                 ; No                        ; Yes                       ;
; rom_addr[11]  ; 2.5 V        ; 0 s                 ; 0 s                 ; 2.32 V                       ; 4.49e-09 V                   ; 2.38 V              ; -0.00552 V          ; 0.096 V                              ; 0.019 V                              ; 4.18e-10 s                  ; 3.59e-10 s                  ; No                         ; Yes                        ; 2.32 V                      ; 4.49e-09 V                  ; 2.38 V             ; -0.00552 V         ; 0.096 V                             ; 0.019 V                             ; 4.18e-10 s                 ; 3.59e-10 s                 ; No                        ; Yes                       ;
; rom_addr[12]  ; 2.5 V        ; 0 s                 ; 0 s                 ; 2.32 V                       ; 4.49e-09 V                   ; 2.38 V              ; -0.00552 V          ; 0.096 V                              ; 0.019 V                              ; 4.18e-10 s                  ; 3.59e-10 s                  ; No                         ; Yes                        ; 2.32 V                      ; 4.49e-09 V                  ; 2.38 V             ; -0.00552 V         ; 0.096 V                             ; 0.019 V                             ; 4.18e-10 s                 ; 3.59e-10 s                 ; No                        ; Yes                       ;
; rom_addr[13]  ; 2.5 V        ; 0 s                 ; 0 s                 ; 2.32 V                       ; 4.49e-09 V                   ; 2.38 V              ; -0.00552 V          ; 0.096 V                              ; 0.019 V                              ; 4.18e-10 s                  ; 3.59e-10 s                  ; No                         ; Yes                        ; 2.32 V                      ; 4.49e-09 V                  ; 2.38 V             ; -0.00552 V         ; 0.096 V                             ; 0.019 V                             ; 4.18e-10 s                 ; 3.59e-10 s                 ; No                        ; Yes                       ;
; rom_clock     ; 2.5 V        ; 0 s                 ; 0 s                 ; 2.32 V                       ; 3.07e-09 V                   ; 2.37 V              ; -0.00994 V          ; 0.186 V                              ; 0.028 V                              ; 4.98e-10 s                  ; 4.96e-10 s                  ; Yes                        ; Yes                        ; 2.32 V                      ; 3.07e-09 V                  ; 2.37 V             ; -0.00994 V         ; 0.186 V                             ; 0.028 V                             ; 4.98e-10 s                 ; 4.96e-10 s                 ; Yes                       ; Yes                       ;
; out_data[0]   ; 2.5 V        ; 0 s                 ; 0 s                 ; 2.32 V                       ; 4.49e-09 V                   ; 2.38 V              ; -0.00552 V          ; 0.096 V                              ; 0.019 V                              ; 4.18e-10 s                  ; 3.59e-10 s                  ; No                         ; Yes                        ; 2.32 V                      ; 4.49e-09 V                  ; 2.38 V             ; -0.00552 V         ; 0.096 V                             ; 0.019 V                             ; 4.18e-10 s                 ; 3.59e-10 s                 ; No                        ; Yes                       ;
; out_data[1]   ; 2.5 V        ; 0 s                 ; 0 s                 ; 2.32 V                       ; 4.49e-09 V                   ; 2.38 V              ; -0.00552 V          ; 0.096 V                              ; 0.019 V                              ; 4.18e-10 s                  ; 3.59e-10 s                  ; No                         ; Yes                        ; 2.32 V                      ; 4.49e-09 V                  ; 2.38 V             ; -0.00552 V         ; 0.096 V                             ; 0.019 V                             ; 4.18e-10 s                 ; 3.59e-10 s                 ; No                        ; Yes                       ;
; out_data[2]   ; 2.5 V        ; 0 s                 ; 0 s                 ; 2.32 V                       ; 4.49e-09 V                   ; 2.38 V              ; -0.00552 V          ; 0.096 V                              ; 0.019 V                              ; 4.18e-10 s                  ; 3.59e-10 s                  ; No                         ; Yes                        ; 2.32 V                      ; 4.49e-09 V                  ; 2.38 V             ; -0.00552 V         ; 0.096 V                             ; 0.019 V                             ; 4.18e-10 s                 ; 3.59e-10 s                 ; No                        ; Yes                       ;
; out_data[3]   ; 2.5 V        ; 0 s                 ; 0 s                 ; 2.32 V                       ; 3.07e-09 V                   ; 2.37 V              ; -0.00994 V          ; 0.186 V                              ; 0.028 V                              ; 4.98e-10 s                  ; 4.96e-10 s                  ; Yes                        ; Yes                        ; 2.32 V                      ; 3.07e-09 V                  ; 2.37 V             ; -0.00994 V         ; 0.186 V                             ; 0.028 V                             ; 4.98e-10 s                 ; 4.96e-10 s                 ; Yes                       ; Yes                       ;
; out_data[4]   ; 2.5 V        ; 0 s                 ; 0 s                 ; 2.32 V                       ; 4.49e-09 V                   ; 2.38 V              ; -0.00552 V          ; 0.096 V                              ; 0.019 V                              ; 4.18e-10 s                  ; 3.59e-10 s                  ; No                         ; Yes                        ; 2.32 V                      ; 4.49e-09 V                  ; 2.38 V             ; -0.00552 V         ; 0.096 V                             ; 0.019 V                             ; 4.18e-10 s                 ; 3.59e-10 s                 ; No                        ; Yes                       ;
; out_data[5]   ; 2.5 V        ; 0 s                 ; 0 s                 ; 2.32 V                       ; 4.49e-09 V                   ; 2.38 V              ; -0.00552 V          ; 0.096 V                              ; 0.019 V                              ; 4.18e-10 s                  ; 3.59e-10 s                  ; No                         ; Yes                        ; 2.32 V                      ; 4.49e-09 V                  ; 2.38 V             ; -0.00552 V         ; 0.096 V                             ; 0.019 V                             ; 4.18e-10 s                 ; 3.59e-10 s                 ; No                        ; Yes                       ;
; out_data[6]   ; 2.5 V        ; 0 s                 ; 0 s                 ; 2.32 V                       ; 4.49e-09 V                   ; 2.38 V              ; -0.00552 V          ; 0.096 V                              ; 0.019 V                              ; 4.18e-10 s                  ; 3.59e-10 s                  ; No                         ; Yes                        ; 2.32 V                      ; 4.49e-09 V                  ; 2.38 V             ; -0.00552 V         ; 0.096 V                             ; 0.019 V                             ; 4.18e-10 s                 ; 3.59e-10 s                 ; No                        ; Yes                       ;
; out_data[7]   ; 2.5 V        ; 0 s                 ; 0 s                 ; 2.32 V                       ; 3.07e-09 V                   ; 2.37 V              ; -0.00994 V          ; 0.186 V                              ; 0.028 V                              ; 4.98e-10 s                  ; 4.96e-10 s                  ; Yes                        ; Yes                        ; 2.32 V                      ; 3.07e-09 V                  ; 2.37 V             ; -0.00994 V         ; 0.186 V                             ; 0.028 V                             ; 4.98e-10 s                 ; 4.96e-10 s                 ; Yes                       ; Yes                       ;
; out_data[8]   ; 2.5 V        ; 0 s                 ; 0 s                 ; 2.32 V                       ; 4.49e-09 V                   ; 2.38 V              ; -0.00552 V          ; 0.096 V                              ; 0.019 V                              ; 4.18e-10 s                  ; 3.59e-10 s                  ; No                         ; Yes                        ; 2.32 V                      ; 4.49e-09 V                  ; 2.38 V             ; -0.00552 V         ; 0.096 V                             ; 0.019 V                             ; 4.18e-10 s                 ; 3.59e-10 s                 ; No                        ; Yes                       ;
; out_data[9]   ; 2.5 V        ; 0 s                 ; 0 s                 ; 2.32 V                       ; 4.49e-09 V                   ; 2.38 V              ; -0.00552 V          ; 0.096 V                              ; 0.019 V                              ; 4.18e-10 s                  ; 3.59e-10 s                  ; No                         ; Yes                        ; 2.32 V                      ; 4.49e-09 V                  ; 2.38 V             ; -0.00552 V         ; 0.096 V                             ; 0.019 V                             ; 4.18e-10 s                 ; 3.59e-10 s                 ; No                        ; Yes                       ;
; out_data[10]  ; 2.5 V        ; 0 s                 ; 0 s                 ; 2.32 V                       ; 4.49e-09 V                   ; 2.38 V              ; -0.00552 V          ; 0.096 V                              ; 0.019 V                              ; 4.18e-10 s                  ; 3.59e-10 s                  ; No                         ; Yes                        ; 2.32 V                      ; 4.49e-09 V                  ; 2.38 V             ; -0.00552 V         ; 0.096 V                             ; 0.019 V                             ; 4.18e-10 s                 ; 3.59e-10 s                 ; No                        ; Yes                       ;
; out_data[11]  ; 2.5 V        ; 0 s                 ; 0 s                 ; 2.32 V                       ; 4.49e-09 V                   ; 2.38 V              ; -0.00552 V          ; 0.096 V                              ; 0.019 V                              ; 4.18e-10 s                  ; 3.59e-10 s                  ; No                         ; Yes                        ; 2.32 V                      ; 4.49e-09 V                  ; 2.38 V             ; -0.00552 V         ; 0.096 V                             ; 0.019 V                             ; 4.18e-10 s                 ; 3.59e-10 s                 ; No                        ; Yes                       ;
; out_data[12]  ; 2.5 V        ; 0 s                 ; 0 s                 ; 2.32 V                       ; 4.49e-09 V                   ; 2.38 V              ; -0.00552 V          ; 0.096 V                              ; 0.019 V                              ; 4.18e-10 s                  ; 3.59e-10 s                  ; No                         ; Yes                        ; 2.32 V                      ; 4.49e-09 V                  ; 2.38 V             ; -0.00552 V         ; 0.096 V                             ; 0.019 V                             ; 4.18e-10 s                 ; 3.59e-10 s                 ; No                        ; Yes                       ;
; out_data[13]  ; 2.5 V        ; 0 s                 ; 0 s                 ; 2.32 V                       ; 4.49e-09 V                   ; 2.33 V              ; -0.00467 V          ; 0.226 V                              ; 0.087 V                              ; 2.91e-09 s                  ; 2.74e-09 s                  ; Yes                        ; Yes                        ; 2.32 V                      ; 4.49e-09 V                  ; 2.33 V             ; -0.00467 V         ; 0.226 V                             ; 0.087 V                             ; 2.91e-09 s                 ; 2.74e-09 s                 ; Yes                       ; Yes                       ;
; out_data[14]  ; 2.5 V        ; 0 s                 ; 0 s                 ; 2.32 V                       ; 4.49e-09 V                   ; 2.38 V              ; -0.00552 V          ; 0.096 V                              ; 0.019 V                              ; 4.18e-10 s                  ; 3.59e-10 s                  ; No                         ; Yes                        ; 2.32 V                      ; 4.49e-09 V                  ; 2.38 V             ; -0.00552 V         ; 0.096 V                             ; 0.019 V                             ; 4.18e-10 s                 ; 3.59e-10 s                 ; No                        ; Yes                       ;
; out_data[15]  ; 2.5 V        ; 0 s                 ; 0 s                 ; 2.32 V                       ; 4.49e-09 V                   ; 2.38 V              ; -0.00552 V          ; 0.096 V                              ; 0.019 V                              ; 4.18e-10 s                  ; 3.59e-10 s                  ; No                         ; Yes                        ; 2.32 V                      ; 4.49e-09 V                  ; 2.38 V             ; -0.00552 V         ; 0.096 V                             ; 0.019 V                             ; 4.18e-10 s                 ; 3.59e-10 s                 ; No                        ; Yes                       ;
; out_data[16]  ; 2.5 V        ; 0 s                 ; 0 s                 ; 2.32 V                       ; 3.07e-09 V                   ; 2.37 V              ; -0.00994 V          ; 0.186 V                              ; 0.028 V                              ; 4.98e-10 s                  ; 4.96e-10 s                  ; Yes                        ; Yes                        ; 2.32 V                      ; 3.07e-09 V                  ; 2.37 V             ; -0.00994 V         ; 0.186 V                             ; 0.028 V                             ; 4.98e-10 s                 ; 4.96e-10 s                 ; Yes                       ; Yes                       ;
; out_data[17]  ; 2.5 V        ; 0 s                 ; 0 s                 ; 2.32 V                       ; 3.07e-09 V                   ; 2.37 V              ; -0.00994 V          ; 0.186 V                              ; 0.028 V                              ; 4.98e-10 s                  ; 4.96e-10 s                  ; Yes                        ; Yes                        ; 2.32 V                      ; 3.07e-09 V                  ; 2.37 V             ; -0.00994 V         ; 0.186 V                             ; 0.028 V                             ; 4.98e-10 s                 ; 4.96e-10 s                 ; Yes                       ; Yes                       ;
; out_data[18]  ; 2.5 V        ; 0 s                 ; 0 s                 ; 2.32 V                       ; 4.49e-09 V                   ; 2.38 V              ; -0.00552 V          ; 0.096 V                              ; 0.019 V                              ; 4.18e-10 s                  ; 3.59e-10 s                  ; No                         ; Yes                        ; 2.32 V                      ; 4.49e-09 V                  ; 2.38 V             ; -0.00552 V         ; 0.096 V                             ; 0.019 V                             ; 4.18e-10 s                 ; 3.59e-10 s                 ; No                        ; Yes                       ;
; out_data[19]  ; 2.5 V        ; 0 s                 ; 0 s                 ; 2.32 V                       ; 4.49e-09 V                   ; 2.38 V              ; -0.00552 V          ; 0.096 V                              ; 0.019 V                              ; 4.18e-10 s                  ; 3.59e-10 s                  ; No                         ; Yes                        ; 2.32 V                      ; 4.49e-09 V                  ; 2.38 V             ; -0.00552 V         ; 0.096 V                             ; 0.019 V                             ; 4.18e-10 s                 ; 3.59e-10 s                 ; No                        ; Yes                       ;
; out_data[20]  ; 2.5 V        ; 0 s                 ; 0 s                 ; 2.32 V                       ; 3.07e-09 V                   ; 2.37 V              ; -0.00994 V          ; 0.186 V                              ; 0.028 V                              ; 4.98e-10 s                  ; 4.96e-10 s                  ; Yes                        ; Yes                        ; 2.32 V                      ; 3.07e-09 V                  ; 2.37 V             ; -0.00994 V         ; 0.186 V                             ; 0.028 V                             ; 4.98e-10 s                 ; 4.96e-10 s                 ; Yes                       ; Yes                       ;
; out_data[21]  ; 2.5 V        ; 0 s                 ; 0 s                 ; 2.32 V                       ; 3.07e-09 V                   ; 2.37 V              ; -0.00994 V          ; 0.186 V                              ; 0.028 V                              ; 4.98e-10 s                  ; 4.96e-10 s                  ; Yes                        ; Yes                        ; 2.32 V                      ; 3.07e-09 V                  ; 2.37 V             ; -0.00994 V         ; 0.186 V                             ; 0.028 V                             ; 4.98e-10 s                 ; 4.96e-10 s                 ; Yes                       ; Yes                       ;
; out_data[22]  ; 2.5 V        ; 0 s                 ; 0 s                 ; 2.32 V                       ; 4.49e-09 V                   ; 2.38 V              ; -0.00552 V          ; 0.096 V                              ; 0.019 V                              ; 4.18e-10 s                  ; 3.59e-10 s                  ; No                         ; Yes                        ; 2.32 V                      ; 4.49e-09 V                  ; 2.38 V             ; -0.00552 V         ; 0.096 V                             ; 0.019 V                             ; 4.18e-10 s                 ; 3.59e-10 s                 ; No                        ; Yes                       ;
; out_data[23]  ; 2.5 V        ; 0 s                 ; 0 s                 ; 2.32 V                       ; 4.49e-09 V                   ; 2.38 V              ; -0.00552 V          ; 0.096 V                              ; 0.019 V                              ; 4.18e-10 s                  ; 3.59e-10 s                  ; No                         ; Yes                        ; 2.32 V                      ; 4.49e-09 V                  ; 2.38 V             ; -0.00552 V         ; 0.096 V                             ; 0.019 V                             ; 4.18e-10 s                 ; 3.59e-10 s                 ; No                        ; Yes                       ;
; out_data[24]  ; 2.5 V        ; 0 s                 ; 0 s                 ; 2.32 V                       ; 4.49e-09 V                   ; 2.33 V              ; -0.00467 V          ; 0.226 V                              ; 0.087 V                              ; 2.91e-09 s                  ; 2.74e-09 s                  ; Yes                        ; Yes                        ; 2.32 V                      ; 4.49e-09 V                  ; 2.33 V             ; -0.00467 V         ; 0.226 V                             ; 0.087 V                             ; 2.91e-09 s                 ; 2.74e-09 s                 ; Yes                       ; Yes                       ;
; out_data[25]  ; 2.5 V        ; 0 s                 ; 0 s                 ; 2.32 V                       ; 4.49e-09 V                   ; 2.38 V              ; -0.00552 V          ; 0.096 V                              ; 0.019 V                              ; 4.18e-10 s                  ; 3.59e-10 s                  ; No                         ; Yes                        ; 2.32 V                      ; 4.49e-09 V                  ; 2.38 V             ; -0.00552 V         ; 0.096 V                             ; 0.019 V                             ; 4.18e-10 s                 ; 3.59e-10 s                 ; No                        ; Yes                       ;
; out_data[26]  ; 2.5 V        ; 0 s                 ; 0 s                 ; 2.32 V                       ; 4.49e-09 V                   ; 2.38 V              ; -0.00552 V          ; 0.096 V                              ; 0.019 V                              ; 4.18e-10 s                  ; 3.59e-10 s                  ; No                         ; Yes                        ; 2.32 V                      ; 4.49e-09 V                  ; 2.38 V             ; -0.00552 V         ; 0.096 V                             ; 0.019 V                             ; 4.18e-10 s                 ; 3.59e-10 s                 ; No                        ; Yes                       ;
; out_data[27]  ; 2.5 V        ; 0 s                 ; 0 s                 ; 2.32 V                       ; 4.49e-09 V                   ; 2.38 V              ; -0.00552 V          ; 0.096 V                              ; 0.019 V                              ; 4.18e-10 s                  ; 3.59e-10 s                  ; No                         ; Yes                        ; 2.32 V                      ; 4.49e-09 V                  ; 2.38 V             ; -0.00552 V         ; 0.096 V                             ; 0.019 V                             ; 4.18e-10 s                 ; 3.59e-10 s                 ; No                        ; Yes                       ;
; out_data[28]  ; 2.5 V        ; 0 s                 ; 0 s                 ; 2.32 V                       ; 4.49e-09 V                   ; 2.38 V              ; -0.00552 V          ; 0.096 V                              ; 0.019 V                              ; 4.18e-10 s                  ; 3.59e-10 s                  ; No                         ; Yes                        ; 2.32 V                      ; 4.49e-09 V                  ; 2.38 V             ; -0.00552 V         ; 0.096 V                             ; 0.019 V                             ; 4.18e-10 s                 ; 3.59e-10 s                 ; No                        ; Yes                       ;
; out_data[29]  ; 2.5 V        ; 0 s                 ; 0 s                 ; 2.32 V                       ; 4.49e-09 V                   ; 2.38 V              ; -0.00552 V          ; 0.096 V                              ; 0.019 V                              ; 4.18e-10 s                  ; 3.59e-10 s                  ; No                         ; Yes                        ; 2.32 V                      ; 4.49e-09 V                  ; 2.38 V             ; -0.00552 V         ; 0.096 V                             ; 0.019 V                             ; 4.18e-10 s                 ; 3.59e-10 s                 ; No                        ; Yes                       ;
; out_data[30]  ; 2.5 V        ; 0 s                 ; 0 s                 ; 2.32 V                       ; 4.49e-09 V                   ; 2.38 V              ; -0.00552 V          ; 0.096 V                              ; 0.019 V                              ; 4.18e-10 s                  ; 3.59e-10 s                  ; No                         ; Yes                        ; 2.32 V                      ; 4.49e-09 V                  ; 2.38 V             ; -0.00552 V         ; 0.096 V                             ; 0.019 V                             ; 4.18e-10 s                 ; 3.59e-10 s                 ; No                        ; Yes                       ;
; out_data[31]  ; 2.5 V        ; 0 s                 ; 0 s                 ; 2.32 V                       ; 4.49e-09 V                   ; 2.38 V              ; -0.00552 V          ; 0.096 V                              ; 0.019 V                              ; 4.18e-10 s                  ; 3.59e-10 s                  ; No                         ; Yes                        ; 2.32 V                      ; 4.49e-09 V                  ; 2.38 V             ; -0.00552 V         ; 0.096 V                             ; 0.019 V                             ; 4.18e-10 s                 ; 3.59e-10 s                 ; No                        ; Yes                       ;
; out_data[32]  ; 2.5 V        ; 0 s                 ; 0 s                 ; 2.32 V                       ; 4.49e-09 V                   ; 2.38 V              ; -0.00552 V          ; 0.096 V                              ; 0.019 V                              ; 4.18e-10 s                  ; 3.59e-10 s                  ; No                         ; Yes                        ; 2.32 V                      ; 4.49e-09 V                  ; 2.38 V             ; -0.00552 V         ; 0.096 V                             ; 0.019 V                             ; 4.18e-10 s                 ; 3.59e-10 s                 ; No                        ; Yes                       ;
; out_data[33]  ; 2.5 V        ; 0 s                 ; 0 s                 ; 2.32 V                       ; 3.07e-09 V                   ; 2.37 V              ; -0.00994 V          ; 0.186 V                              ; 0.028 V                              ; 4.98e-10 s                  ; 4.96e-10 s                  ; Yes                        ; Yes                        ; 2.32 V                      ; 3.07e-09 V                  ; 2.37 V             ; -0.00994 V         ; 0.186 V                             ; 0.028 V                             ; 4.98e-10 s                 ; 4.96e-10 s                 ; Yes                       ; Yes                       ;
; out_data[34]  ; 2.5 V        ; 0 s                 ; 0 s                 ; 2.32 V                       ; 4.49e-09 V                   ; 2.33 V              ; -0.00467 V          ; 0.226 V                              ; 0.087 V                              ; 2.91e-09 s                  ; 2.74e-09 s                  ; Yes                        ; Yes                        ; 2.32 V                      ; 4.49e-09 V                  ; 2.33 V             ; -0.00467 V         ; 0.226 V                             ; 0.087 V                             ; 2.91e-09 s                 ; 2.74e-09 s                 ; Yes                       ; Yes                       ;
; out_data[35]  ; 2.5 V        ; 0 s                 ; 0 s                 ; 2.32 V                       ; 4.49e-09 V                   ; 2.38 V              ; -0.00552 V          ; 0.096 V                              ; 0.019 V                              ; 4.18e-10 s                  ; 3.59e-10 s                  ; No                         ; Yes                        ; 2.32 V                      ; 4.49e-09 V                  ; 2.38 V             ; -0.00552 V         ; 0.096 V                             ; 0.019 V                             ; 4.18e-10 s                 ; 3.59e-10 s                 ; No                        ; Yes                       ;
; out_data[36]  ; 2.5 V        ; 0 s                 ; 0 s                 ; 2.32 V                       ; 4.49e-09 V                   ; 2.38 V              ; -0.00552 V          ; 0.096 V                              ; 0.019 V                              ; 4.18e-10 s                  ; 3.59e-10 s                  ; No                         ; Yes                        ; 2.32 V                      ; 4.49e-09 V                  ; 2.38 V             ; -0.00552 V         ; 0.096 V                             ; 0.019 V                             ; 4.18e-10 s                 ; 3.59e-10 s                 ; No                        ; Yes                       ;
; out_data[37]  ; 2.5 V        ; 0 s                 ; 0 s                 ; 2.32 V                       ; 4.49e-09 V                   ; 2.38 V              ; -0.00552 V          ; 0.096 V                              ; 0.019 V                              ; 4.18e-10 s                  ; 3.59e-10 s                  ; No                         ; Yes                        ; 2.32 V                      ; 4.49e-09 V                  ; 2.38 V             ; -0.00552 V         ; 0.096 V                             ; 0.019 V                             ; 4.18e-10 s                 ; 3.59e-10 s                 ; No                        ; Yes                       ;
; out_data[38]  ; 2.5 V        ; 0 s                 ; 0 s                 ; 2.32 V                       ; 3.07e-09 V                   ; 2.37 V              ; -0.00994 V          ; 0.186 V                              ; 0.028 V                              ; 4.98e-10 s                  ; 4.96e-10 s                  ; Yes                        ; Yes                        ; 2.32 V                      ; 3.07e-09 V                  ; 2.37 V             ; -0.00994 V         ; 0.186 V                             ; 0.028 V                             ; 4.98e-10 s                 ; 4.96e-10 s                 ; Yes                       ; Yes                       ;
; out_data[39]  ; 2.5 V        ; 0 s                 ; 0 s                 ; 2.32 V                       ; 4.49e-09 V                   ; 2.38 V              ; -0.00552 V          ; 0.096 V                              ; 0.019 V                              ; 4.18e-10 s                  ; 3.59e-10 s                  ; No                         ; Yes                        ; 2.32 V                      ; 4.49e-09 V                  ; 2.38 V             ; -0.00552 V         ; 0.096 V                             ; 0.019 V                             ; 4.18e-10 s                 ; 3.59e-10 s                 ; No                        ; Yes                       ;
; out_data[40]  ; 2.5 V        ; 0 s                 ; 0 s                 ; 2.32 V                       ; 4.49e-09 V                   ; 2.38 V              ; -0.00552 V          ; 0.096 V                              ; 0.019 V                              ; 4.18e-10 s                  ; 3.59e-10 s                  ; No                         ; Yes                        ; 2.32 V                      ; 4.49e-09 V                  ; 2.38 V             ; -0.00552 V         ; 0.096 V                             ; 0.019 V                             ; 4.18e-10 s                 ; 3.59e-10 s                 ; No                        ; Yes                       ;
; out_data[41]  ; 2.5 V        ; 0 s                 ; 0 s                 ; 2.32 V                       ; 4.49e-09 V                   ; 2.38 V              ; -0.00552 V          ; 0.096 V                              ; 0.019 V                              ; 4.18e-10 s                  ; 3.59e-10 s                  ; No                         ; Yes                        ; 2.32 V                      ; 4.49e-09 V                  ; 2.38 V             ; -0.00552 V         ; 0.096 V                             ; 0.019 V                             ; 4.18e-10 s                 ; 3.59e-10 s                 ; No                        ; Yes                       ;
; out_data[42]  ; 2.5 V        ; 0 s                 ; 0 s                 ; 2.32 V                       ; 4.49e-09 V                   ; 2.38 V              ; -0.00552 V          ; 0.096 V                              ; 0.019 V                              ; 4.18e-10 s                  ; 3.59e-10 s                  ; No                         ; Yes                        ; 2.32 V                      ; 4.49e-09 V                  ; 2.38 V             ; -0.00552 V         ; 0.096 V                             ; 0.019 V                             ; 4.18e-10 s                 ; 3.59e-10 s                 ; No                        ; Yes                       ;
; out_data[43]  ; 2.5 V        ; 0 s                 ; 0 s                 ; 2.32 V                       ; 4.49e-09 V                   ; 2.38 V              ; -0.00552 V          ; 0.096 V                              ; 0.019 V                              ; 4.18e-10 s                  ; 3.59e-10 s                  ; No                         ; Yes                        ; 2.32 V                      ; 4.49e-09 V                  ; 2.38 V             ; -0.00552 V         ; 0.096 V                             ; 0.019 V                             ; 4.18e-10 s                 ; 3.59e-10 s                 ; No                        ; Yes                       ;
; out_data[44]  ; 2.5 V        ; 0 s                 ; 0 s                 ; 2.32 V                       ; 3.07e-09 V                   ; 2.37 V              ; -0.00994 V          ; 0.186 V                              ; 0.028 V                              ; 4.98e-10 s                  ; 4.96e-10 s                  ; Yes                        ; Yes                        ; 2.32 V                      ; 3.07e-09 V                  ; 2.37 V             ; -0.00994 V         ; 0.186 V                             ; 0.028 V                             ; 4.98e-10 s                 ; 4.96e-10 s                 ; Yes                       ; Yes                       ;
; out_data[45]  ; 2.5 V        ; 0 s                 ; 0 s                 ; 2.32 V                       ; 4.49e-09 V                   ; 2.38 V              ; -0.00552 V          ; 0.096 V                              ; 0.019 V                              ; 4.18e-10 s                  ; 3.59e-10 s                  ; No                         ; Yes                        ; 2.32 V                      ; 4.49e-09 V                  ; 2.38 V             ; -0.00552 V         ; 0.096 V                             ; 0.019 V                             ; 4.18e-10 s                 ; 3.59e-10 s                 ; No                        ; Yes                       ;
; out_data[46]  ; 2.5 V        ; 0 s                 ; 0 s                 ; 2.32 V                       ; 4.49e-09 V                   ; 2.38 V              ; -0.00552 V          ; 0.096 V                              ; 0.019 V                              ; 4.18e-10 s                  ; 3.59e-10 s                  ; No                         ; Yes                        ; 2.32 V                      ; 4.49e-09 V                  ; 2.38 V             ; -0.00552 V         ; 0.096 V                             ; 0.019 V                             ; 4.18e-10 s                 ; 3.59e-10 s                 ; No                        ; Yes                       ;
; out_data[47]  ; 2.5 V        ; 0 s                 ; 0 s                 ; 2.32 V                       ; 3.07e-09 V                   ; 2.37 V              ; -0.00994 V          ; 0.186 V                              ; 0.028 V                              ; 4.98e-10 s                  ; 4.96e-10 s                  ; Yes                        ; Yes                        ; 2.32 V                      ; 3.07e-09 V                  ; 2.37 V             ; -0.00994 V         ; 0.186 V                             ; 0.028 V                             ; 4.98e-10 s                 ; 4.96e-10 s                 ; Yes                       ; Yes                       ;
; out_data[48]  ; 2.5 V        ; 0 s                 ; 0 s                 ; 2.32 V                       ; 4.49e-09 V                   ; 2.38 V              ; -0.00552 V          ; 0.096 V                              ; 0.019 V                              ; 4.18e-10 s                  ; 3.59e-10 s                  ; No                         ; Yes                        ; 2.32 V                      ; 4.49e-09 V                  ; 2.38 V             ; -0.00552 V         ; 0.096 V                             ; 0.019 V                             ; 4.18e-10 s                 ; 3.59e-10 s                 ; No                        ; Yes                       ;
; out_data[49]  ; 2.5 V        ; 0 s                 ; 0 s                 ; 2.32 V                       ; 4.49e-09 V                   ; 2.38 V              ; -0.00552 V          ; 0.096 V                              ; 0.019 V                              ; 4.18e-10 s                  ; 3.59e-10 s                  ; No                         ; Yes                        ; 2.32 V                      ; 4.49e-09 V                  ; 2.38 V             ; -0.00552 V         ; 0.096 V                             ; 0.019 V                             ; 4.18e-10 s                 ; 3.59e-10 s                 ; No                        ; Yes                       ;
; out_data[50]  ; 2.5 V        ; 0 s                 ; 0 s                 ; 2.32 V                       ; 3.07e-09 V                   ; 2.37 V              ; -0.00994 V          ; 0.186 V                              ; 0.028 V                              ; 4.98e-10 s                  ; 4.96e-10 s                  ; Yes                        ; Yes                        ; 2.32 V                      ; 3.07e-09 V                  ; 2.37 V             ; -0.00994 V         ; 0.186 V                             ; 0.028 V                             ; 4.98e-10 s                 ; 4.96e-10 s                 ; Yes                       ; Yes                       ;
; out_data[51]  ; 2.5 V        ; 0 s                 ; 0 s                 ; 2.32 V                       ; 4.49e-09 V                   ; 2.38 V              ; -0.00552 V          ; 0.096 V                              ; 0.019 V                              ; 4.18e-10 s                  ; 3.59e-10 s                  ; No                         ; Yes                        ; 2.32 V                      ; 4.49e-09 V                  ; 2.38 V             ; -0.00552 V         ; 0.096 V                             ; 0.019 V                             ; 4.18e-10 s                 ; 3.59e-10 s                 ; No                        ; Yes                       ;
; out_data[52]  ; 2.5 V        ; 0 s                 ; 0 s                 ; 2.32 V                       ; 4.49e-09 V                   ; 2.38 V              ; -0.00552 V          ; 0.096 V                              ; 0.019 V                              ; 4.18e-10 s                  ; 3.59e-10 s                  ; No                         ; Yes                        ; 2.32 V                      ; 4.49e-09 V                  ; 2.38 V             ; -0.00552 V         ; 0.096 V                             ; 0.019 V                             ; 4.18e-10 s                 ; 3.59e-10 s                 ; No                        ; Yes                       ;
; out_data[53]  ; 2.5 V        ; 0 s                 ; 0 s                 ; 2.32 V                       ; 4.49e-09 V                   ; 2.38 V              ; -0.00552 V          ; 0.096 V                              ; 0.019 V                              ; 4.18e-10 s                  ; 3.59e-10 s                  ; No                         ; Yes                        ; 2.32 V                      ; 4.49e-09 V                  ; 2.38 V             ; -0.00552 V         ; 0.096 V                             ; 0.019 V                             ; 4.18e-10 s                 ; 3.59e-10 s                 ; No                        ; Yes                       ;
; out_data[54]  ; 2.5 V        ; 0 s                 ; 0 s                 ; 2.32 V                       ; 3.07e-09 V                   ; 2.37 V              ; -0.00994 V          ; 0.186 V                              ; 0.028 V                              ; 4.98e-10 s                  ; 4.96e-10 s                  ; Yes                        ; Yes                        ; 2.32 V                      ; 3.07e-09 V                  ; 2.37 V             ; -0.00994 V         ; 0.186 V                             ; 0.028 V                             ; 4.98e-10 s                 ; 4.96e-10 s                 ; Yes                       ; Yes                       ;
; out_data[55]  ; 2.5 V        ; 0 s                 ; 0 s                 ; 2.32 V                       ; 4.49e-09 V                   ; 2.38 V              ; -0.00552 V          ; 0.096 V                              ; 0.019 V                              ; 4.18e-10 s                  ; 3.59e-10 s                  ; No                         ; Yes                        ; 2.32 V                      ; 4.49e-09 V                  ; 2.38 V             ; -0.00552 V         ; 0.096 V                             ; 0.019 V                             ; 4.18e-10 s                 ; 3.59e-10 s                 ; No                        ; Yes                       ;
; out_data[56]  ; 2.5 V        ; 0 s                 ; 0 s                 ; 2.32 V                       ; 3.07e-09 V                   ; 2.37 V              ; -0.00994 V          ; 0.186 V                              ; 0.028 V                              ; 4.98e-10 s                  ; 4.96e-10 s                  ; Yes                        ; Yes                        ; 2.32 V                      ; 3.07e-09 V                  ; 2.37 V             ; -0.00994 V         ; 0.186 V                             ; 0.028 V                             ; 4.98e-10 s                 ; 4.96e-10 s                 ; Yes                       ; Yes                       ;
; out_data[57]  ; 2.5 V        ; 0 s                 ; 0 s                 ; 2.32 V                       ; 4.49e-09 V                   ; 2.38 V              ; -0.00552 V          ; 0.096 V                              ; 0.019 V                              ; 4.18e-10 s                  ; 3.59e-10 s                  ; No                         ; Yes                        ; 2.32 V                      ; 4.49e-09 V                  ; 2.38 V             ; -0.00552 V         ; 0.096 V                             ; 0.019 V                             ; 4.18e-10 s                 ; 3.59e-10 s                 ; No                        ; Yes                       ;
; out_data[58]  ; 2.5 V        ; 0 s                 ; 0 s                 ; 2.32 V                       ; 4.49e-09 V                   ; 2.38 V              ; -0.00552 V          ; 0.096 V                              ; 0.019 V                              ; 4.18e-10 s                  ; 3.59e-10 s                  ; No                         ; Yes                        ; 2.32 V                      ; 4.49e-09 V                  ; 2.38 V             ; -0.00552 V         ; 0.096 V                             ; 0.019 V                             ; 4.18e-10 s                 ; 3.59e-10 s                 ; No                        ; Yes                       ;
; out_data[59]  ; 2.5 V        ; 0 s                 ; 0 s                 ; 2.32 V                       ; 4.49e-09 V                   ; 2.38 V              ; -0.00552 V          ; 0.096 V                              ; 0.019 V                              ; 4.18e-10 s                  ; 3.59e-10 s                  ; No                         ; Yes                        ; 2.32 V                      ; 4.49e-09 V                  ; 2.38 V             ; -0.00552 V         ; 0.096 V                             ; 0.019 V                             ; 4.18e-10 s                 ; 3.59e-10 s                 ; No                        ; Yes                       ;
; out_data[60]  ; 2.5 V        ; 0 s                 ; 0 s                 ; 2.32 V                       ; 4.49e-09 V                   ; 2.38 V              ; -0.00552 V          ; 0.096 V                              ; 0.019 V                              ; 4.18e-10 s                  ; 3.59e-10 s                  ; No                         ; Yes                        ; 2.32 V                      ; 4.49e-09 V                  ; 2.38 V             ; -0.00552 V         ; 0.096 V                             ; 0.019 V                             ; 4.18e-10 s                 ; 3.59e-10 s                 ; No                        ; Yes                       ;
; out_data[61]  ; 2.5 V        ; 0 s                 ; 0 s                 ; 2.32 V                       ; 4.49e-09 V                   ; 2.33 V              ; -0.00467 V          ; 0.226 V                              ; 0.087 V                              ; 2.91e-09 s                  ; 2.74e-09 s                  ; Yes                        ; Yes                        ; 2.32 V                      ; 4.49e-09 V                  ; 2.33 V             ; -0.00467 V         ; 0.226 V                             ; 0.087 V                             ; 2.91e-09 s                 ; 2.74e-09 s                 ; Yes                       ; Yes                       ;
; out_data[62]  ; 2.5 V        ; 0 s                 ; 0 s                 ; 2.32 V                       ; 4.49e-09 V                   ; 2.38 V              ; -0.00552 V          ; 0.096 V                              ; 0.019 V                              ; 4.18e-10 s                  ; 3.59e-10 s                  ; No                         ; Yes                        ; 2.32 V                      ; 4.49e-09 V                  ; 2.38 V             ; -0.00552 V         ; 0.096 V                             ; 0.019 V                             ; 4.18e-10 s                 ; 3.59e-10 s                 ; No                        ; Yes                       ;
; out_data[63]  ; 2.5 V        ; 0 s                 ; 0 s                 ; 2.32 V                       ; 4.49e-09 V                   ; 2.38 V              ; -0.00552 V          ; 0.096 V                              ; 0.019 V                              ; 4.18e-10 s                  ; 3.59e-10 s                  ; No                         ; Yes                        ; 2.32 V                      ; 4.49e-09 V                  ; 2.38 V             ; -0.00552 V         ; 0.096 V                             ; 0.019 V                             ; 4.18e-10 s                 ; 3.59e-10 s                 ; No                        ; Yes                       ;
; out_valid     ; 2.5 V        ; 0 s                 ; 0 s                 ; 2.32 V                       ; 4.49e-09 V                   ; 2.38 V              ; -0.00552 V          ; 0.096 V                              ; 0.019 V                              ; 4.18e-10 s                  ; 3.59e-10 s                  ; No                         ; Yes                        ; 2.32 V                      ; 4.49e-09 V                  ; 2.38 V             ; -0.00552 V         ; 0.096 V                             ; 0.019 V                             ; 4.18e-10 s                 ; 3.59e-10 s                 ; No                        ; Yes                       ;
; done          ; 2.5 V        ; 0 s                 ; 0 s                 ; 2.32 V                       ; 4.49e-09 V                   ; 2.38 V              ; -0.00552 V          ; 0.096 V                              ; 0.019 V                              ; 4.18e-10 s                  ; 3.59e-10 s                  ; No                         ; Yes                        ; 2.32 V                      ; 4.49e-09 V                  ; 2.38 V             ; -0.00552 V         ; 0.096 V                             ; 0.019 V                             ; 4.18e-10 s                 ; 3.59e-10 s                 ; No                        ; Yes                       ;
; ~ALTERA_DCLK~ ; 2.5 V        ; 0 s                 ; 0 s                 ; 2.32 V                       ; 2.67e-09 V                   ; 2.38 V              ; -0.0485 V           ; 0.167 V                              ; 0.096 V                              ; 2.95e-10 s                  ; 2.73e-10 s                  ; Yes                        ; Yes                        ; 2.32 V                      ; 2.67e-09 V                  ; 2.38 V             ; -0.0485 V          ; 0.167 V                             ; 0.096 V                             ; 2.95e-10 s                 ; 2.73e-10 s                 ; Yes                       ; Yes                       ;
; ~ALTERA_nCEO~ ; 2.5 V        ; 0 s                 ; 0 s                 ; 2.32 V                       ; 4.18e-09 V                   ; 2.38 V              ; -0.00483 V          ; 0.152 V                              ; 0.012 V                              ; 4.81e-10 s                  ; 6.29e-10 s                  ; Yes                        ; Yes                        ; 2.32 V                      ; 4.18e-09 V                  ; 2.38 V             ; -0.00483 V         ; 0.152 V                             ; 0.012 V                             ; 4.81e-10 s                 ; 6.29e-10 s                 ; Yes                       ; Yes                       ;
+---------------+--------------+---------------------+---------------------+------------------------------+------------------------------+---------------------+---------------------+--------------------------------------+--------------------------------------+-----------------------------+-----------------------------+----------------------------+----------------------------+-----------------------------+-----------------------------+--------------------+--------------------+-------------------------------------+-------------------------------------+----------------------------+----------------------------+---------------------------+---------------------------+


+--------------------------------------------------------------------------------------------------------------------------------------------------------------------------------------------------------------------------------------------------------------------------------------------------------------------------------------------------------------------------------------------------------------------------------------------------------------------------------------------------------------------------------------------------------------------------------------------------------------------------------------------------------------------------------------------+
; Signal Integrity Metrics (Slow 1200mv 85c Model)                                                                                                                                                                                                                                                                                                                                                                                                                                                                                                                                                                                                                                           ;
+---------------+--------------+---------------------+---------------------+------------------------------+------------------------------+---------------------+---------------------+--------------------------------------+--------------------------------------+-----------------------------+-----------------------------+----------------------------+----------------------------+-----------------------------+-----------------------------+--------------------+--------------------+-------------------------------------+-------------------------------------+----------------------------+----------------------------+---------------------------+---------------------------+
; Pin           ; I/O Standard ; Board Delay on Rise ; Board Delay on Fall ; Steady State Voh at FPGA Pin ; Steady State Vol at FPGA Pin ; Voh Max at FPGA Pin ; Vol Min at FPGA Pin ; Ringback Voltage on Rise at FPGA Pin ; Ringback Voltage on Fall at FPGA Pin ; 10-90 Rise Time at FPGA Pin ; 90-10 Fall Time at FPGA Pin ; Monotonic Rise at FPGA Pin ; Monotonic Fall at FPGA Pin ; Steady State Voh at Far-end ; Steady State Vol at Far-end ; Voh Max at Far-end ; Vol Min at Far-end ; Ringback Voltage on Rise at Far-end ; Ringback Voltage on Fall at Far-end ; 10-90 Rise Time at Far-end ; 90-10 Fall Time at Far-end ; Monotonic Rise at Far-end ; Monotonic Fall at Far-end ;
+---------------+--------------+---------------------+---------------------+------------------------------+------------------------------+---------------------+---------------------+--------------------------------------+--------------------------------------+-----------------------------+-----------------------------+----------------------------+----------------------------+-----------------------------+-----------------------------+--------------------+--------------------+-------------------------------------+-------------------------------------+----------------------------+----------------------------+---------------------------+---------------------------+
; rom_addr[0]   ; 2.5 V        ; 0 s                 ; 0 s                 ; 2.32 V                       ; 6.92e-07 V                   ; 2.35 V              ; -0.00996 V          ; 0.121 V                              ; 0.03 V                               ; 4.64e-10 s                  ; 4.47e-10 s                  ; Yes                        ; Yes                        ; 2.32 V                      ; 6.92e-07 V                  ; 2.35 V             ; -0.00996 V         ; 0.121 V                             ; 0.03 V                              ; 4.64e-10 s                 ; 4.47e-10 s                 ; Yes                       ; Yes                       ;
; rom_addr[1]   ; 2.5 V        ; 0 s                 ; 0 s                 ; 2.32 V                       ; 6.92e-07 V                   ; 2.35 V              ; -0.00996 V          ; 0.121 V                              ; 0.03 V                               ; 4.64e-10 s                  ; 4.47e-10 s                  ; Yes                        ; Yes                        ; 2.32 V                      ; 6.92e-07 V                  ; 2.35 V             ; -0.00996 V         ; 0.121 V                             ; 0.03 V                              ; 4.64e-10 s                 ; 4.47e-10 s                 ; Yes                       ; Yes                       ;
; rom_addr[2]   ; 2.5 V        ; 0 s                 ; 0 s                 ; 2.32 V                       ; 6.92e-07 V                   ; 2.35 V              ; -0.00996 V          ; 0.121 V                              ; 0.03 V                               ; 4.64e-10 s                  ; 4.47e-10 s                  ; Yes                        ; Yes                        ; 2.32 V                      ; 6.92e-07 V                  ; 2.35 V             ; -0.00996 V         ; 0.121 V                             ; 0.03 V                              ; 4.64e-10 s                 ; 4.47e-10 s                 ; Yes                       ; Yes                       ;
; rom_addr[3]   ; 2.5 V        ; 0 s                 ; 0 s                 ; 2.32 V                       ; 6.92e-07 V                   ; 2.35 V              ; -0.00996 V          ; 0.121 V                              ; 0.03 V                               ; 4.64e-10 s                  ; 4.47e-10 s                  ; Yes                        ; Yes                        ; 2.32 V                      ; 6.92e-07 V                  ; 2.35 V             ; -0.00996 V         ; 0.121 V                             ; 0.03 V                              ; 4.64e-10 s                 ; 4.47e-10 s                 ; Yes                       ; Yes                       ;
; rom_addr[4]   ; 2.5 V        ; 0 s                 ; 0 s                 ; 2.32 V                       ; 6.92e-07 V                   ; 2.35 V              ; -0.00996 V          ; 0.121 V                              ; 0.03 V                               ; 4.64e-10 s                  ; 4.47e-10 s                  ; Yes                        ; Yes                        ; 2.32 V                      ; 6.92e-07 V                  ; 2.35 V             ; -0.00996 V         ; 0.121 V                             ; 0.03 V                              ; 4.64e-10 s                 ; 4.47e-10 s                 ; Yes                       ; Yes                       ;
; rom_addr[5]   ; 2.5 V        ; 0 s                 ; 0 s                 ; 2.32 V                       ; 6.92e-07 V                   ; 2.35 V              ; -0.00996 V          ; 0.121 V                              ; 0.03 V                               ; 4.64e-10 s                  ; 4.47e-10 s                  ; Yes                        ; Yes                        ; 2.32 V                      ; 6.92e-07 V                  ; 2.35 V             ; -0.00996 V         ; 0.121 V                             ; 0.03 V                              ; 4.64e-10 s                 ; 4.47e-10 s                 ; Yes                       ; Yes                       ;
; rom_addr[6]   ; 2.5 V        ; 0 s                 ; 0 s                 ; 2.32 V                       ; 6.92e-07 V                   ; 2.35 V              ; -0.00996 V          ; 0.121 V                              ; 0.03 V                               ; 4.64e-10 s                  ; 4.47e-10 s                  ; Yes                        ; Yes                        ; 2.32 V                      ; 6.92e-07 V                  ; 2.35 V             ; -0.00996 V         ; 0.121 V                             ; 0.03 V                              ; 4.64e-10 s                 ; 4.47e-10 s                 ; Yes                       ; Yes                       ;
; rom_addr[7]   ; 2.5 V        ; 0 s                 ; 0 s                 ; 2.32 V                       ; 6.92e-07 V                   ; 2.35 V              ; -0.00996 V          ; 0.121 V                              ; 0.03 V                               ; 4.64e-10 s                  ; 4.47e-10 s                  ; Yes                        ; Yes                        ; 2.32 V                      ; 6.92e-07 V                  ; 2.35 V             ; -0.00996 V         ; 0.121 V                             ; 0.03 V                              ; 4.64e-10 s                 ; 4.47e-10 s                 ; Yes                       ; Yes                       ;
; rom_addr[8]   ; 2.5 V        ; 0 s                 ; 0 s                 ; 2.32 V                       ; 6.92e-07 V                   ; 2.35 V              ; -0.00996 V          ; 0.121 V                              ; 0.03 V                               ; 4.64e-10 s                  ; 4.47e-10 s                  ; Yes                        ; Yes                        ; 2.32 V                      ; 6.92e-07 V                  ; 2.35 V             ; -0.00996 V         ; 0.121 V                             ; 0.03 V                              ; 4.64e-10 s                 ; 4.47e-10 s                 ; Yes                       ; Yes                       ;
; rom_addr[9]   ; 2.5 V        ; 0 s                 ; 0 s                 ; 2.32 V                       ; 6.92e-07 V                   ; 2.35 V              ; -0.00996 V          ; 0.121 V                              ; 0.03 V                               ; 4.64e-10 s                  ; 4.47e-10 s                  ; Yes                        ; Yes                        ; 2.32 V                      ; 6.92e-07 V                  ; 2.35 V             ; -0.00996 V         ; 0.121 V                             ; 0.03 V                              ; 4.64e-10 s                 ; 4.47e-10 s                 ; Yes                       ; Yes                       ;
; rom_addr[10]  ; 2.5 V        ; 0 s                 ; 0 s                 ; 2.32 V                       ; 6.92e-07 V                   ; 2.35 V              ; -0.00996 V          ; 0.121 V                              ; 0.03 V                               ; 4.64e-10 s                  ; 4.47e-10 s                  ; Yes                        ; Yes                        ; 2.32 V                      ; 6.92e-07 V                  ; 2.35 V             ; -0.00996 V         ; 0.121 V                             ; 0.03 V                              ; 4.64e-10 s                 ; 4.47e-10 s                 ; Yes                       ; Yes                       ;
; rom_addr[11]  ; 2.5 V        ; 0 s                 ; 0 s                 ; 2.32 V                       ; 6.92e-07 V                   ; 2.35 V              ; -0.00996 V          ; 0.121 V                              ; 0.03 V                               ; 4.64e-10 s                  ; 4.47e-10 s                  ; Yes                        ; Yes                        ; 2.32 V                      ; 6.92e-07 V                  ; 2.35 V             ; -0.00996 V         ; 0.121 V                             ; 0.03 V                              ; 4.64e-10 s                 ; 4.47e-10 s                 ; Yes                       ; Yes                       ;
; rom_addr[12]  ; 2.5 V        ; 0 s                 ; 0 s                 ; 2.32 V                       ; 6.92e-07 V                   ; 2.35 V              ; -0.00996 V          ; 0.121 V                              ; 0.03 V                               ; 4.64e-10 s                  ; 4.47e-10 s                  ; Yes                        ; Yes                        ; 2.32 V                      ; 6.92e-07 V                  ; 2.35 V             ; -0.00996 V         ; 0.121 V                             ; 0.03 V                              ; 4.64e-10 s                 ; 4.47e-10 s                 ; Yes                       ; Yes                       ;
; rom_addr[13]  ; 2.5 V        ; 0 s                 ; 0 s                 ; 2.32 V                       ; 6.92e-07 V                   ; 2.35 V              ; -0.00996 V          ; 0.121 V                              ; 0.03 V                               ; 4.64e-10 s                  ; 4.47e-10 s                  ; Yes                        ; Yes                        ; 2.32 V                      ; 6.92e-07 V                  ; 2.35 V             ; -0.00996 V         ; 0.121 V                             ; 0.03 V                              ; 4.64e-10 s                 ; 4.47e-10 s                 ; Yes                       ; Yes                       ;
; rom_clock     ; 2.5 V        ; 0 s                 ; 0 s                 ; 2.32 V                       ; 4.67e-07 V                   ; 2.35 V              ; -0.00942 V          ; 0.116 V                              ; 0.033 V                              ; 6.66e-10 s                  ; 6.27e-10 s                  ; Yes                        ; Yes                        ; 2.32 V                      ; 4.67e-07 V                  ; 2.35 V             ; -0.00942 V         ; 0.116 V                             ; 0.033 V                             ; 6.66e-10 s                 ; 6.27e-10 s                 ; Yes                       ; Yes                       ;
; out_data[0]   ; 2.5 V        ; 0 s                 ; 0 s                 ; 2.32 V                       ; 6.92e-07 V                   ; 2.35 V              ; -0.00996 V          ; 0.121 V                              ; 0.03 V                               ; 4.64e-10 s                  ; 4.47e-10 s                  ; Yes                        ; Yes                        ; 2.32 V                      ; 6.92e-07 V                  ; 2.35 V             ; -0.00996 V         ; 0.121 V                             ; 0.03 V                              ; 4.64e-10 s                 ; 4.47e-10 s                 ; Yes                       ; Yes                       ;
; out_data[1]   ; 2.5 V        ; 0 s                 ; 0 s                 ; 2.32 V                       ; 6.92e-07 V                   ; 2.35 V              ; -0.00996 V          ; 0.121 V                              ; 0.03 V                               ; 4.64e-10 s                  ; 4.47e-10 s                  ; Yes                        ; Yes                        ; 2.32 V                      ; 6.92e-07 V                  ; 2.35 V             ; -0.00996 V         ; 0.121 V                             ; 0.03 V                              ; 4.64e-10 s                 ; 4.47e-10 s                 ; Yes                       ; Yes                       ;
; out_data[2]   ; 2.5 V        ; 0 s                 ; 0 s                 ; 2.32 V                       ; 6.92e-07 V                   ; 2.35 V              ; -0.00996 V          ; 0.121 V                              ; 0.03 V                               ; 4.64e-10 s                  ; 4.47e-10 s                  ; Yes                        ; Yes                        ; 2.32 V                      ; 6.92e-07 V                  ; 2.35 V             ; -0.00996 V         ; 0.121 V                             ; 0.03 V                              ; 4.64e-10 s                 ; 4.47e-10 s                 ; Yes                       ; Yes                       ;
; out_data[3]   ; 2.5 V        ; 0 s                 ; 0 s                 ; 2.32 V                       ; 4.67e-07 V                   ; 2.35 V              ; -0.00942 V          ; 0.116 V                              ; 0.033 V                              ; 6.66e-10 s                  ; 6.27e-10 s                  ; Yes                        ; Yes                        ; 2.32 V                      ; 4.67e-07 V                  ; 2.35 V             ; -0.00942 V         ; 0.116 V                             ; 0.033 V                             ; 6.66e-10 s                 ; 6.27e-10 s                 ; Yes                       ; Yes                       ;
; out_data[4]   ; 2.5 V        ; 0 s                 ; 0 s                 ; 2.32 V                       ; 6.92e-07 V                   ; 2.35 V              ; -0.00996 V          ; 0.121 V                              ; 0.03 V                               ; 4.64e-10 s                  ; 4.47e-10 s                  ; Yes                        ; Yes                        ; 2.32 V                      ; 6.92e-07 V                  ; 2.35 V             ; -0.00996 V         ; 0.121 V                             ; 0.03 V                              ; 4.64e-10 s                 ; 4.47e-10 s                 ; Yes                       ; Yes                       ;
; out_data[5]   ; 2.5 V        ; 0 s                 ; 0 s                 ; 2.32 V                       ; 6.92e-07 V                   ; 2.35 V              ; -0.00996 V          ; 0.121 V                              ; 0.03 V                               ; 4.64e-10 s                  ; 4.47e-10 s                  ; Yes                        ; Yes                        ; 2.32 V                      ; 6.92e-07 V                  ; 2.35 V             ; -0.00996 V         ; 0.121 V                             ; 0.03 V                              ; 4.64e-10 s                 ; 4.47e-10 s                 ; Yes                       ; Yes                       ;
; out_data[6]   ; 2.5 V        ; 0 s                 ; 0 s                 ; 2.32 V                       ; 6.92e-07 V                   ; 2.35 V              ; -0.00996 V          ; 0.121 V                              ; 0.03 V                               ; 4.64e-10 s                  ; 4.47e-10 s                  ; Yes                        ; Yes                        ; 2.32 V                      ; 6.92e-07 V                  ; 2.35 V             ; -0.00996 V         ; 0.121 V                             ; 0.03 V                              ; 4.64e-10 s                 ; 4.47e-10 s                 ; Yes                       ; Yes                       ;
; out_data[7]   ; 2.5 V        ; 0 s                 ; 0 s                 ; 2.32 V                       ; 4.67e-07 V                   ; 2.35 V              ; -0.00942 V          ; 0.116 V                              ; 0.033 V                              ; 6.66e-10 s                  ; 6.27e-10 s                  ; Yes                        ; Yes                        ; 2.32 V                      ; 4.67e-07 V                  ; 2.35 V             ; -0.00942 V         ; 0.116 V                             ; 0.033 V                             ; 6.66e-10 s                 ; 6.27e-10 s                 ; Yes                       ; Yes                       ;
; out_data[8]   ; 2.5 V        ; 0 s                 ; 0 s                 ; 2.32 V                       ; 6.92e-07 V                   ; 2.35 V              ; -0.00996 V          ; 0.121 V                              ; 0.03 V                               ; 4.64e-10 s                  ; 4.47e-10 s                  ; Yes                        ; Yes                        ; 2.32 V                      ; 6.92e-07 V                  ; 2.35 V             ; -0.00996 V         ; 0.121 V                             ; 0.03 V                              ; 4.64e-10 s                 ; 4.47e-10 s                 ; Yes                       ; Yes                       ;
; out_data[9]   ; 2.5 V        ; 0 s                 ; 0 s                 ; 2.32 V                       ; 6.92e-07 V                   ; 2.35 V              ; -0.00996 V          ; 0.121 V                              ; 0.03 V                               ; 4.64e-10 s                  ; 4.47e-10 s                  ; Yes                        ; Yes                        ; 2.32 V                      ; 6.92e-07 V                  ; 2.35 V             ; -0.00996 V         ; 0.121 V                             ; 0.03 V                              ; 4.64e-10 s                 ; 4.47e-10 s                 ; Yes                       ; Yes                       ;
; out_data[10]  ; 2.5 V        ; 0 s                 ; 0 s                 ; 2.32 V                       ; 6.92e-07 V                   ; 2.35 V              ; -0.00996 V          ; 0.121 V                              ; 0.03 V                               ; 4.64e-10 s                  ; 4.47e-10 s                  ; Yes                        ; Yes                        ; 2.32 V                      ; 6.92e-07 V                  ; 2.35 V             ; -0.00996 V         ; 0.121 V                             ; 0.03 V                              ; 4.64e-10 s                 ; 4.47e-10 s                 ; Yes                       ; Yes                       ;
; out_data[11]  ; 2.5 V        ; 0 s                 ; 0 s                 ; 2.32 V                       ; 6.92e-07 V                   ; 2.35 V              ; -0.00996 V          ; 0.121 V                              ; 0.03 V                               ; 4.64e-10 s                  ; 4.47e-10 s                  ; Yes                        ; Yes                        ; 2.32 V                      ; 6.92e-07 V                  ; 2.35 V             ; -0.00996 V         ; 0.121 V                             ; 0.03 V                              ; 4.64e-10 s                 ; 4.47e-10 s                 ; Yes                       ; Yes                       ;
; out_data[12]  ; 2.5 V        ; 0 s                 ; 0 s                 ; 2.32 V                       ; 6.92e-07 V                   ; 2.35 V              ; -0.00996 V          ; 0.121 V                              ; 0.03 V                               ; 4.64e-10 s                  ; 4.47e-10 s                  ; Yes                        ; Yes                        ; 2.32 V                      ; 6.92e-07 V                  ; 2.35 V             ; -0.00996 V         ; 0.121 V                             ; 0.03 V                              ; 4.64e-10 s                 ; 4.47e-10 s                 ; Yes                       ; Yes                       ;
; out_data[13]  ; 2.5 V        ; 0 s                 ; 0 s                 ; 2.32 V                       ; 6.92e-07 V                   ; 2.33 V              ; -0.00265 V          ; 0.133 V                              ; 0.056 V                              ; 3.55e-09 s                  ; 3.31e-09 s                  ; Yes                        ; Yes                        ; 2.32 V                      ; 6.92e-07 V                  ; 2.33 V             ; -0.00265 V         ; 0.133 V                             ; 0.056 V                             ; 3.55e-09 s                 ; 3.31e-09 s                 ; Yes                       ; Yes                       ;
; out_data[14]  ; 2.5 V        ; 0 s                 ; 0 s                 ; 2.32 V                       ; 6.92e-07 V                   ; 2.35 V              ; -0.00996 V          ; 0.121 V                              ; 0.03 V                               ; 4.64e-10 s                  ; 4.47e-10 s                  ; Yes                        ; Yes                        ; 2.32 V                      ; 6.92e-07 V                  ; 2.35 V             ; -0.00996 V         ; 0.121 V                             ; 0.03 V                              ; 4.64e-10 s                 ; 4.47e-10 s                 ; Yes                       ; Yes                       ;
; out_data[15]  ; 2.5 V        ; 0 s                 ; 0 s                 ; 2.32 V                       ; 6.92e-07 V                   ; 2.35 V              ; -0.00996 V          ; 0.121 V                              ; 0.03 V                               ; 4.64e-10 s                  ; 4.47e-10 s                  ; Yes                        ; Yes                        ; 2.32 V                      ; 6.92e-07 V                  ; 2.35 V             ; -0.00996 V         ; 0.121 V                             ; 0.03 V                              ; 4.64e-10 s                 ; 4.47e-10 s                 ; Yes                       ; Yes                       ;
; out_data[16]  ; 2.5 V        ; 0 s                 ; 0 s                 ; 2.32 V                       ; 4.67e-07 V                   ; 2.35 V              ; -0.00942 V          ; 0.116 V                              ; 0.033 V                              ; 6.66e-10 s                  ; 6.27e-10 s                  ; Yes                        ; Yes                        ; 2.32 V                      ; 4.67e-07 V                  ; 2.35 V             ; -0.00942 V         ; 0.116 V                             ; 0.033 V                             ; 6.66e-10 s                 ; 6.27e-10 s                 ; Yes                       ; Yes                       ;
; out_data[17]  ; 2.5 V        ; 0 s                 ; 0 s                 ; 2.32 V                       ; 4.67e-07 V                   ; 2.35 V              ; -0.00942 V          ; 0.116 V                              ; 0.033 V                              ; 6.66e-10 s                  ; 6.27e-10 s                  ; Yes                        ; Yes                        ; 2.32 V                      ; 4.67e-07 V                  ; 2.35 V             ; -0.00942 V         ; 0.116 V                             ; 0.033 V                             ; 6.66e-10 s                 ; 6.27e-10 s                 ; Yes                       ; Yes                       ;
; out_data[18]  ; 2.5 V        ; 0 s                 ; 0 s                 ; 2.32 V                       ; 6.92e-07 V                   ; 2.35 V              ; -0.00996 V          ; 0.121 V                              ; 0.03 V                               ; 4.64e-10 s                  ; 4.47e-10 s                  ; Yes                        ; Yes                        ; 2.32 V                      ; 6.92e-07 V                  ; 2.35 V             ; -0.00996 V         ; 0.121 V                             ; 0.03 V                              ; 4.64e-10 s                 ; 4.47e-10 s                 ; Yes                       ; Yes                       ;
; out_data[19]  ; 2.5 V        ; 0 s                 ; 0 s                 ; 2.32 V                       ; 6.92e-07 V                   ; 2.35 V              ; -0.00996 V          ; 0.121 V                              ; 0.03 V                               ; 4.64e-10 s                  ; 4.47e-10 s                  ; Yes                        ; Yes                        ; 2.32 V                      ; 6.92e-07 V                  ; 2.35 V             ; -0.00996 V         ; 0.121 V                             ; 0.03 V                              ; 4.64e-10 s                 ; 4.47e-10 s                 ; Yes                       ; Yes                       ;
; out_data[20]  ; 2.5 V        ; 0 s                 ; 0 s                 ; 2.32 V                       ; 4.67e-07 V                   ; 2.35 V              ; -0.00942 V          ; 0.116 V                              ; 0.033 V                              ; 6.66e-10 s                  ; 6.27e-10 s                  ; Yes                        ; Yes                        ; 2.32 V                      ; 4.67e-07 V                  ; 2.35 V             ; -0.00942 V         ; 0.116 V                             ; 0.033 V                             ; 6.66e-10 s                 ; 6.27e-10 s                 ; Yes                       ; Yes                       ;
; out_data[21]  ; 2.5 V        ; 0 s                 ; 0 s                 ; 2.32 V                       ; 4.67e-07 V                   ; 2.35 V              ; -0.00942 V          ; 0.116 V                              ; 0.033 V                              ; 6.66e-10 s                  ; 6.27e-10 s                  ; Yes                        ; Yes                        ; 2.32 V                      ; 4.67e-07 V                  ; 2.35 V             ; -0.00942 V         ; 0.116 V                             ; 0.033 V                             ; 6.66e-10 s                 ; 6.27e-10 s                 ; Yes                       ; Yes                       ;
; out_data[22]  ; 2.5 V        ; 0 s                 ; 0 s                 ; 2.32 V                       ; 6.92e-07 V                   ; 2.35 V              ; -0.00996 V          ; 0.121 V                              ; 0.03 V                               ; 4.64e-10 s                  ; 4.47e-10 s                  ; Yes                        ; Yes                        ; 2.32 V                      ; 6.92e-07 V                  ; 2.35 V             ; -0.00996 V         ; 0.121 V                             ; 0.03 V                              ; 4.64e-10 s                 ; 4.47e-10 s                 ; Yes                       ; Yes                       ;
; out_data[23]  ; 2.5 V        ; 0 s                 ; 0 s                 ; 2.32 V                       ; 6.92e-07 V                   ; 2.35 V              ; -0.00996 V          ; 0.121 V                              ; 0.03 V                               ; 4.64e-10 s                  ; 4.47e-10 s                  ; Yes                        ; Yes                        ; 2.32 V                      ; 6.92e-07 V                  ; 2.35 V             ; -0.00996 V         ; 0.121 V                             ; 0.03 V                              ; 4.64e-10 s                 ; 4.47e-10 s                 ; Yes                       ; Yes                       ;
; out_data[24]  ; 2.5 V        ; 0 s                 ; 0 s                 ; 2.32 V                       ; 6.92e-07 V                   ; 2.33 V              ; -0.00265 V          ; 0.133 V                              ; 0.056 V                              ; 3.55e-09 s                  ; 3.31e-09 s                  ; Yes                        ; Yes                        ; 2.32 V                      ; 6.92e-07 V                  ; 2.33 V             ; -0.00265 V         ; 0.133 V                             ; 0.056 V                             ; 3.55e-09 s                 ; 3.31e-09 s                 ; Yes                       ; Yes                       ;
; out_data[25]  ; 2.5 V        ; 0 s                 ; 0 s                 ; 2.32 V                       ; 6.92e-07 V                   ; 2.35 V              ; -0.00996 V          ; 0.121 V                              ; 0.03 V                               ; 4.64e-10 s                  ; 4.47e-10 s                  ; Yes                        ; Yes                        ; 2.32 V                      ; 6.92e-07 V                  ; 2.35 V             ; -0.00996 V         ; 0.121 V                             ; 0.03 V                              ; 4.64e-10 s                 ; 4.47e-10 s                 ; Yes                       ; Yes                       ;
; out_data[26]  ; 2.5 V        ; 0 s                 ; 0 s                 ; 2.32 V                       ; 6.92e-07 V                   ; 2.35 V              ; -0.00996 V          ; 0.121 V                              ; 0.03 V                               ; 4.64e-10 s                  ; 4.47e-10 s                  ; Yes                        ; Yes                        ; 2.32 V                      ; 6.92e-07 V                  ; 2.35 V             ; -0.00996 V         ; 0.121 V                             ; 0.03 V                              ; 4.64e-10 s                 ; 4.47e-10 s                 ; Yes                       ; Yes                       ;
; out_data[27]  ; 2.5 V        ; 0 s                 ; 0 s                 ; 2.32 V                       ; 6.92e-07 V                   ; 2.35 V              ; -0.00996 V          ; 0.121 V                              ; 0.03 V                               ; 4.64e-10 s                  ; 4.47e-10 s                  ; Yes                        ; Yes                        ; 2.32 V                      ; 6.92e-07 V                  ; 2.35 V             ; -0.00996 V         ; 0.121 V                             ; 0.03 V                              ; 4.64e-10 s                 ; 4.47e-10 s                 ; Yes                       ; Yes                       ;
; out_data[28]  ; 2.5 V        ; 0 s                 ; 0 s                 ; 2.32 V                       ; 6.92e-07 V                   ; 2.35 V              ; -0.00996 V          ; 0.121 V                              ; 0.03 V                               ; 4.64e-10 s                  ; 4.47e-10 s                  ; Yes                        ; Yes                        ; 2.32 V                      ; 6.92e-07 V                  ; 2.35 V             ; -0.00996 V         ; 0.121 V                             ; 0.03 V                              ; 4.64e-10 s                 ; 4.47e-10 s                 ; Yes                       ; Yes                       ;
; out_data[29]  ; 2.5 V        ; 0 s                 ; 0 s                 ; 2.32 V                       ; 6.92e-07 V                   ; 2.35 V              ; -0.00996 V          ; 0.121 V                              ; 0.03 V                               ; 4.64e-10 s                  ; 4.47e-10 s                  ; Yes                        ; Yes                        ; 2.32 V                      ; 6.92e-07 V                  ; 2.35 V             ; -0.00996 V         ; 0.121 V                             ; 0.03 V                              ; 4.64e-10 s                 ; 4.47e-10 s                 ; Yes                       ; Yes                       ;
; out_data[30]  ; 2.5 V        ; 0 s                 ; 0 s                 ; 2.32 V                       ; 6.92e-07 V                   ; 2.35 V              ; -0.00996 V          ; 0.121 V                              ; 0.03 V                               ; 4.64e-10 s                  ; 4.47e-10 s                  ; Yes                        ; Yes                        ; 2.32 V                      ; 6.92e-07 V                  ; 2.35 V             ; -0.00996 V         ; 0.121 V                             ; 0.03 V                              ; 4.64e-10 s                 ; 4.47e-10 s                 ; Yes                       ; Yes                       ;
; out_data[31]  ; 2.5 V        ; 0 s                 ; 0 s                 ; 2.32 V                       ; 6.92e-07 V                   ; 2.35 V              ; -0.00996 V          ; 0.121 V                              ; 0.03 V                               ; 4.64e-10 s                  ; 4.47e-10 s                  ; Yes                        ; Yes                        ; 2.32 V                      ; 6.92e-07 V                  ; 2.35 V             ; -0.00996 V         ; 0.121 V                             ; 0.03 V                              ; 4.64e-10 s                 ; 4.47e-10 s                 ; Yes                       ; Yes                       ;
; out_data[32]  ; 2.5 V        ; 0 s                 ; 0 s                 ; 2.32 V                       ; 6.92e-07 V                   ; 2.35 V              ; -0.00996 V          ; 0.121 V                              ; 0.03 V                               ; 4.64e-10 s                  ; 4.47e-10 s                  ; Yes                        ; Yes                        ; 2.32 V                      ; 6.92e-07 V                  ; 2.35 V             ; -0.00996 V         ; 0.121 V                             ; 0.03 V                              ; 4.64e-10 s                 ; 4.47e-10 s                 ; Yes                       ; Yes                       ;
; out_data[33]  ; 2.5 V        ; 0 s                 ; 0 s                 ; 2.32 V                       ; 4.67e-07 V                   ; 2.35 V              ; -0.00942 V          ; 0.116 V                              ; 0.033 V                              ; 6.66e-10 s                  ; 6.27e-10 s                  ; Yes                        ; Yes                        ; 2.32 V                      ; 4.67e-07 V                  ; 2.35 V             ; -0.00942 V         ; 0.116 V                             ; 0.033 V                             ; 6.66e-10 s                 ; 6.27e-10 s                 ; Yes                       ; Yes                       ;
; out_data[34]  ; 2.5 V        ; 0 s                 ; 0 s                 ; 2.32 V                       ; 6.92e-07 V                   ; 2.33 V              ; -0.00265 V          ; 0.133 V                              ; 0.056 V                              ; 3.55e-09 s                  ; 3.31e-09 s                  ; Yes                        ; Yes                        ; 2.32 V                      ; 6.92e-07 V                  ; 2.33 V             ; -0.00265 V         ; 0.133 V                             ; 0.056 V                             ; 3.55e-09 s                 ; 3.31e-09 s                 ; Yes                       ; Yes                       ;
; out_data[35]  ; 2.5 V        ; 0 s                 ; 0 s                 ; 2.32 V                       ; 6.92e-07 V                   ; 2.35 V              ; -0.00996 V          ; 0.121 V                              ; 0.03 V                               ; 4.64e-10 s                  ; 4.47e-10 s                  ; Yes                        ; Yes                        ; 2.32 V                      ; 6.92e-07 V                  ; 2.35 V             ; -0.00996 V         ; 0.121 V                             ; 0.03 V                              ; 4.64e-10 s                 ; 4.47e-10 s                 ; Yes                       ; Yes                       ;
; out_data[36]  ; 2.5 V        ; 0 s                 ; 0 s                 ; 2.32 V                       ; 6.92e-07 V                   ; 2.35 V              ; -0.00996 V          ; 0.121 V                              ; 0.03 V                               ; 4.64e-10 s                  ; 4.47e-10 s                  ; Yes                        ; Yes                        ; 2.32 V                      ; 6.92e-07 V                  ; 2.35 V             ; -0.00996 V         ; 0.121 V                             ; 0.03 V                              ; 4.64e-10 s                 ; 4.47e-10 s                 ; Yes                       ; Yes                       ;
; out_data[37]  ; 2.5 V        ; 0 s                 ; 0 s                 ; 2.32 V                       ; 6.92e-07 V                   ; 2.35 V              ; -0.00996 V          ; 0.121 V                              ; 0.03 V                               ; 4.64e-10 s                  ; 4.47e-10 s                  ; Yes                        ; Yes                        ; 2.32 V                      ; 6.92e-07 V                  ; 2.35 V             ; -0.00996 V         ; 0.121 V                             ; 0.03 V                              ; 4.64e-10 s                 ; 4.47e-10 s                 ; Yes                       ; Yes                       ;
; out_data[38]  ; 2.5 V        ; 0 s                 ; 0 s                 ; 2.32 V                       ; 4.67e-07 V                   ; 2.35 V              ; -0.00942 V          ; 0.116 V                              ; 0.033 V                              ; 6.66e-10 s                  ; 6.27e-10 s                  ; Yes                        ; Yes                        ; 2.32 V                      ; 4.67e-07 V                  ; 2.35 V             ; -0.00942 V         ; 0.116 V                             ; 0.033 V                             ; 6.66e-10 s                 ; 6.27e-10 s                 ; Yes                       ; Yes                       ;
; out_data[39]  ; 2.5 V        ; 0 s                 ; 0 s                 ; 2.32 V                       ; 6.92e-07 V                   ; 2.35 V              ; -0.00996 V          ; 0.121 V                              ; 0.03 V                               ; 4.64e-10 s                  ; 4.47e-10 s                  ; Yes                        ; Yes                        ; 2.32 V                      ; 6.92e-07 V                  ; 2.35 V             ; -0.00996 V         ; 0.121 V                             ; 0.03 V                              ; 4.64e-10 s                 ; 4.47e-10 s                 ; Yes                       ; Yes                       ;
; out_data[40]  ; 2.5 V        ; 0 s                 ; 0 s                 ; 2.32 V                       ; 6.92e-07 V                   ; 2.35 V              ; -0.00996 V          ; 0.121 V                              ; 0.03 V                               ; 4.64e-10 s                  ; 4.47e-10 s                  ; Yes                        ; Yes                        ; 2.32 V                      ; 6.92e-07 V                  ; 2.35 V             ; -0.00996 V         ; 0.121 V                             ; 0.03 V                              ; 4.64e-10 s                 ; 4.47e-10 s                 ; Yes                       ; Yes                       ;
; out_data[41]  ; 2.5 V        ; 0 s                 ; 0 s                 ; 2.32 V                       ; 6.92e-07 V                   ; 2.35 V              ; -0.00996 V          ; 0.121 V                              ; 0.03 V                               ; 4.64e-10 s                  ; 4.47e-10 s                  ; Yes                        ; Yes                        ; 2.32 V                      ; 6.92e-07 V                  ; 2.35 V             ; -0.00996 V         ; 0.121 V                             ; 0.03 V                              ; 4.64e-10 s                 ; 4.47e-10 s                 ; Yes                       ; Yes                       ;
; out_data[42]  ; 2.5 V        ; 0 s                 ; 0 s                 ; 2.32 V                       ; 6.92e-07 V                   ; 2.35 V              ; -0.00996 V          ; 0.121 V                              ; 0.03 V                               ; 4.64e-10 s                  ; 4.47e-10 s                  ; Yes                        ; Yes                        ; 2.32 V                      ; 6.92e-07 V                  ; 2.35 V             ; -0.00996 V         ; 0.121 V                             ; 0.03 V                              ; 4.64e-10 s                 ; 4.47e-10 s                 ; Yes                       ; Yes                       ;
; out_data[43]  ; 2.5 V        ; 0 s                 ; 0 s                 ; 2.32 V                       ; 6.92e-07 V                   ; 2.35 V              ; -0.00996 V          ; 0.121 V                              ; 0.03 V                               ; 4.64e-10 s                  ; 4.47e-10 s                  ; Yes                        ; Yes                        ; 2.32 V                      ; 6.92e-07 V                  ; 2.35 V             ; -0.00996 V         ; 0.121 V                             ; 0.03 V                              ; 4.64e-10 s                 ; 4.47e-10 s                 ; Yes                       ; Yes                       ;
; out_data[44]  ; 2.5 V        ; 0 s                 ; 0 s                 ; 2.32 V                       ; 4.67e-07 V                   ; 2.35 V              ; -0.00942 V          ; 0.116 V                              ; 0.033 V                              ; 6.66e-10 s                  ; 6.27e-10 s                  ; Yes                        ; Yes                        ; 2.32 V                      ; 4.67e-07 V                  ; 2.35 V             ; -0.00942 V         ; 0.116 V                             ; 0.033 V                             ; 6.66e-10 s                 ; 6.27e-10 s                 ; Yes                       ; Yes                       ;
; out_data[45]  ; 2.5 V        ; 0 s                 ; 0 s                 ; 2.32 V                       ; 6.92e-07 V                   ; 2.35 V              ; -0.00996 V          ; 0.121 V                              ; 0.03 V                               ; 4.64e-10 s                  ; 4.47e-10 s                  ; Yes                        ; Yes                        ; 2.32 V                      ; 6.92e-07 V                  ; 2.35 V             ; -0.00996 V         ; 0.121 V                             ; 0.03 V                              ; 4.64e-10 s                 ; 4.47e-10 s                 ; Yes                       ; Yes                       ;
; out_data[46]  ; 2.5 V        ; 0 s                 ; 0 s                 ; 2.32 V                       ; 6.92e-07 V                   ; 2.35 V              ; -0.00996 V          ; 0.121 V                              ; 0.03 V                               ; 4.64e-10 s                  ; 4.47e-10 s                  ; Yes                        ; Yes                        ; 2.32 V                      ; 6.92e-07 V                  ; 2.35 V             ; -0.00996 V         ; 0.121 V                             ; 0.03 V                              ; 4.64e-10 s                 ; 4.47e-10 s                 ; Yes                       ; Yes                       ;
; out_data[47]  ; 2.5 V        ; 0 s                 ; 0 s                 ; 2.32 V                       ; 4.67e-07 V                   ; 2.35 V              ; -0.00942 V          ; 0.116 V                              ; 0.033 V                              ; 6.66e-10 s                  ; 6.27e-10 s                  ; Yes                        ; Yes                        ; 2.32 V                      ; 4.67e-07 V                  ; 2.35 V             ; -0.00942 V         ; 0.116 V                             ; 0.033 V                             ; 6.66e-10 s                 ; 6.27e-10 s                 ; Yes                       ; Yes                       ;
; out_data[48]  ; 2.5 V        ; 0 s                 ; 0 s                 ; 2.32 V                       ; 6.92e-07 V                   ; 2.35 V              ; -0.00996 V          ; 0.121 V                              ; 0.03 V                               ; 4.64e-10 s                  ; 4.47e-10 s                  ; Yes                        ; Yes                        ; 2.32 V                      ; 6.92e-07 V                  ; 2.35 V             ; -0.00996 V         ; 0.121 V                             ; 0.03 V                              ; 4.64e-10 s                 ; 4.47e-10 s                 ; Yes                       ; Yes                       ;
; out_data[49]  ; 2.5 V        ; 0 s                 ; 0 s                 ; 2.32 V                       ; 6.92e-07 V                   ; 2.35 V              ; -0.00996 V          ; 0.121 V                              ; 0.03 V                               ; 4.64e-10 s                  ; 4.47e-10 s                  ; Yes                        ; Yes                        ; 2.32 V                      ; 6.92e-07 V                  ; 2.35 V             ; -0.00996 V         ; 0.121 V                             ; 0.03 V                              ; 4.64e-10 s                 ; 4.47e-10 s                 ; Yes                       ; Yes                       ;
; out_data[50]  ; 2.5 V        ; 0 s                 ; 0 s                 ; 2.32 V                       ; 4.67e-07 V                   ; 2.35 V              ; -0.00942 V          ; 0.116 V                              ; 0.033 V                              ; 6.66e-10 s                  ; 6.27e-10 s                  ; Yes                        ; Yes                        ; 2.32 V                      ; 4.67e-07 V                  ; 2.35 V             ; -0.00942 V         ; 0.116 V                             ; 0.033 V                             ; 6.66e-10 s                 ; 6.27e-10 s                 ; Yes                       ; Yes                       ;
; out_data[51]  ; 2.5 V        ; 0 s                 ; 0 s                 ; 2.32 V                       ; 6.92e-07 V                   ; 2.35 V              ; -0.00996 V          ; 0.121 V                              ; 0.03 V                               ; 4.64e-10 s                  ; 4.47e-10 s                  ; Yes                        ; Yes                        ; 2.32 V                      ; 6.92e-07 V                  ; 2.35 V             ; -0.00996 V         ; 0.121 V                             ; 0.03 V                              ; 4.64e-10 s                 ; 4.47e-10 s                 ; Yes                       ; Yes                       ;
; out_data[52]  ; 2.5 V        ; 0 s                 ; 0 s                 ; 2.32 V                       ; 6.92e-07 V                   ; 2.35 V              ; -0.00996 V          ; 0.121 V                              ; 0.03 V                               ; 4.64e-10 s                  ; 4.47e-10 s                  ; Yes                        ; Yes                        ; 2.32 V                      ; 6.92e-07 V                  ; 2.35 V             ; -0.00996 V         ; 0.121 V                             ; 0.03 V                              ; 4.64e-10 s                 ; 4.47e-10 s                 ; Yes                       ; Yes                       ;
; out_data[53]  ; 2.5 V        ; 0 s                 ; 0 s                 ; 2.32 V                       ; 6.92e-07 V                   ; 2.35 V              ; -0.00996 V          ; 0.121 V                              ; 0.03 V                               ; 4.64e-10 s                  ; 4.47e-10 s                  ; Yes                        ; Yes                        ; 2.32 V                      ; 6.92e-07 V                  ; 2.35 V             ; -0.00996 V         ; 0.121 V                             ; 0.03 V                              ; 4.64e-10 s                 ; 4.47e-10 s                 ; Yes                       ; Yes                       ;
; out_data[54]  ; 2.5 V        ; 0 s                 ; 0 s                 ; 2.32 V                       ; 4.67e-07 V                   ; 2.35 V              ; -0.00942 V          ; 0.116 V                              ; 0.033 V                              ; 6.66e-10 s                  ; 6.27e-10 s                  ; Yes                        ; Yes                        ; 2.32 V                      ; 4.67e-07 V                  ; 2.35 V             ; -0.00942 V         ; 0.116 V                             ; 0.033 V                             ; 6.66e-10 s                 ; 6.27e-10 s                 ; Yes                       ; Yes                       ;
; out_data[55]  ; 2.5 V        ; 0 s                 ; 0 s                 ; 2.32 V                       ; 6.92e-07 V                   ; 2.35 V              ; -0.00996 V          ; 0.121 V                              ; 0.03 V                               ; 4.64e-10 s                  ; 4.47e-10 s                  ; Yes                        ; Yes                        ; 2.32 V                      ; 6.92e-07 V                  ; 2.35 V             ; -0.00996 V         ; 0.121 V                             ; 0.03 V                              ; 4.64e-10 s                 ; 4.47e-10 s                 ; Yes                       ; Yes                       ;
; out_data[56]  ; 2.5 V        ; 0 s                 ; 0 s                 ; 2.32 V                       ; 4.67e-07 V                   ; 2.35 V              ; -0.00942 V          ; 0.116 V                              ; 0.033 V                              ; 6.66e-10 s                  ; 6.27e-10 s                  ; Yes                        ; Yes                        ; 2.32 V                      ; 4.67e-07 V                  ; 2.35 V             ; -0.00942 V         ; 0.116 V                             ; 0.033 V                             ; 6.66e-10 s                 ; 6.27e-10 s                 ; Yes                       ; Yes                       ;
; out_data[57]  ; 2.5 V        ; 0 s                 ; 0 s                 ; 2.32 V                       ; 6.92e-07 V                   ; 2.35 V              ; -0.00996 V          ; 0.121 V                              ; 0.03 V                               ; 4.64e-10 s                  ; 4.47e-10 s                  ; Yes                        ; Yes                        ; 2.32 V                      ; 6.92e-07 V                  ; 2.35 V             ; -0.00996 V         ; 0.121 V                             ; 0.03 V                              ; 4.64e-10 s                 ; 4.47e-10 s                 ; Yes                       ; Yes                       ;
; out_data[58]  ; 2.5 V        ; 0 s                 ; 0 s                 ; 2.32 V                       ; 6.92e-07 V                   ; 2.35 V              ; -0.00996 V          ; 0.121 V                              ; 0.03 V                               ; 4.64e-10 s                  ; 4.47e-10 s                  ; Yes                        ; Yes                        ; 2.32 V                      ; 6.92e-07 V                  ; 2.35 V             ; -0.00996 V         ; 0.121 V                             ; 0.03 V                              ; 4.64e-10 s                 ; 4.47e-10 s                 ; Yes                       ; Yes                       ;
; out_data[59]  ; 2.5 V        ; 0 s                 ; 0 s                 ; 2.32 V                       ; 6.92e-07 V                   ; 2.35 V              ; -0.00996 V          ; 0.121 V                              ; 0.03 V                               ; 4.64e-10 s                  ; 4.47e-10 s                  ; Yes                        ; Yes                        ; 2.32 V                      ; 6.92e-07 V                  ; 2.35 V             ; -0.00996 V         ; 0.121 V                             ; 0.03 V                              ; 4.64e-10 s                 ; 4.47e-10 s                 ; Yes                       ; Yes                       ;
; out_data[60]  ; 2.5 V        ; 0 s                 ; 0 s                 ; 2.32 V                       ; 6.92e-07 V                   ; 2.35 V              ; -0.00996 V          ; 0.121 V                              ; 0.03 V                               ; 4.64e-10 s                  ; 4.47e-10 s                  ; Yes                        ; Yes                        ; 2.32 V                      ; 6.92e-07 V                  ; 2.35 V             ; -0.00996 V         ; 0.121 V                             ; 0.03 V                              ; 4.64e-10 s                 ; 4.47e-10 s                 ; Yes                       ; Yes                       ;
; out_data[61]  ; 2.5 V        ; 0 s                 ; 0 s                 ; 2.32 V                       ; 6.92e-07 V                   ; 2.33 V              ; -0.00265 V          ; 0.133 V                              ; 0.056 V                              ; 3.55e-09 s                  ; 3.31e-09 s                  ; Yes                        ; Yes                        ; 2.32 V                      ; 6.92e-07 V                  ; 2.33 V             ; -0.00265 V         ; 0.133 V                             ; 0.056 V                             ; 3.55e-09 s                 ; 3.31e-09 s                 ; Yes                       ; Yes                       ;
; out_data[62]  ; 2.5 V        ; 0 s                 ; 0 s                 ; 2.32 V                       ; 6.92e-07 V                   ; 2.35 V              ; -0.00996 V          ; 0.121 V                              ; 0.03 V                               ; 4.64e-10 s                  ; 4.47e-10 s                  ; Yes                        ; Yes                        ; 2.32 V                      ; 6.92e-07 V                  ; 2.35 V             ; -0.00996 V         ; 0.121 V                             ; 0.03 V                              ; 4.64e-10 s                 ; 4.47e-10 s                 ; Yes                       ; Yes                       ;
; out_data[63]  ; 2.5 V        ; 0 s                 ; 0 s                 ; 2.32 V                       ; 6.92e-07 V                   ; 2.35 V              ; -0.00996 V          ; 0.121 V                              ; 0.03 V                               ; 4.64e-10 s                  ; 4.47e-10 s                  ; Yes                        ; Yes                        ; 2.32 V                      ; 6.92e-07 V                  ; 2.35 V             ; -0.00996 V         ; 0.121 V                             ; 0.03 V                              ; 4.64e-10 s                 ; 4.47e-10 s                 ; Yes                       ; Yes                       ;
; out_valid     ; 2.5 V        ; 0 s                 ; 0 s                 ; 2.32 V                       ; 6.92e-07 V                   ; 2.35 V              ; -0.00996 V          ; 0.121 V                              ; 0.03 V                               ; 4.64e-10 s                  ; 4.47e-10 s                  ; Yes                        ; Yes                        ; 2.32 V                      ; 6.92e-07 V                  ; 2.35 V             ; -0.00996 V         ; 0.121 V                             ; 0.03 V                              ; 4.64e-10 s                 ; 4.47e-10 s                 ; Yes                       ; Yes                       ;
; done          ; 2.5 V        ; 0 s                 ; 0 s                 ; 2.32 V                       ; 6.92e-07 V                   ; 2.35 V              ; -0.00996 V          ; 0.121 V                              ; 0.03 V                               ; 4.64e-10 s                  ; 4.47e-10 s                  ; Yes                        ; Yes                        ; 2.32 V                      ; 6.92e-07 V                  ; 2.35 V             ; -0.00996 V         ; 0.121 V                             ; 0.03 V                              ; 4.64e-10 s                 ; 4.47e-10 s                 ; Yes                       ; Yes                       ;
; ~ALTERA_DCLK~ ; 2.5 V        ; 0 s                 ; 0 s                 ; 2.32 V                       ; 3.75e-07 V                   ; 2.35 V              ; -0.0109 V           ; 0.084 V                              ; 0.027 V                              ; 4.31e-10 s                  ; 3.61e-10 s                  ; Yes                        ; Yes                        ; 2.32 V                      ; 3.75e-07 V                  ; 2.35 V             ; -0.0109 V          ; 0.084 V                             ; 0.027 V                             ; 4.31e-10 s                 ; 3.61e-10 s                 ; Yes                       ; Yes                       ;
; ~ALTERA_nCEO~ ; 2.5 V        ; 0 s                 ; 0 s                 ; 2.32 V                       ; 6.15e-07 V                   ; 2.35 V              ; -0.00712 V          ; 0.093 V                              ; 0.02 V                               ; 6.21e-10 s                  ; 7.9e-10 s                   ; Yes                        ; Yes                        ; 2.32 V                      ; 6.15e-07 V                  ; 2.35 V             ; -0.00712 V         ; 0.093 V                             ; 0.02 V                              ; 6.21e-10 s                 ; 7.9e-10 s                  ; Yes                       ; Yes                       ;
+---------------+--------------+---------------------+---------------------+------------------------------+------------------------------+---------------------+---------------------+--------------------------------------+--------------------------------------+-----------------------------+-----------------------------+----------------------------+----------------------------+-----------------------------+-----------------------------+--------------------+--------------------+-------------------------------------+-------------------------------------+----------------------------+----------------------------+---------------------------+---------------------------+


+--------------------------------------------------------------------------------------------------------------------------------------------------------------------------------------------------------------------------------------------------------------------------------------------------------------------------------------------------------------------------------------------------------------------------------------------------------------------------------------------------------------------------------------------------------------------------------------------------------------------------------------------------------------------------------------------+
; Signal Integrity Metrics (Fast 1200mv 0c Model)                                                                                                                                                                                                                                                                                                                                                                                                                                                                                                                                                                                                                                            ;
+---------------+--------------+---------------------+---------------------+------------------------------+------------------------------+---------------------+---------------------+--------------------------------------+--------------------------------------+-----------------------------+-----------------------------+----------------------------+----------------------------+-----------------------------+-----------------------------+--------------------+--------------------+-------------------------------------+-------------------------------------+----------------------------+----------------------------+---------------------------+---------------------------+
; Pin           ; I/O Standard ; Board Delay on Rise ; Board Delay on Fall ; Steady State Voh at FPGA Pin ; Steady State Vol at FPGA Pin ; Voh Max at FPGA Pin ; Vol Min at FPGA Pin ; Ringback Voltage on Rise at FPGA Pin ; Ringback Voltage on Fall at FPGA Pin ; 10-90 Rise Time at FPGA Pin ; 90-10 Fall Time at FPGA Pin ; Monotonic Rise at FPGA Pin ; Monotonic Fall at FPGA Pin ; Steady State Voh at Far-end ; Steady State Vol at Far-end ; Voh Max at Far-end ; Vol Min at Far-end ; Ringback Voltage on Rise at Far-end ; Ringback Voltage on Fall at Far-end ; 10-90 Rise Time at Far-end ; 90-10 Fall Time at Far-end ; Monotonic Rise at Far-end ; Monotonic Fall at Far-end ;
+---------------+--------------+---------------------+---------------------+------------------------------+------------------------------+---------------------+---------------------+--------------------------------------+--------------------------------------+-----------------------------+-----------------------------+----------------------------+----------------------------+-----------------------------+-----------------------------+--------------------+--------------------+-------------------------------------+-------------------------------------+----------------------------+----------------------------+---------------------------+---------------------------+
; rom_addr[0]   ; 2.5 V        ; 0 s                 ; 0 s                 ; 2.62 V                       ; 4.05e-08 V                   ; 2.72 V              ; -0.0349 V           ; 0.173 V                              ; 0.1 V                                ; 2.72e-10 s                  ; 2.69e-10 s                  ; Yes                        ; Yes                        ; 2.62 V                      ; 4.05e-08 V                  ; 2.72 V             ; -0.0349 V          ; 0.173 V                             ; 0.1 V                               ; 2.72e-10 s                 ; 2.69e-10 s                 ; Yes                       ; Yes                       ;
; rom_addr[1]   ; 2.5 V        ; 0 s                 ; 0 s                 ; 2.62 V                       ; 4.05e-08 V                   ; 2.72 V              ; -0.0349 V           ; 0.173 V                              ; 0.1 V                                ; 2.72e-10 s                  ; 2.69e-10 s                  ; Yes                        ; Yes                        ; 2.62 V                      ; 4.05e-08 V                  ; 2.72 V             ; -0.0349 V          ; 0.173 V                             ; 0.1 V                               ; 2.72e-10 s                 ; 2.69e-10 s                 ; Yes                       ; Yes                       ;
; rom_addr[2]   ; 2.5 V        ; 0 s                 ; 0 s                 ; 2.62 V                       ; 4.05e-08 V                   ; 2.72 V              ; -0.0349 V           ; 0.173 V                              ; 0.1 V                                ; 2.72e-10 s                  ; 2.69e-10 s                  ; Yes                        ; Yes                        ; 2.62 V                      ; 4.05e-08 V                  ; 2.72 V             ; -0.0349 V          ; 0.173 V                             ; 0.1 V                               ; 2.72e-10 s                 ; 2.69e-10 s                 ; Yes                       ; Yes                       ;
; rom_addr[3]   ; 2.5 V        ; 0 s                 ; 0 s                 ; 2.62 V                       ; 4.05e-08 V                   ; 2.72 V              ; -0.0349 V           ; 0.173 V                              ; 0.1 V                                ; 2.72e-10 s                  ; 2.69e-10 s                  ; Yes                        ; Yes                        ; 2.62 V                      ; 4.05e-08 V                  ; 2.72 V             ; -0.0349 V          ; 0.173 V                             ; 0.1 V                               ; 2.72e-10 s                 ; 2.69e-10 s                 ; Yes                       ; Yes                       ;
; rom_addr[4]   ; 2.5 V        ; 0 s                 ; 0 s                 ; 2.62 V                       ; 4.05e-08 V                   ; 2.72 V              ; -0.0349 V           ; 0.173 V                              ; 0.1 V                                ; 2.72e-10 s                  ; 2.69e-10 s                  ; Yes                        ; Yes                        ; 2.62 V                      ; 4.05e-08 V                  ; 2.72 V             ; -0.0349 V          ; 0.173 V                             ; 0.1 V                               ; 2.72e-10 s                 ; 2.69e-10 s                 ; Yes                       ; Yes                       ;
; rom_addr[5]   ; 2.5 V        ; 0 s                 ; 0 s                 ; 2.62 V                       ; 4.05e-08 V                   ; 2.72 V              ; -0.0349 V           ; 0.173 V                              ; 0.1 V                                ; 2.72e-10 s                  ; 2.69e-10 s                  ; Yes                        ; Yes                        ; 2.62 V                      ; 4.05e-08 V                  ; 2.72 V             ; -0.0349 V          ; 0.173 V                             ; 0.1 V                               ; 2.72e-10 s                 ; 2.69e-10 s                 ; Yes                       ; Yes                       ;
; rom_addr[6]   ; 2.5 V        ; 0 s                 ; 0 s                 ; 2.62 V                       ; 4.05e-08 V                   ; 2.72 V              ; -0.0349 V           ; 0.173 V                              ; 0.1 V                                ; 2.72e-10 s                  ; 2.69e-10 s                  ; Yes                        ; Yes                        ; 2.62 V                      ; 4.05e-08 V                  ; 2.72 V             ; -0.0349 V          ; 0.173 V                             ; 0.1 V                               ; 2.72e-10 s                 ; 2.69e-10 s                 ; Yes                       ; Yes                       ;
; rom_addr[7]   ; 2.5 V        ; 0 s                 ; 0 s                 ; 2.62 V                       ; 4.05e-08 V                   ; 2.72 V              ; -0.0349 V           ; 0.173 V                              ; 0.1 V                                ; 2.72e-10 s                  ; 2.69e-10 s                  ; Yes                        ; Yes                        ; 2.62 V                      ; 4.05e-08 V                  ; 2.72 V             ; -0.0349 V          ; 0.173 V                             ; 0.1 V                               ; 2.72e-10 s                 ; 2.69e-10 s                 ; Yes                       ; Yes                       ;
; rom_addr[8]   ; 2.5 V        ; 0 s                 ; 0 s                 ; 2.62 V                       ; 4.05e-08 V                   ; 2.72 V              ; -0.0349 V           ; 0.173 V                              ; 0.1 V                                ; 2.72e-10 s                  ; 2.69e-10 s                  ; Yes                        ; Yes                        ; 2.62 V                      ; 4.05e-08 V                  ; 2.72 V             ; -0.0349 V          ; 0.173 V                             ; 0.1 V                               ; 2.72e-10 s                 ; 2.69e-10 s                 ; Yes                       ; Yes                       ;
; rom_addr[9]   ; 2.5 V        ; 0 s                 ; 0 s                 ; 2.62 V                       ; 4.05e-08 V                   ; 2.72 V              ; -0.0349 V           ; 0.173 V                              ; 0.1 V                                ; 2.72e-10 s                  ; 2.69e-10 s                  ; Yes                        ; Yes                        ; 2.62 V                      ; 4.05e-08 V                  ; 2.72 V             ; -0.0349 V          ; 0.173 V                             ; 0.1 V                               ; 2.72e-10 s                 ; 2.69e-10 s                 ; Yes                       ; Yes                       ;
; rom_addr[10]  ; 2.5 V        ; 0 s                 ; 0 s                 ; 2.62 V                       ; 4.05e-08 V                   ; 2.72 V              ; -0.0349 V           ; 0.173 V                              ; 0.1 V                                ; 2.72e-10 s                  ; 2.69e-10 s                  ; Yes                        ; Yes                        ; 2.62 V                      ; 4.05e-08 V                  ; 2.72 V             ; -0.0349 V          ; 0.173 V                             ; 0.1 V                               ; 2.72e-10 s                 ; 2.69e-10 s                 ; Yes                       ; Yes                       ;
; rom_addr[11]  ; 2.5 V        ; 0 s                 ; 0 s                 ; 2.62 V                       ; 4.05e-08 V                   ; 2.72 V              ; -0.0349 V           ; 0.173 V                              ; 0.1 V                                ; 2.72e-10 s                  ; 2.69e-10 s                  ; Yes                        ; Yes                        ; 2.62 V                      ; 4.05e-08 V                  ; 2.72 V             ; -0.0349 V          ; 0.173 V                             ; 0.1 V                               ; 2.72e-10 s                 ; 2.69e-10 s                 ; Yes                       ; Yes                       ;
; rom_addr[12]  ; 2.5 V        ; 0 s                 ; 0 s                 ; 2.62 V                       ; 4.05e-08 V                   ; 2.72 V              ; -0.0349 V           ; 0.173 V                              ; 0.1 V                                ; 2.72e-10 s                  ; 2.69e-10 s                  ; Yes                        ; Yes                        ; 2.62 V                      ; 4.05e-08 V                  ; 2.72 V             ; -0.0349 V          ; 0.173 V                             ; 0.1 V                               ; 2.72e-10 s                 ; 2.69e-10 s                 ; Yes                       ; Yes                       ;
; rom_addr[13]  ; 2.5 V        ; 0 s                 ; 0 s                 ; 2.62 V                       ; 4.05e-08 V                   ; 2.72 V              ; -0.0349 V           ; 0.173 V                              ; 0.1 V                                ; 2.72e-10 s                  ; 2.69e-10 s                  ; Yes                        ; Yes                        ; 2.62 V                      ; 4.05e-08 V                  ; 2.72 V             ; -0.0349 V          ; 0.173 V                             ; 0.1 V                               ; 2.72e-10 s                 ; 2.69e-10 s                 ; Yes                       ; Yes                       ;
; rom_clock     ; 2.5 V        ; 0 s                 ; 0 s                 ; 2.62 V                       ; 2.74e-08 V                   ; 2.71 V              ; -0.0317 V           ; 0.148 V                              ; 0.064 V                              ; 4.51e-10 s                  ; 4.15e-10 s                  ; No                         ; Yes                        ; 2.62 V                      ; 2.74e-08 V                  ; 2.71 V             ; -0.0317 V          ; 0.148 V                             ; 0.064 V                             ; 4.51e-10 s                 ; 4.15e-10 s                 ; No                        ; Yes                       ;
; out_data[0]   ; 2.5 V        ; 0 s                 ; 0 s                 ; 2.62 V                       ; 4.05e-08 V                   ; 2.72 V              ; -0.0349 V           ; 0.173 V                              ; 0.1 V                                ; 2.72e-10 s                  ; 2.69e-10 s                  ; Yes                        ; Yes                        ; 2.62 V                      ; 4.05e-08 V                  ; 2.72 V             ; -0.0349 V          ; 0.173 V                             ; 0.1 V                               ; 2.72e-10 s                 ; 2.69e-10 s                 ; Yes                       ; Yes                       ;
; out_data[1]   ; 2.5 V        ; 0 s                 ; 0 s                 ; 2.62 V                       ; 4.05e-08 V                   ; 2.72 V              ; -0.0349 V           ; 0.173 V                              ; 0.1 V                                ; 2.72e-10 s                  ; 2.69e-10 s                  ; Yes                        ; Yes                        ; 2.62 V                      ; 4.05e-08 V                  ; 2.72 V             ; -0.0349 V          ; 0.173 V                             ; 0.1 V                               ; 2.72e-10 s                 ; 2.69e-10 s                 ; Yes                       ; Yes                       ;
; out_data[2]   ; 2.5 V        ; 0 s                 ; 0 s                 ; 2.62 V                       ; 4.05e-08 V                   ; 2.72 V              ; -0.0349 V           ; 0.173 V                              ; 0.1 V                                ; 2.72e-10 s                  ; 2.69e-10 s                  ; Yes                        ; Yes                        ; 2.62 V                      ; 4.05e-08 V                  ; 2.72 V             ; -0.0349 V          ; 0.173 V                             ; 0.1 V                               ; 2.72e-10 s                 ; 2.69e-10 s                 ; Yes                       ; Yes                       ;
; out_data[3]   ; 2.5 V        ; 0 s                 ; 0 s                 ; 2.62 V                       ; 2.74e-08 V                   ; 2.71 V              ; -0.0317 V           ; 0.148 V                              ; 0.064 V                              ; 4.51e-10 s                  ; 4.15e-10 s                  ; No                         ; Yes                        ; 2.62 V                      ; 2.74e-08 V                  ; 2.71 V             ; -0.0317 V          ; 0.148 V                             ; 0.064 V                             ; 4.51e-10 s                 ; 4.15e-10 s                 ; No                        ; Yes                       ;
; out_data[4]   ; 2.5 V        ; 0 s                 ; 0 s                 ; 2.62 V                       ; 4.05e-08 V                   ; 2.72 V              ; -0.0349 V           ; 0.173 V                              ; 0.1 V                                ; 2.72e-10 s                  ; 2.69e-10 s                  ; Yes                        ; Yes                        ; 2.62 V                      ; 4.05e-08 V                  ; 2.72 V             ; -0.0349 V          ; 0.173 V                             ; 0.1 V                               ; 2.72e-10 s                 ; 2.69e-10 s                 ; Yes                       ; Yes                       ;
; out_data[5]   ; 2.5 V        ; 0 s                 ; 0 s                 ; 2.62 V                       ; 4.05e-08 V                   ; 2.72 V              ; -0.0349 V           ; 0.173 V                              ; 0.1 V                                ; 2.72e-10 s                  ; 2.69e-10 s                  ; Yes                        ; Yes                        ; 2.62 V                      ; 4.05e-08 V                  ; 2.72 V             ; -0.0349 V          ; 0.173 V                             ; 0.1 V                               ; 2.72e-10 s                 ; 2.69e-10 s                 ; Yes                       ; Yes                       ;
; out_data[6]   ; 2.5 V        ; 0 s                 ; 0 s                 ; 2.62 V                       ; 4.05e-08 V                   ; 2.72 V              ; -0.0349 V           ; 0.173 V                              ; 0.1 V                                ; 2.72e-10 s                  ; 2.69e-10 s                  ; Yes                        ; Yes                        ; 2.62 V                      ; 4.05e-08 V                  ; 2.72 V             ; -0.0349 V          ; 0.173 V                             ; 0.1 V                               ; 2.72e-10 s                 ; 2.69e-10 s                 ; Yes                       ; Yes                       ;
; out_data[7]   ; 2.5 V        ; 0 s                 ; 0 s                 ; 2.62 V                       ; 2.74e-08 V                   ; 2.71 V              ; -0.0317 V           ; 0.148 V                              ; 0.064 V                              ; 4.51e-10 s                  ; 4.15e-10 s                  ; No                         ; Yes                        ; 2.62 V                      ; 2.74e-08 V                  ; 2.71 V             ; -0.0317 V          ; 0.148 V                             ; 0.064 V                             ; 4.51e-10 s                 ; 4.15e-10 s                 ; No                        ; Yes                       ;
; out_data[8]   ; 2.5 V        ; 0 s                 ; 0 s                 ; 2.62 V                       ; 4.05e-08 V                   ; 2.72 V              ; -0.0349 V           ; 0.173 V                              ; 0.1 V                                ; 2.72e-10 s                  ; 2.69e-10 s                  ; Yes                        ; Yes                        ; 2.62 V                      ; 4.05e-08 V                  ; 2.72 V             ; -0.0349 V          ; 0.173 V                             ; 0.1 V                               ; 2.72e-10 s                 ; 2.69e-10 s                 ; Yes                       ; Yes                       ;
; out_data[9]   ; 2.5 V        ; 0 s                 ; 0 s                 ; 2.62 V                       ; 4.05e-08 V                   ; 2.72 V              ; -0.0349 V           ; 0.173 V                              ; 0.1 V                                ; 2.72e-10 s                  ; 2.69e-10 s                  ; Yes                        ; Yes                        ; 2.62 V                      ; 4.05e-08 V                  ; 2.72 V             ; -0.0349 V          ; 0.173 V                             ; 0.1 V                               ; 2.72e-10 s                 ; 2.69e-10 s                 ; Yes                       ; Yes                       ;
; out_data[10]  ; 2.5 V        ; 0 s                 ; 0 s                 ; 2.62 V                       ; 4.05e-08 V                   ; 2.72 V              ; -0.0349 V           ; 0.173 V                              ; 0.1 V                                ; 2.72e-10 s                  ; 2.69e-10 s                  ; Yes                        ; Yes                        ; 2.62 V                      ; 4.05e-08 V                  ; 2.72 V             ; -0.0349 V          ; 0.173 V                             ; 0.1 V                               ; 2.72e-10 s                 ; 2.69e-10 s                 ; Yes                       ; Yes                       ;
; out_data[11]  ; 2.5 V        ; 0 s                 ; 0 s                 ; 2.62 V                       ; 4.05e-08 V                   ; 2.72 V              ; -0.0349 V           ; 0.173 V                              ; 0.1 V                                ; 2.72e-10 s                  ; 2.69e-10 s                  ; Yes                        ; Yes                        ; 2.62 V                      ; 4.05e-08 V                  ; 2.72 V             ; -0.0349 V          ; 0.173 V                             ; 0.1 V                               ; 2.72e-10 s                 ; 2.69e-10 s                 ; Yes                       ; Yes                       ;
; out_data[12]  ; 2.5 V        ; 0 s                 ; 0 s                 ; 2.62 V                       ; 4.05e-08 V                   ; 2.72 V              ; -0.0349 V           ; 0.173 V                              ; 0.1 V                                ; 2.72e-10 s                  ; 2.69e-10 s                  ; Yes                        ; Yes                        ; 2.62 V                      ; 4.05e-08 V                  ; 2.72 V             ; -0.0349 V          ; 0.173 V                             ; 0.1 V                               ; 2.72e-10 s                 ; 2.69e-10 s                 ; Yes                       ; Yes                       ;
; out_data[13]  ; 2.5 V        ; 0 s                 ; 0 s                 ; 2.62 V                       ; 4.05e-08 V                   ; 2.64 V              ; -0.0113 V           ; 0.208 V                              ; 0.179 V                              ; 2.38e-09 s                  ; 2.23e-09 s                  ; No                         ; Yes                        ; 2.62 V                      ; 4.05e-08 V                  ; 2.64 V             ; -0.0113 V          ; 0.208 V                             ; 0.179 V                             ; 2.38e-09 s                 ; 2.23e-09 s                 ; No                        ; Yes                       ;
; out_data[14]  ; 2.5 V        ; 0 s                 ; 0 s                 ; 2.62 V                       ; 4.05e-08 V                   ; 2.72 V              ; -0.0349 V           ; 0.173 V                              ; 0.1 V                                ; 2.72e-10 s                  ; 2.69e-10 s                  ; Yes                        ; Yes                        ; 2.62 V                      ; 4.05e-08 V                  ; 2.72 V             ; -0.0349 V          ; 0.173 V                             ; 0.1 V                               ; 2.72e-10 s                 ; 2.69e-10 s                 ; Yes                       ; Yes                       ;
; out_data[15]  ; 2.5 V        ; 0 s                 ; 0 s                 ; 2.62 V                       ; 4.05e-08 V                   ; 2.72 V              ; -0.0349 V           ; 0.173 V                              ; 0.1 V                                ; 2.72e-10 s                  ; 2.69e-10 s                  ; Yes                        ; Yes                        ; 2.62 V                      ; 4.05e-08 V                  ; 2.72 V             ; -0.0349 V          ; 0.173 V                             ; 0.1 V                               ; 2.72e-10 s                 ; 2.69e-10 s                 ; Yes                       ; Yes                       ;
; out_data[16]  ; 2.5 V        ; 0 s                 ; 0 s                 ; 2.62 V                       ; 2.74e-08 V                   ; 2.71 V              ; -0.0317 V           ; 0.148 V                              ; 0.064 V                              ; 4.51e-10 s                  ; 4.15e-10 s                  ; No                         ; Yes                        ; 2.62 V                      ; 2.74e-08 V                  ; 2.71 V             ; -0.0317 V          ; 0.148 V                             ; 0.064 V                             ; 4.51e-10 s                 ; 4.15e-10 s                 ; No                        ; Yes                       ;
; out_data[17]  ; 2.5 V        ; 0 s                 ; 0 s                 ; 2.62 V                       ; 2.74e-08 V                   ; 2.71 V              ; -0.0317 V           ; 0.148 V                              ; 0.064 V                              ; 4.51e-10 s                  ; 4.15e-10 s                  ; No                         ; Yes                        ; 2.62 V                      ; 2.74e-08 V                  ; 2.71 V             ; -0.0317 V          ; 0.148 V                             ; 0.064 V                             ; 4.51e-10 s                 ; 4.15e-10 s                 ; No                        ; Yes                       ;
; out_data[18]  ; 2.5 V        ; 0 s                 ; 0 s                 ; 2.62 V                       ; 4.05e-08 V                   ; 2.72 V              ; -0.0349 V           ; 0.173 V                              ; 0.1 V                                ; 2.72e-10 s                  ; 2.69e-10 s                  ; Yes                        ; Yes                        ; 2.62 V                      ; 4.05e-08 V                  ; 2.72 V             ; -0.0349 V          ; 0.173 V                             ; 0.1 V                               ; 2.72e-10 s                 ; 2.69e-10 s                 ; Yes                       ; Yes                       ;
; out_data[19]  ; 2.5 V        ; 0 s                 ; 0 s                 ; 2.62 V                       ; 4.05e-08 V                   ; 2.72 V              ; -0.0349 V           ; 0.173 V                              ; 0.1 V                                ; 2.72e-10 s                  ; 2.69e-10 s                  ; Yes                        ; Yes                        ; 2.62 V                      ; 4.05e-08 V                  ; 2.72 V             ; -0.0349 V          ; 0.173 V                             ; 0.1 V                               ; 2.72e-10 s                 ; 2.69e-10 s                 ; Yes                       ; Yes                       ;
; out_data[20]  ; 2.5 V        ; 0 s                 ; 0 s                 ; 2.62 V                       ; 2.74e-08 V                   ; 2.71 V              ; -0.0317 V           ; 0.148 V                              ; 0.064 V                              ; 4.51e-10 s                  ; 4.15e-10 s                  ; No                         ; Yes                        ; 2.62 V                      ; 2.74e-08 V                  ; 2.71 V             ; -0.0317 V          ; 0.148 V                             ; 0.064 V                             ; 4.51e-10 s                 ; 4.15e-10 s                 ; No                        ; Yes                       ;
; out_data[21]  ; 2.5 V        ; 0 s                 ; 0 s                 ; 2.62 V                       ; 2.74e-08 V                   ; 2.71 V              ; -0.0317 V           ; 0.148 V                              ; 0.064 V                              ; 4.51e-10 s                  ; 4.15e-10 s                  ; No                         ; Yes                        ; 2.62 V                      ; 2.74e-08 V                  ; 2.71 V             ; -0.0317 V          ; 0.148 V                             ; 0.064 V                             ; 4.51e-10 s                 ; 4.15e-10 s                 ; No                        ; Yes                       ;
; out_data[22]  ; 2.5 V        ; 0 s                 ; 0 s                 ; 2.62 V                       ; 4.05e-08 V                   ; 2.72 V              ; -0.0349 V           ; 0.173 V                              ; 0.1 V                                ; 2.72e-10 s                  ; 2.69e-10 s                  ; Yes                        ; Yes                        ; 2.62 V                      ; 4.05e-08 V                  ; 2.72 V             ; -0.0349 V          ; 0.173 V                             ; 0.1 V                               ; 2.72e-10 s                 ; 2.69e-10 s                 ; Yes                       ; Yes                       ;
; out_data[23]  ; 2.5 V        ; 0 s                 ; 0 s                 ; 2.62 V                       ; 4.05e-08 V                   ; 2.72 V              ; -0.0349 V           ; 0.173 V                              ; 0.1 V                                ; 2.72e-10 s                  ; 2.69e-10 s                  ; Yes                        ; Yes                        ; 2.62 V                      ; 4.05e-08 V                  ; 2.72 V             ; -0.0349 V          ; 0.173 V                             ; 0.1 V                               ; 2.72e-10 s                 ; 2.69e-10 s                 ; Yes                       ; Yes                       ;
; out_data[24]  ; 2.5 V        ; 0 s                 ; 0 s                 ; 2.62 V                       ; 4.05e-08 V                   ; 2.64 V              ; -0.0113 V           ; 0.208 V                              ; 0.179 V                              ; 2.38e-09 s                  ; 2.23e-09 s                  ; No                         ; Yes                        ; 2.62 V                      ; 4.05e-08 V                  ; 2.64 V             ; -0.0113 V          ; 0.208 V                             ; 0.179 V                             ; 2.38e-09 s                 ; 2.23e-09 s                 ; No                        ; Yes                       ;
; out_data[25]  ; 2.5 V        ; 0 s                 ; 0 s                 ; 2.62 V                       ; 4.05e-08 V                   ; 2.72 V              ; -0.0349 V           ; 0.173 V                              ; 0.1 V                                ; 2.72e-10 s                  ; 2.69e-10 s                  ; Yes                        ; Yes                        ; 2.62 V                      ; 4.05e-08 V                  ; 2.72 V             ; -0.0349 V          ; 0.173 V                             ; 0.1 V                               ; 2.72e-10 s                 ; 2.69e-10 s                 ; Yes                       ; Yes                       ;
; out_data[26]  ; 2.5 V        ; 0 s                 ; 0 s                 ; 2.62 V                       ; 4.05e-08 V                   ; 2.72 V              ; -0.0349 V           ; 0.173 V                              ; 0.1 V                                ; 2.72e-10 s                  ; 2.69e-10 s                  ; Yes                        ; Yes                        ; 2.62 V                      ; 4.05e-08 V                  ; 2.72 V             ; -0.0349 V          ; 0.173 V                             ; 0.1 V                               ; 2.72e-10 s                 ; 2.69e-10 s                 ; Yes                       ; Yes                       ;
; out_data[27]  ; 2.5 V        ; 0 s                 ; 0 s                 ; 2.62 V                       ; 4.05e-08 V                   ; 2.72 V              ; -0.0349 V           ; 0.173 V                              ; 0.1 V                                ; 2.72e-10 s                  ; 2.69e-10 s                  ; Yes                        ; Yes                        ; 2.62 V                      ; 4.05e-08 V                  ; 2.72 V             ; -0.0349 V          ; 0.173 V                             ; 0.1 V                               ; 2.72e-10 s                 ; 2.69e-10 s                 ; Yes                       ; Yes                       ;
; out_data[28]  ; 2.5 V        ; 0 s                 ; 0 s                 ; 2.62 V                       ; 4.05e-08 V                   ; 2.72 V              ; -0.0349 V           ; 0.173 V                              ; 0.1 V                                ; 2.72e-10 s                  ; 2.69e-10 s                  ; Yes                        ; Yes                        ; 2.62 V                      ; 4.05e-08 V                  ; 2.72 V             ; -0.0349 V          ; 0.173 V                             ; 0.1 V                               ; 2.72e-10 s                 ; 2.69e-10 s                 ; Yes                       ; Yes                       ;
; out_data[29]  ; 2.5 V        ; 0 s                 ; 0 s                 ; 2.62 V                       ; 4.05e-08 V                   ; 2.72 V              ; -0.0349 V           ; 0.173 V                              ; 0.1 V                                ; 2.72e-10 s                  ; 2.69e-10 s                  ; Yes                        ; Yes                        ; 2.62 V                      ; 4.05e-08 V                  ; 2.72 V             ; -0.0349 V          ; 0.173 V                             ; 0.1 V                               ; 2.72e-10 s                 ; 2.69e-10 s                 ; Yes                       ; Yes                       ;
; out_data[30]  ; 2.5 V        ; 0 s                 ; 0 s                 ; 2.62 V                       ; 4.05e-08 V                   ; 2.72 V              ; -0.0349 V           ; 0.173 V                              ; 0.1 V                                ; 2.72e-10 s                  ; 2.69e-10 s                  ; Yes                        ; Yes                        ; 2.62 V                      ; 4.05e-08 V                  ; 2.72 V             ; -0.0349 V          ; 0.173 V                             ; 0.1 V                               ; 2.72e-10 s                 ; 2.69e-10 s                 ; Yes                       ; Yes                       ;
; out_data[31]  ; 2.5 V        ; 0 s                 ; 0 s                 ; 2.62 V                       ; 4.05e-08 V                   ; 2.72 V              ; -0.0349 V           ; 0.173 V                              ; 0.1 V                                ; 2.72e-10 s                  ; 2.69e-10 s                  ; Yes                        ; Yes                        ; 2.62 V                      ; 4.05e-08 V                  ; 2.72 V             ; -0.0349 V          ; 0.173 V                             ; 0.1 V                               ; 2.72e-10 s                 ; 2.69e-10 s                 ; Yes                       ; Yes                       ;
; out_data[32]  ; 2.5 V        ; 0 s                 ; 0 s                 ; 2.62 V                       ; 4.05e-08 V                   ; 2.72 V              ; -0.0349 V           ; 0.173 V                              ; 0.1 V                                ; 2.72e-10 s                  ; 2.69e-10 s                  ; Yes                        ; Yes                        ; 2.62 V                      ; 4.05e-08 V                  ; 2.72 V             ; -0.0349 V          ; 0.173 V                             ; 0.1 V                               ; 2.72e-10 s                 ; 2.69e-10 s                 ; Yes                       ; Yes                       ;
; out_data[33]  ; 2.5 V        ; 0 s                 ; 0 s                 ; 2.62 V                       ; 2.74e-08 V                   ; 2.71 V              ; -0.0317 V           ; 0.148 V                              ; 0.064 V                              ; 4.51e-10 s                  ; 4.15e-10 s                  ; No                         ; Yes                        ; 2.62 V                      ; 2.74e-08 V                  ; 2.71 V             ; -0.0317 V          ; 0.148 V                             ; 0.064 V                             ; 4.51e-10 s                 ; 4.15e-10 s                 ; No                        ; Yes                       ;
; out_data[34]  ; 2.5 V        ; 0 s                 ; 0 s                 ; 2.62 V                       ; 4.05e-08 V                   ; 2.64 V              ; -0.0113 V           ; 0.208 V                              ; 0.179 V                              ; 2.38e-09 s                  ; 2.23e-09 s                  ; No                         ; Yes                        ; 2.62 V                      ; 4.05e-08 V                  ; 2.64 V             ; -0.0113 V          ; 0.208 V                             ; 0.179 V                             ; 2.38e-09 s                 ; 2.23e-09 s                 ; No                        ; Yes                       ;
; out_data[35]  ; 2.5 V        ; 0 s                 ; 0 s                 ; 2.62 V                       ; 4.05e-08 V                   ; 2.72 V              ; -0.0349 V           ; 0.173 V                              ; 0.1 V                                ; 2.72e-10 s                  ; 2.69e-10 s                  ; Yes                        ; Yes                        ; 2.62 V                      ; 4.05e-08 V                  ; 2.72 V             ; -0.0349 V          ; 0.173 V                             ; 0.1 V                               ; 2.72e-10 s                 ; 2.69e-10 s                 ; Yes                       ; Yes                       ;
; out_data[36]  ; 2.5 V        ; 0 s                 ; 0 s                 ; 2.62 V                       ; 4.05e-08 V                   ; 2.72 V              ; -0.0349 V           ; 0.173 V                              ; 0.1 V                                ; 2.72e-10 s                  ; 2.69e-10 s                  ; Yes                        ; Yes                        ; 2.62 V                      ; 4.05e-08 V                  ; 2.72 V             ; -0.0349 V          ; 0.173 V                             ; 0.1 V                               ; 2.72e-10 s                 ; 2.69e-10 s                 ; Yes                       ; Yes                       ;
; out_data[37]  ; 2.5 V        ; 0 s                 ; 0 s                 ; 2.62 V                       ; 4.05e-08 V                   ; 2.72 V              ; -0.0349 V           ; 0.173 V                              ; 0.1 V                                ; 2.72e-10 s                  ; 2.69e-10 s                  ; Yes                        ; Yes                        ; 2.62 V                      ; 4.05e-08 V                  ; 2.72 V             ; -0.0349 V          ; 0.173 V                             ; 0.1 V                               ; 2.72e-10 s                 ; 2.69e-10 s                 ; Yes                       ; Yes                       ;
; out_data[38]  ; 2.5 V        ; 0 s                 ; 0 s                 ; 2.62 V                       ; 2.74e-08 V                   ; 2.71 V              ; -0.0317 V           ; 0.148 V                              ; 0.064 V                              ; 4.51e-10 s                  ; 4.15e-10 s                  ; No                         ; Yes                        ; 2.62 V                      ; 2.74e-08 V                  ; 2.71 V             ; -0.0317 V          ; 0.148 V                             ; 0.064 V                             ; 4.51e-10 s                 ; 4.15e-10 s                 ; No                        ; Yes                       ;
; out_data[39]  ; 2.5 V        ; 0 s                 ; 0 s                 ; 2.62 V                       ; 4.05e-08 V                   ; 2.72 V              ; -0.0349 V           ; 0.173 V                              ; 0.1 V                                ; 2.72e-10 s                  ; 2.69e-10 s                  ; Yes                        ; Yes                        ; 2.62 V                      ; 4.05e-08 V                  ; 2.72 V             ; -0.0349 V          ; 0.173 V                             ; 0.1 V                               ; 2.72e-10 s                 ; 2.69e-10 s                 ; Yes                       ; Yes                       ;
; out_data[40]  ; 2.5 V        ; 0 s                 ; 0 s                 ; 2.62 V                       ; 4.05e-08 V                   ; 2.72 V              ; -0.0349 V           ; 0.173 V                              ; 0.1 V                                ; 2.72e-10 s                  ; 2.69e-10 s                  ; Yes                        ; Yes                        ; 2.62 V                      ; 4.05e-08 V                  ; 2.72 V             ; -0.0349 V          ; 0.173 V                             ; 0.1 V                               ; 2.72e-10 s                 ; 2.69e-10 s                 ; Yes                       ; Yes                       ;
; out_data[41]  ; 2.5 V        ; 0 s                 ; 0 s                 ; 2.62 V                       ; 4.05e-08 V                   ; 2.72 V              ; -0.0349 V           ; 0.173 V                              ; 0.1 V                                ; 2.72e-10 s                  ; 2.69e-10 s                  ; Yes                        ; Yes                        ; 2.62 V                      ; 4.05e-08 V                  ; 2.72 V             ; -0.0349 V          ; 0.173 V                             ; 0.1 V                               ; 2.72e-10 s                 ; 2.69e-10 s                 ; Yes                       ; Yes                       ;
; out_data[42]  ; 2.5 V        ; 0 s                 ; 0 s                 ; 2.62 V                       ; 4.05e-08 V                   ; 2.72 V              ; -0.0349 V           ; 0.173 V                              ; 0.1 V                                ; 2.72e-10 s                  ; 2.69e-10 s                  ; Yes                        ; Yes                        ; 2.62 V                      ; 4.05e-08 V                  ; 2.72 V             ; -0.0349 V          ; 0.173 V                             ; 0.1 V                               ; 2.72e-10 s                 ; 2.69e-10 s                 ; Yes                       ; Yes                       ;
; out_data[43]  ; 2.5 V        ; 0 s                 ; 0 s                 ; 2.62 V                       ; 4.05e-08 V                   ; 2.72 V              ; -0.0349 V           ; 0.173 V                              ; 0.1 V                                ; 2.72e-10 s                  ; 2.69e-10 s                  ; Yes                        ; Yes                        ; 2.62 V                      ; 4.05e-08 V                  ; 2.72 V             ; -0.0349 V          ; 0.173 V                             ; 0.1 V                               ; 2.72e-10 s                 ; 2.69e-10 s                 ; Yes                       ; Yes                       ;
; out_data[44]  ; 2.5 V        ; 0 s                 ; 0 s                 ; 2.62 V                       ; 2.74e-08 V                   ; 2.71 V              ; -0.0317 V           ; 0.148 V                              ; 0.064 V                              ; 4.51e-10 s                  ; 4.15e-10 s                  ; No                         ; Yes                        ; 2.62 V                      ; 2.74e-08 V                  ; 2.71 V             ; -0.0317 V          ; 0.148 V                             ; 0.064 V                             ; 4.51e-10 s                 ; 4.15e-10 s                 ; No                        ; Yes                       ;
; out_data[45]  ; 2.5 V        ; 0 s                 ; 0 s                 ; 2.62 V                       ; 4.05e-08 V                   ; 2.72 V              ; -0.0349 V           ; 0.173 V                              ; 0.1 V                                ; 2.72e-10 s                  ; 2.69e-10 s                  ; Yes                        ; Yes                        ; 2.62 V                      ; 4.05e-08 V                  ; 2.72 V             ; -0.0349 V          ; 0.173 V                             ; 0.1 V                               ; 2.72e-10 s                 ; 2.69e-10 s                 ; Yes                       ; Yes                       ;
; out_data[46]  ; 2.5 V        ; 0 s                 ; 0 s                 ; 2.62 V                       ; 4.05e-08 V                   ; 2.72 V              ; -0.0349 V           ; 0.173 V                              ; 0.1 V                                ; 2.72e-10 s                  ; 2.69e-10 s                  ; Yes                        ; Yes                        ; 2.62 V                      ; 4.05e-08 V                  ; 2.72 V             ; -0.0349 V          ; 0.173 V                             ; 0.1 V                               ; 2.72e-10 s                 ; 2.69e-10 s                 ; Yes                       ; Yes                       ;
; out_data[47]  ; 2.5 V        ; 0 s                 ; 0 s                 ; 2.62 V                       ; 2.74e-08 V                   ; 2.71 V              ; -0.0317 V           ; 0.148 V                              ; 0.064 V                              ; 4.51e-10 s                  ; 4.15e-10 s                  ; No                         ; Yes                        ; 2.62 V                      ; 2.74e-08 V                  ; 2.71 V             ; -0.0317 V          ; 0.148 V                             ; 0.064 V                             ; 4.51e-10 s                 ; 4.15e-10 s                 ; No                        ; Yes                       ;
; out_data[48]  ; 2.5 V        ; 0 s                 ; 0 s                 ; 2.62 V                       ; 4.05e-08 V                   ; 2.72 V              ; -0.0349 V           ; 0.173 V                              ; 0.1 V                                ; 2.72e-10 s                  ; 2.69e-10 s                  ; Yes                        ; Yes                        ; 2.62 V                      ; 4.05e-08 V                  ; 2.72 V             ; -0.0349 V          ; 0.173 V                             ; 0.1 V                               ; 2.72e-10 s                 ; 2.69e-10 s                 ; Yes                       ; Yes                       ;
; out_data[49]  ; 2.5 V        ; 0 s                 ; 0 s                 ; 2.62 V                       ; 4.05e-08 V                   ; 2.72 V              ; -0.0349 V           ; 0.173 V                              ; 0.1 V                                ; 2.72e-10 s                  ; 2.69e-10 s                  ; Yes                        ; Yes                        ; 2.62 V                      ; 4.05e-08 V                  ; 2.72 V             ; -0.0349 V          ; 0.173 V                             ; 0.1 V                               ; 2.72e-10 s                 ; 2.69e-10 s                 ; Yes                       ; Yes                       ;
; out_data[50]  ; 2.5 V        ; 0 s                 ; 0 s                 ; 2.62 V                       ; 2.74e-08 V                   ; 2.71 V              ; -0.0317 V           ; 0.148 V                              ; 0.064 V                              ; 4.51e-10 s                  ; 4.15e-10 s                  ; No                         ; Yes                        ; 2.62 V                      ; 2.74e-08 V                  ; 2.71 V             ; -0.0317 V          ; 0.148 V                             ; 0.064 V                             ; 4.51e-10 s                 ; 4.15e-10 s                 ; No                        ; Yes                       ;
; out_data[51]  ; 2.5 V        ; 0 s                 ; 0 s                 ; 2.62 V                       ; 4.05e-08 V                   ; 2.72 V              ; -0.0349 V           ; 0.173 V                              ; 0.1 V                                ; 2.72e-10 s                  ; 2.69e-10 s                  ; Yes                        ; Yes                        ; 2.62 V                      ; 4.05e-08 V                  ; 2.72 V             ; -0.0349 V          ; 0.173 V                             ; 0.1 V                               ; 2.72e-10 s                 ; 2.69e-10 s                 ; Yes                       ; Yes                       ;
; out_data[52]  ; 2.5 V        ; 0 s                 ; 0 s                 ; 2.62 V                       ; 4.05e-08 V                   ; 2.72 V              ; -0.0349 V           ; 0.173 V                              ; 0.1 V                                ; 2.72e-10 s                  ; 2.69e-10 s                  ; Yes                        ; Yes                        ; 2.62 V                      ; 4.05e-08 V                  ; 2.72 V             ; -0.0349 V          ; 0.173 V                             ; 0.1 V                               ; 2.72e-10 s                 ; 2.69e-10 s                 ; Yes                       ; Yes                       ;
; out_data[53]  ; 2.5 V        ; 0 s                 ; 0 s                 ; 2.62 V                       ; 4.05e-08 V                   ; 2.72 V              ; -0.0349 V           ; 0.173 V                              ; 0.1 V                                ; 2.72e-10 s                  ; 2.69e-10 s                  ; Yes                        ; Yes                        ; 2.62 V                      ; 4.05e-08 V                  ; 2.72 V             ; -0.0349 V          ; 0.173 V                             ; 0.1 V                               ; 2.72e-10 s                 ; 2.69e-10 s                 ; Yes                       ; Yes                       ;
; out_data[54]  ; 2.5 V        ; 0 s                 ; 0 s                 ; 2.62 V                       ; 2.74e-08 V                   ; 2.71 V              ; -0.0317 V           ; 0.148 V                              ; 0.064 V                              ; 4.51e-10 s                  ; 4.15e-10 s                  ; No                         ; Yes                        ; 2.62 V                      ; 2.74e-08 V                  ; 2.71 V             ; -0.0317 V          ; 0.148 V                             ; 0.064 V                             ; 4.51e-10 s                 ; 4.15e-10 s                 ; No                        ; Yes                       ;
; out_data[55]  ; 2.5 V        ; 0 s                 ; 0 s                 ; 2.62 V                       ; 4.05e-08 V                   ; 2.72 V              ; -0.0349 V           ; 0.173 V                              ; 0.1 V                                ; 2.72e-10 s                  ; 2.69e-10 s                  ; Yes                        ; Yes                        ; 2.62 V                      ; 4.05e-08 V                  ; 2.72 V             ; -0.0349 V          ; 0.173 V                             ; 0.1 V                               ; 2.72e-10 s                 ; 2.69e-10 s                 ; Yes                       ; Yes                       ;
; out_data[56]  ; 2.5 V        ; 0 s                 ; 0 s                 ; 2.62 V                       ; 2.74e-08 V                   ; 2.71 V              ; -0.0317 V           ; 0.148 V                              ; 0.064 V                              ; 4.51e-10 s                  ; 4.15e-10 s                  ; No                         ; Yes                        ; 2.62 V                      ; 2.74e-08 V                  ; 2.71 V             ; -0.0317 V          ; 0.148 V                             ; 0.064 V                             ; 4.51e-10 s                 ; 4.15e-10 s                 ; No                        ; Yes                       ;
; out_data[57]  ; 2.5 V        ; 0 s                 ; 0 s                 ; 2.62 V                       ; 4.05e-08 V                   ; 2.72 V              ; -0.0349 V           ; 0.173 V                              ; 0.1 V                                ; 2.72e-10 s                  ; 2.69e-10 s                  ; Yes                        ; Yes                        ; 2.62 V                      ; 4.05e-08 V                  ; 2.72 V             ; -0.0349 V          ; 0.173 V                             ; 0.1 V                               ; 2.72e-10 s                 ; 2.69e-10 s                 ; Yes                       ; Yes                       ;
; out_data[58]  ; 2.5 V        ; 0 s                 ; 0 s                 ; 2.62 V                       ; 4.05e-08 V                   ; 2.72 V              ; -0.0349 V           ; 0.173 V                              ; 0.1 V                                ; 2.72e-10 s                  ; 2.69e-10 s                  ; Yes                        ; Yes                        ; 2.62 V                      ; 4.05e-08 V                  ; 2.72 V             ; -0.0349 V          ; 0.173 V                             ; 0.1 V                               ; 2.72e-10 s                 ; 2.69e-10 s                 ; Yes                       ; Yes                       ;
; out_data[59]  ; 2.5 V        ; 0 s                 ; 0 s                 ; 2.62 V                       ; 4.05e-08 V                   ; 2.72 V              ; -0.0349 V           ; 0.173 V                              ; 0.1 V                                ; 2.72e-10 s                  ; 2.69e-10 s                  ; Yes                        ; Yes                        ; 2.62 V                      ; 4.05e-08 V                  ; 2.72 V             ; -0.0349 V          ; 0.173 V                             ; 0.1 V                               ; 2.72e-10 s                 ; 2.69e-10 s                 ; Yes                       ; Yes                       ;
; out_data[60]  ; 2.5 V        ; 0 s                 ; 0 s                 ; 2.62 V                       ; 4.05e-08 V                   ; 2.72 V              ; -0.0349 V           ; 0.173 V                              ; 0.1 V                                ; 2.72e-10 s                  ; 2.69e-10 s                  ; Yes                        ; Yes                        ; 2.62 V                      ; 4.05e-08 V                  ; 2.72 V             ; -0.0349 V          ; 0.173 V                             ; 0.1 V                               ; 2.72e-10 s                 ; 2.69e-10 s                 ; Yes                       ; Yes                       ;
; out_data[61]  ; 2.5 V        ; 0 s                 ; 0 s                 ; 2.62 V                       ; 4.05e-08 V                   ; 2.64 V              ; -0.0113 V           ; 0.208 V                              ; 0.179 V                              ; 2.38e-09 s                  ; 2.23e-09 s                  ; No                         ; Yes                        ; 2.62 V                      ; 4.05e-08 V                  ; 2.64 V             ; -0.0113 V          ; 0.208 V                             ; 0.179 V                             ; 2.38e-09 s                 ; 2.23e-09 s                 ; No                        ; Yes                       ;
; out_data[62]  ; 2.5 V        ; 0 s                 ; 0 s                 ; 2.62 V                       ; 4.05e-08 V                   ; 2.72 V              ; -0.0349 V           ; 0.173 V                              ; 0.1 V                                ; 2.72e-10 s                  ; 2.69e-10 s                  ; Yes                        ; Yes                        ; 2.62 V                      ; 4.05e-08 V                  ; 2.72 V             ; -0.0349 V          ; 0.173 V                             ; 0.1 V                               ; 2.72e-10 s                 ; 2.69e-10 s                 ; Yes                       ; Yes                       ;
; out_data[63]  ; 2.5 V        ; 0 s                 ; 0 s                 ; 2.62 V                       ; 4.05e-08 V                   ; 2.72 V              ; -0.0349 V           ; 0.173 V                              ; 0.1 V                                ; 2.72e-10 s                  ; 2.69e-10 s                  ; Yes                        ; Yes                        ; 2.62 V                      ; 4.05e-08 V                  ; 2.72 V             ; -0.0349 V          ; 0.173 V                             ; 0.1 V                               ; 2.72e-10 s                 ; 2.69e-10 s                 ; Yes                       ; Yes                       ;
; out_valid     ; 2.5 V        ; 0 s                 ; 0 s                 ; 2.62 V                       ; 4.05e-08 V                   ; 2.72 V              ; -0.0349 V           ; 0.173 V                              ; 0.1 V                                ; 2.72e-10 s                  ; 2.69e-10 s                  ; Yes                        ; Yes                        ; 2.62 V                      ; 4.05e-08 V                  ; 2.72 V             ; -0.0349 V          ; 0.173 V                             ; 0.1 V                               ; 2.72e-10 s                 ; 2.69e-10 s                 ; Yes                       ; Yes                       ;
; done          ; 2.5 V        ; 0 s                 ; 0 s                 ; 2.62 V                       ; 4.05e-08 V                   ; 2.72 V              ; -0.0349 V           ; 0.173 V                              ; 0.1 V                                ; 2.72e-10 s                  ; 2.69e-10 s                  ; Yes                        ; Yes                        ; 2.62 V                      ; 4.05e-08 V                  ; 2.72 V             ; -0.0349 V          ; 0.173 V                             ; 0.1 V                               ; 2.72e-10 s                 ; 2.69e-10 s                 ; Yes                       ; Yes                       ;
; ~ALTERA_DCLK~ ; 2.5 V        ; 0 s                 ; 0 s                 ; 2.62 V                       ; 2.22e-08 V                   ; 2.74 V              ; -0.06 V             ; 0.158 V                              ; 0.08 V                               ; 2.68e-10 s                  ; 2.19e-10 s                  ; Yes                        ; Yes                        ; 2.62 V                      ; 2.22e-08 V                  ; 2.74 V             ; -0.06 V            ; 0.158 V                             ; 0.08 V                              ; 2.68e-10 s                 ; 2.19e-10 s                 ; Yes                       ; Yes                       ;
; ~ALTERA_nCEO~ ; 2.5 V        ; 0 s                 ; 0 s                 ; 2.62 V                       ; 3.54e-08 V                   ; 2.7 V               ; -0.00943 V          ; 0.276 V                              ; 0.035 V                              ; 3.19e-10 s                  ; 4.99e-10 s                  ; No                         ; Yes                        ; 2.62 V                      ; 3.54e-08 V                  ; 2.7 V              ; -0.00943 V         ; 0.276 V                             ; 0.035 V                             ; 3.19e-10 s                 ; 4.99e-10 s                 ; No                        ; Yes                       ;
+---------------+--------------+---------------------+---------------------+------------------------------+------------------------------+---------------------+---------------------+--------------------------------------+--------------------------------------+-----------------------------+-----------------------------+----------------------------+----------------------------+-----------------------------+-----------------------------+--------------------+--------------------+-------------------------------------+-------------------------------------+----------------------------+----------------------------+---------------------------+---------------------------+


+-------------------------------------------------------------------+
; Setup Transfers                                                   ;
+------------+----------+----------+----------+----------+----------+
; From Clock ; To Clock ; RR Paths ; FR Paths ; RF Paths ; FF Paths ;
+------------+----------+----------+----------+----------+----------+
; clk        ; clk      ; 2458     ; 0        ; 0        ; 0        ;
+------------+----------+----------+----------+----------+----------+
Entries labeled "false path" only account for clock-to-clock false paths and not path-based false paths. As a result, actual path counts may be lower than reported.


+-------------------------------------------------------------------+
; Hold Transfers                                                    ;
+------------+----------+----------+----------+----------+----------+
; From Clock ; To Clock ; RR Paths ; FR Paths ; RF Paths ; FF Paths ;
+------------+----------+----------+----------+----------+----------+
; clk        ; clk      ; 2458     ; 0        ; 0        ; 0        ;
+------------+----------+----------+----------+----------+----------+
Entries labeled "false path" only account for clock-to-clock false paths and not path-based false paths. As a result, actual path counts may be lower than reported.


---------------
; Report TCCS ;
---------------
No dedicated SERDES Transmitter circuitry present in device or used in design


---------------
; Report RSKM ;
---------------
No non-DPA dedicated SERDES Receiver circuitry present in device or used in design


+------------------------------------------------+
; Unconstrained Paths Summary                    ;
+---------------------------------+-------+------+
; Property                        ; Setup ; Hold ;
+---------------------------------+-------+------+
; Illegal Clocks                  ; 0     ; 0    ;
; Unconstrained Clocks            ; 0     ; 0    ;
; Unconstrained Input Ports       ; 67    ; 67   ;
; Unconstrained Input Port Paths  ; 148   ; 148  ;
; Unconstrained Output Ports      ; 81    ; 81   ;
; Unconstrained Output Port Paths ; 81    ; 81   ;
+---------------------------------+-------+------+


+-------------------------------------+
; Clock Status Summary                ;
+--------+-------+------+-------------+
; Target ; Clock ; Type ; Status      ;
+--------+-------+------+-------------+
; clk    ; clk   ; Base ; Constrained ;
+--------+-------+------+-------------+


+---------------------------------------------------------------------------------------------------+
; Unconstrained Input Ports                                                                         ;
+------------+--------------------------------------------------------------------------------------+
; Input Port ; Comment                                                                              ;
+------------+--------------------------------------------------------------------------------------+
; clk        ; No input delay, min/max delays, false-path exceptions, or max skew assignments found ;
; rom_q[0]   ; No input delay, min/max delays, false-path exceptions, or max skew assignments found ;
; rom_q[1]   ; No input delay, min/max delays, false-path exceptions, or max skew assignments found ;
; rom_q[2]   ; No input delay, min/max delays, false-path exceptions, or max skew assignments found ;
; rom_q[3]   ; No input delay, min/max delays, false-path exceptions, or max skew assignments found ;
; rom_q[4]   ; No input delay, min/max delays, false-path exceptions, or max skew assignments found ;
; rom_q[5]   ; No input delay, min/max delays, false-path exceptions, or max skew assignments found ;
; rom_q[6]   ; No input delay, min/max delays, false-path exceptions, or max skew assignments found ;
; rom_q[7]   ; No input delay, min/max delays, false-path exceptions, or max skew assignments found ;
; rom_q[8]   ; No input delay, min/max delays, false-path exceptions, or max skew assignments found ;
; rom_q[9]   ; No input delay, min/max delays, false-path exceptions, or max skew assignments found ;
; rom_q[10]  ; No input delay, min/max delays, false-path exceptions, or max skew assignments found ;
; rom_q[11]  ; No input delay, min/max delays, false-path exceptions, or max skew assignments found ;
; rom_q[12]  ; No input delay, min/max delays, false-path exceptions, or max skew assignments found ;
; rom_q[13]  ; No input delay, min/max delays, false-path exceptions, or max skew assignments found ;
; rom_q[14]  ; No input delay, min/max delays, false-path exceptions, or max skew assignments found ;
; rom_q[15]  ; No input delay, min/max delays, false-path exceptions, or max skew assignments found ;
; rom_q[16]  ; No input delay, min/max delays, false-path exceptions, or max skew assignments found ;
; rom_q[17]  ; No input delay, min/max delays, false-path exceptions, or max skew assignments found ;
; rom_q[18]  ; No input delay, min/max delays, false-path exceptions, or max skew assignments found ;
; rom_q[19]  ; No input delay, min/max delays, false-path exceptions, or max skew assignments found ;
; rom_q[20]  ; No input delay, min/max delays, false-path exceptions, or max skew assignments found ;
; rom_q[21]  ; No input delay, min/max delays, false-path exceptions, or max skew assignments found ;
; rom_q[22]  ; No input delay, min/max delays, false-path exceptions, or max skew assignments found ;
; rom_q[23]  ; No input delay, min/max delays, false-path exceptions, or max skew assignments found ;
; rom_q[24]  ; No input delay, min/max delays, false-path exceptions, or max skew assignments found ;
; rom_q[25]  ; No input delay, min/max delays, false-path exceptions, or max skew assignments found ;
; rom_q[26]  ; No input delay, min/max delays, false-path exceptions, or max skew assignments found ;
; rom_q[27]  ; No input delay, min/max delays, false-path exceptions, or max skew assignments found ;
; rom_q[28]  ; No input delay, min/max delays, false-path exceptions, or max skew assignments found ;
; rom_q[29]  ; No input delay, min/max delays, false-path exceptions, or max skew assignments found ;
; rom_q[30]  ; No input delay, min/max delays, false-path exceptions, or max skew assignments found ;
; rom_q[31]  ; No input delay, min/max delays, false-path exceptions, or max skew assignments found ;
; rom_q[32]  ; No input delay, min/max delays, false-path exceptions, or max skew assignments found ;
; rom_q[33]  ; No input delay, min/max delays, false-path exceptions, or max skew assignments found ;
; rom_q[34]  ; No input delay, min/max delays, false-path exceptions, or max skew assignments found ;
; rom_q[35]  ; No input delay, min/max delays, false-path exceptions, or max skew assignments found ;
; rom_q[36]  ; No input delay, min/max delays, false-path exceptions, or max skew assignments found ;
; rom_q[37]  ; No input delay, min/max delays, false-path exceptions, or max skew assignments found ;
; rom_q[38]  ; No input delay, min/max delays, false-path exceptions, or max skew assignments found ;
; rom_q[39]  ; No input delay, min/max delays, false-path exceptions, or max skew assignments found ;
; rom_q[40]  ; No input delay, min/max delays, false-path exceptions, or max skew assignments found ;
; rom_q[41]  ; No input delay, min/max delays, false-path exceptions, or max skew assignments found ;
; rom_q[42]  ; No input delay, min/max delays, false-path exceptions, or max skew assignments found ;
; rom_q[43]  ; No input delay, min/max delays, false-path exceptions, or max skew assignments found ;
; rom_q[44]  ; No input delay, min/max delays, false-path exceptions, or max skew assignments found ;
; rom_q[45]  ; No input delay, min/max delays, false-path exceptions, or max skew assignments found ;
; rom_q[46]  ; No input delay, min/max delays, false-path exceptions, or max skew assignments found ;
; rom_q[47]  ; No input delay, min/max delays, false-path exceptions, or max skew assignments found ;
; rom_q[48]  ; No input delay, min/max delays, false-path exceptions, or max skew assignments found ;
; rom_q[49]  ; No input delay, min/max delays, false-path exceptions, or max skew assignments found ;
; rom_q[50]  ; No input delay, min/max delays, false-path exceptions, or max skew assignments found ;
; rom_q[51]  ; No input delay, min/max delays, false-path exceptions, or max skew assignments found ;
; rom_q[52]  ; No input delay, min/max delays, false-path exceptions, or max skew assignments found ;
; rom_q[53]  ; No input delay, min/max delays, false-path exceptions, or max skew assignments found ;
; rom_q[54]  ; No input delay, min/max delays, false-path exceptions, or max skew assignments found ;
; rom_q[55]  ; No input delay, min/max delays, false-path exceptions, or max skew assignments found ;
; rom_q[56]  ; No input delay, min/max delays, false-path exceptions, or max skew assignments found ;
; rom_q[57]  ; No input delay, min/max delays, false-path exceptions, or max skew assignments found ;
; rom_q[58]  ; No input delay, min/max delays, false-path exceptions, or max skew assignments found ;
; rom_q[59]  ; No input delay, min/max delays, false-path exceptions, or max skew assignments found ;
; rom_q[60]  ; No input delay, min/max delays, false-path exceptions, or max skew assignments found ;
; rom_q[61]  ; No input delay, min/max delays, false-path exceptions, or max skew assignments found ;
; rom_q[62]  ; No input delay, min/max delays, false-path exceptions, or max skew assignments found ;
; rom_q[63]  ; No input delay, min/max delays, false-path exceptions, or max skew assignments found ;
; rst_n      ; No input delay, min/max delays, false-path exceptions, or max skew assignments found ;
; start      ; No input delay, min/max delays, false-path exceptions, or max skew assignments found ;
+------------+--------------------------------------------------------------------------------------+


+------------------------------------------------------------------------------------------------------+
; Unconstrained Output Ports                                                                           ;
+--------------+---------------------------------------------------------------------------------------+
; Output Port  ; Comment                                                                               ;
+--------------+---------------------------------------------------------------------------------------+
; done         ; No output delay, min/max delays, false-path exceptions, or max skew assignments found ;
; out_data[0]  ; No output delay, min/max delays, false-path exceptions, or max skew assignments found ;
; out_data[1]  ; No output delay, min/max delays, false-path exceptions, or max skew assignments found ;
; out_data[2]  ; No output delay, min/max delays, false-path exceptions, or max skew assignments found ;
; out_data[3]  ; No output delay, min/max delays, false-path exceptions, or max skew assignments found ;
; out_data[4]  ; No output delay, min/max delays, false-path exceptions, or max skew assignments found ;
; out_data[5]  ; No output delay, min/max delays, false-path exceptions, or max skew assignments found ;
; out_data[6]  ; No output delay, min/max delays, false-path exceptions, or max skew assignments found ;
; out_data[7]  ; No output delay, min/max delays, false-path exceptions, or max skew assignments found ;
; out_data[8]  ; No output delay, min/max delays, false-path exceptions, or max skew assignments found ;
; out_data[9]  ; No output delay, min/max delays, false-path exceptions, or max skew assignments found ;
; out_data[10] ; No output delay, min/max delays, false-path exceptions, or max skew assignments found ;
; out_data[11] ; No output delay, min/max delays, false-path exceptions, or max skew assignments found ;
; out_data[12] ; No output delay, min/max delays, false-path exceptions, or max skew assignments found ;
; out_data[13] ; No output delay, min/max delays, false-path exceptions, or max skew assignments found ;
; out_data[14] ; No output delay, min/max delays, false-path exceptions, or max skew assignments found ;
; out_data[15] ; No output delay, min/max delays, false-path exceptions, or max skew assignments found ;
; out_data[16] ; No output delay, min/max delays, false-path exceptions, or max skew assignments found ;
; out_data[17] ; No output delay, min/max delays, false-path exceptions, or max skew assignments found ;
; out_data[18] ; No output delay, min/max delays, false-path exceptions, or max skew assignments found ;
; out_data[19] ; No output delay, min/max delays, false-path exceptions, or max skew assignments found ;
; out_data[20] ; No output delay, min/max delays, false-path exceptions, or max skew assignments found ;
; out_data[21] ; No output delay, min/max delays, false-path exceptions, or max skew assignments found ;
; out_data[22] ; No output delay, min/max delays, false-path exceptions, or max skew assignments found ;
; out_data[23] ; No output delay, min/max delays, false-path exceptions, or max skew assignments found ;
; out_data[24] ; No output delay, min/max delays, false-path exceptions, or max skew assignments found ;
; out_data[25] ; No output delay, min/max delays, false-path exceptions, or max skew assignments found ;
; out_data[26] ; No output delay, min/max delays, false-path exceptions, or max skew assignments found ;
; out_data[27] ; No output delay, min/max delays, false-path exceptions, or max skew assignments found ;
; out_data[28] ; No output delay, min/max delays, false-path exceptions, or max skew assignments found ;
; out_data[29] ; No output delay, min/max delays, false-path exceptions, or max skew assignments found ;
; out_data[30] ; No output delay, min/max delays, false-path exceptions, or max skew assignments found ;
; out_data[31] ; No output delay, min/max delays, false-path exceptions, or max skew assignments found ;
; out_data[32] ; No output delay, min/max delays, false-path exceptions, or max skew assignments found ;
; out_data[33] ; No output delay, min/max delays, false-path exceptions, or max skew assignments found ;
; out_data[34] ; No output delay, min/max delays, false-path exceptions, or max skew assignments found ;
; out_data[35] ; No output delay, min/max delays, false-path exceptions, or max skew assignments found ;
; out_data[36] ; No output delay, min/max delays, false-path exceptions, or max skew assignments found ;
; out_data[37] ; No output delay, min/max delays, false-path exceptions, or max skew assignments found ;
; out_data[38] ; No output delay, min/max delays, false-path exceptions, or max skew assignments found ;
; out_data[39] ; No output delay, min/max delays, false-path exceptions, or max skew assignments found ;
; out_data[40] ; No output delay, min/max delays, false-path exceptions, or max skew assignments found ;
; out_data[41] ; No output delay, min/max delays, false-path exceptions, or max skew assignments found ;
; out_data[42] ; No output delay, min/max delays, false-path exceptions, or max skew assignments found ;
; out_data[43] ; No output delay, min/max delays, false-path exceptions, or max skew assignments found ;
; out_data[44] ; No output delay, min/max delays, false-path exceptions, or max skew assignments found ;
; out_data[45] ; No output delay, min/max delays, false-path exceptions, or max skew assignments found ;
; out_data[46] ; No output delay, min/max delays, false-path exceptions, or max skew assignments found ;
; out_data[47] ; No output delay, min/max delays, false-path exceptions, or max skew assignments found ;
; out_data[48] ; No output delay, min/max delays, false-path exceptions, or max skew assignments found ;
; out_data[49] ; No output delay, min/max delays, false-path exceptions, or max skew assignments found ;
; out_data[50] ; No output delay, min/max delays, false-path exceptions, or max skew assignments found ;
; out_data[51] ; No output delay, min/max delays, false-path exceptions, or max skew assignments found ;
; out_data[52] ; No output delay, min/max delays, false-path exceptions, or max skew assignments found ;
; out_data[53] ; No output delay, min/max delays, false-path exceptions, or max skew assignments found ;
; out_data[54] ; No output delay, min/max delays, false-path exceptions, or max skew assignments found ;
; out_data[55] ; No output delay, min/max delays, false-path exceptions, or max skew assignments found ;
; out_data[56] ; No output delay, min/max delays, false-path exceptions, or max skew assignments found ;
; out_data[57] ; No output delay, min/max delays, false-path exceptions, or max skew assignments found ;
; out_data[58] ; No output delay, min/max delays, false-path exceptions, or max skew assignments found ;
; out_data[59] ; No output delay, min/max delays, false-path exceptions, or max skew assignments found ;
; out_data[60] ; No output delay, min/max delays, false-path exceptions, or max skew assignments found ;
; out_data[61] ; No output delay, min/max delays, false-path exceptions, or max skew assignments found ;
; out_data[62] ; No output delay, min/max delays, false-path exceptions, or max skew assignments found ;
; out_data[63] ; No output delay, min/max delays, false-path exceptions, or max skew assignments found ;
; out_valid    ; No output delay, min/max delays, false-path exceptions, or max skew assignments found ;
; rom_addr[0]  ; No output delay, min/max delays, false-path exceptions, or max skew assignments found ;
; rom_addr[1]  ; No output delay, min/max delays, false-path exceptions, or max skew assignments found ;
; rom_addr[2]  ; No output delay, min/max delays, false-path exceptions, or max skew assignments found ;
; rom_addr[3]  ; No output delay, min/max delays, false-path exceptions, or max skew assignments found ;
; rom_addr[4]  ; No output delay, min/max delays, false-path exceptions, or max skew assignments found ;
; rom_addr[5]  ; No output delay, min/max delays, false-path exceptions, or max skew assignments found ;
; rom_addr[6]  ; No output delay, min/max delays, false-path exceptions, or max skew assignments found ;
; rom_addr[7]  ; No output delay, min/max delays, false-path exceptions, or max skew assignments found ;
; rom_addr[8]  ; No output delay, min/max delays, false-path exceptions, or max skew assignments found ;
; rom_addr[9]  ; No output delay, min/max delays, false-path exceptions, or max skew assignments found ;
; rom_addr[10] ; No output delay, min/max delays, false-path exceptions, or max skew assignments found ;
; rom_addr[11] ; No output delay, min/max delays, false-path exceptions, or max skew assignments found ;
; rom_addr[12] ; No output delay, min/max delays, false-path exceptions, or max skew assignments found ;
; rom_addr[13] ; No output delay, min/max delays, false-path exceptions, or max skew assignments found ;
; rom_clock    ; No output delay, min/max delays, false-path exceptions, or max skew assignments found ;
+--------------+---------------------------------------------------------------------------------------+


+---------------------------------------------------------------------------------------------------+
; Unconstrained Input Ports                                                                         ;
+------------+--------------------------------------------------------------------------------------+
; Input Port ; Comment                                                                              ;
+------------+--------------------------------------------------------------------------------------+
; clk        ; No input delay, min/max delays, false-path exceptions, or max skew assignments found ;
; rom_q[0]   ; No input delay, min/max delays, false-path exceptions, or max skew assignments found ;
; rom_q[1]   ; No input delay, min/max delays, false-path exceptions, or max skew assignments found ;
; rom_q[2]   ; No input delay, min/max delays, false-path exceptions, or max skew assignments found ;
; rom_q[3]   ; No input delay, min/max delays, false-path exceptions, or max skew assignments found ;
; rom_q[4]   ; No input delay, min/max delays, false-path exceptions, or max skew assignments found ;
; rom_q[5]   ; No input delay, min/max delays, false-path exceptions, or max skew assignments found ;
; rom_q[6]   ; No input delay, min/max delays, false-path exceptions, or max skew assignments found ;
; rom_q[7]   ; No input delay, min/max delays, false-path exceptions, or max skew assignments found ;
; rom_q[8]   ; No input delay, min/max delays, false-path exceptions, or max skew assignments found ;
; rom_q[9]   ; No input delay, min/max delays, false-path exceptions, or max skew assignments found ;
; rom_q[10]  ; No input delay, min/max delays, false-path exceptions, or max skew assignments found ;
; rom_q[11]  ; No input delay, min/max delays, false-path exceptions, or max skew assignments found ;
; rom_q[12]  ; No input delay, min/max delays, false-path exceptions, or max skew assignments found ;
; rom_q[13]  ; No input delay, min/max delays, false-path exceptions, or max skew assignments found ;
; rom_q[14]  ; No input delay, min/max delays, false-path exceptions, or max skew assignments found ;
; rom_q[15]  ; No input delay, min/max delays, false-path exceptions, or max skew assignments found ;
; rom_q[16]  ; No input delay, min/max delays, false-path exceptions, or max skew assignments found ;
; rom_q[17]  ; No input delay, min/max delays, false-path exceptions, or max skew assignments found ;
; rom_q[18]  ; No input delay, min/max delays, false-path exceptions, or max skew assignments found ;
; rom_q[19]  ; No input delay, min/max delays, false-path exceptions, or max skew assignments found ;
; rom_q[20]  ; No input delay, min/max delays, false-path exceptions, or max skew assignments found ;
; rom_q[21]  ; No input delay, min/max delays, false-path exceptions, or max skew assignments found ;
; rom_q[22]  ; No input delay, min/max delays, false-path exceptions, or max skew assignments found ;
; rom_q[23]  ; No input delay, min/max delays, false-path exceptions, or max skew assignments found ;
; rom_q[24]  ; No input delay, min/max delays, false-path exceptions, or max skew assignments found ;
; rom_q[25]  ; No input delay, min/max delays, false-path exceptions, or max skew assignments found ;
; rom_q[26]  ; No input delay, min/max delays, false-path exceptions, or max skew assignments found ;
; rom_q[27]  ; No input delay, min/max delays, false-path exceptions, or max skew assignments found ;
; rom_q[28]  ; No input delay, min/max delays, false-path exceptions, or max skew assignments found ;
; rom_q[29]  ; No input delay, min/max delays, false-path exceptions, or max skew assignments found ;
; rom_q[30]  ; No input delay, min/max delays, false-path exceptions, or max skew assignments found ;
; rom_q[31]  ; No input delay, min/max delays, false-path exceptions, or max skew assignments found ;
; rom_q[32]  ; No input delay, min/max delays, false-path exceptions, or max skew assignments found ;
; rom_q[33]  ; No input delay, min/max delays, false-path exceptions, or max skew assignments found ;
; rom_q[34]  ; No input delay, min/max delays, false-path exceptions, or max skew assignments found ;
; rom_q[35]  ; No input delay, min/max delays, false-path exceptions, or max skew assignments found ;
; rom_q[36]  ; No input delay, min/max delays, false-path exceptions, or max skew assignments found ;
; rom_q[37]  ; No input delay, min/max delays, false-path exceptions, or max skew assignments found ;
; rom_q[38]  ; No input delay, min/max delays, false-path exceptions, or max skew assignments found ;
; rom_q[39]  ; No input delay, min/max delays, false-path exceptions, or max skew assignments found ;
; rom_q[40]  ; No input delay, min/max delays, false-path exceptions, or max skew assignments found ;
; rom_q[41]  ; No input delay, min/max delays, false-path exceptions, or max skew assignments found ;
; rom_q[42]  ; No input delay, min/max delays, false-path exceptions, or max skew assignments found ;
; rom_q[43]  ; No input delay, min/max delays, false-path exceptions, or max skew assignments found ;
; rom_q[44]  ; No input delay, min/max delays, false-path exceptions, or max skew assignments found ;
; rom_q[45]  ; No input delay, min/max delays, false-path exceptions, or max skew assignments found ;
; rom_q[46]  ; No input delay, min/max delays, false-path exceptions, or max skew assignments found ;
; rom_q[47]  ; No input delay, min/max delays, false-path exceptions, or max skew assignments found ;
; rom_q[48]  ; No input delay, min/max delays, false-path exceptions, or max skew assignments found ;
; rom_q[49]  ; No input delay, min/max delays, false-path exceptions, or max skew assignments found ;
; rom_q[50]  ; No input delay, min/max delays, false-path exceptions, or max skew assignments found ;
; rom_q[51]  ; No input delay, min/max delays, false-path exceptions, or max skew assignments found ;
; rom_q[52]  ; No input delay, min/max delays, false-path exceptions, or max skew assignments found ;
; rom_q[53]  ; No input delay, min/max delays, false-path exceptions, or max skew assignments found ;
; rom_q[54]  ; No input delay, min/max delays, false-path exceptions, or max skew assignments found ;
; rom_q[55]  ; No input delay, min/max delays, false-path exceptions, or max skew assignments found ;
; rom_q[56]  ; No input delay, min/max delays, false-path exceptions, or max skew assignments found ;
; rom_q[57]  ; No input delay, min/max delays, false-path exceptions, or max skew assignments found ;
; rom_q[58]  ; No input delay, min/max delays, false-path exceptions, or max skew assignments found ;
; rom_q[59]  ; No input delay, min/max delays, false-path exceptions, or max skew assignments found ;
; rom_q[60]  ; No input delay, min/max delays, false-path exceptions, or max skew assignments found ;
; rom_q[61]  ; No input delay, min/max delays, false-path exceptions, or max skew assignments found ;
; rom_q[62]  ; No input delay, min/max delays, false-path exceptions, or max skew assignments found ;
; rom_q[63]  ; No input delay, min/max delays, false-path exceptions, or max skew assignments found ;
; rst_n      ; No input delay, min/max delays, false-path exceptions, or max skew assignments found ;
; start      ; No input delay, min/max delays, false-path exceptions, or max skew assignments found ;
+------------+--------------------------------------------------------------------------------------+


+------------------------------------------------------------------------------------------------------+
; Unconstrained Output Ports                                                                           ;
+--------------+---------------------------------------------------------------------------------------+
; Output Port  ; Comment                                                                               ;
+--------------+---------------------------------------------------------------------------------------+
; done         ; No output delay, min/max delays, false-path exceptions, or max skew assignments found ;
; out_data[0]  ; No output delay, min/max delays, false-path exceptions, or max skew assignments found ;
; out_data[1]  ; No output delay, min/max delays, false-path exceptions, or max skew assignments found ;
; out_data[2]  ; No output delay, min/max delays, false-path exceptions, or max skew assignments found ;
; out_data[3]  ; No output delay, min/max delays, false-path exceptions, or max skew assignments found ;
; out_data[4]  ; No output delay, min/max delays, false-path exceptions, or max skew assignments found ;
; out_data[5]  ; No output delay, min/max delays, false-path exceptions, or max skew assignments found ;
; out_data[6]  ; No output delay, min/max delays, false-path exceptions, or max skew assignments found ;
; out_data[7]  ; No output delay, min/max delays, false-path exceptions, or max skew assignments found ;
; out_data[8]  ; No output delay, min/max delays, false-path exceptions, or max skew assignments found ;
; out_data[9]  ; No output delay, min/max delays, false-path exceptions, or max skew assignments found ;
; out_data[10] ; No output delay, min/max delays, false-path exceptions, or max skew assignments found ;
; out_data[11] ; No output delay, min/max delays, false-path exceptions, or max skew assignments found ;
; out_data[12] ; No output delay, min/max delays, false-path exceptions, or max skew assignments found ;
; out_data[13] ; No output delay, min/max delays, false-path exceptions, or max skew assignments found ;
; out_data[14] ; No output delay, min/max delays, false-path exceptions, or max skew assignments found ;
; out_data[15] ; No output delay, min/max delays, false-path exceptions, or max skew assignments found ;
; out_data[16] ; No output delay, min/max delays, false-path exceptions, or max skew assignments found ;
; out_data[17] ; No output delay, min/max delays, false-path exceptions, or max skew assignments found ;
; out_data[18] ; No output delay, min/max delays, false-path exceptions, or max skew assignments found ;
; out_data[19] ; No output delay, min/max delays, false-path exceptions, or max skew assignments found ;
; out_data[20] ; No output delay, min/max delays, false-path exceptions, or max skew assignments found ;
; out_data[21] ; No output delay, min/max delays, false-path exceptions, or max skew assignments found ;
; out_data[22] ; No output delay, min/max delays, false-path exceptions, or max skew assignments found ;
; out_data[23] ; No output delay, min/max delays, false-path exceptions, or max skew assignments found ;
; out_data[24] ; No output delay, min/max delays, false-path exceptions, or max skew assignments found ;
; out_data[25] ; No output delay, min/max delays, false-path exceptions, or max skew assignments found ;
; out_data[26] ; No output delay, min/max delays, false-path exceptions, or max skew assignments found ;
; out_data[27] ; No output delay, min/max delays, false-path exceptions, or max skew assignments found ;
; out_data[28] ; No output delay, min/max delays, false-path exceptions, or max skew assignments found ;
; out_data[29] ; No output delay, min/max delays, false-path exceptions, or max skew assignments found ;
; out_data[30] ; No output delay, min/max delays, false-path exceptions, or max skew assignments found ;
; out_data[31] ; No output delay, min/max delays, false-path exceptions, or max skew assignments found ;
; out_data[32] ; No output delay, min/max delays, false-path exceptions, or max skew assignments found ;
; out_data[33] ; No output delay, min/max delays, false-path exceptions, or max skew assignments found ;
; out_data[34] ; No output delay, min/max delays, false-path exceptions, or max skew assignments found ;
; out_data[35] ; No output delay, min/max delays, false-path exceptions, or max skew assignments found ;
; out_data[36] ; No output delay, min/max delays, false-path exceptions, or max skew assignments found ;
; out_data[37] ; No output delay, min/max delays, false-path exceptions, or max skew assignments found ;
; out_data[38] ; No output delay, min/max delays, false-path exceptions, or max skew assignments found ;
; out_data[39] ; No output delay, min/max delays, false-path exceptions, or max skew assignments found ;
; out_data[40] ; No output delay, min/max delays, false-path exceptions, or max skew assignments found ;
; out_data[41] ; No output delay, min/max delays, false-path exceptions, or max skew assignments found ;
; out_data[42] ; No output delay, min/max delays, false-path exceptions, or max skew assignments found ;
; out_data[43] ; No output delay, min/max delays, false-path exceptions, or max skew assignments found ;
; out_data[44] ; No output delay, min/max delays, false-path exceptions, or max skew assignments found ;
; out_data[45] ; No output delay, min/max delays, false-path exceptions, or max skew assignments found ;
; out_data[46] ; No output delay, min/max delays, false-path exceptions, or max skew assignments found ;
; out_data[47] ; No output delay, min/max delays, false-path exceptions, or max skew assignments found ;
; out_data[48] ; No output delay, min/max delays, false-path exceptions, or max skew assignments found ;
; out_data[49] ; No output delay, min/max delays, false-path exceptions, or max skew assignments found ;
; out_data[50] ; No output delay, min/max delays, false-path exceptions, or max skew assignments found ;
; out_data[51] ; No output delay, min/max delays, false-path exceptions, or max skew assignments found ;
; out_data[52] ; No output delay, min/max delays, false-path exceptions, or max skew assignments found ;
; out_data[53] ; No output delay, min/max delays, false-path exceptions, or max skew assignments found ;
; out_data[54] ; No output delay, min/max delays, false-path exceptions, or max skew assignments found ;
; out_data[55] ; No output delay, min/max delays, false-path exceptions, or max skew assignments found ;
; out_data[56] ; No output delay, min/max delays, false-path exceptions, or max skew assignments found ;
; out_data[57] ; No output delay, min/max delays, false-path exceptions, or max skew assignments found ;
; out_data[58] ; No output delay, min/max delays, false-path exceptions, or max skew assignments found ;
; out_data[59] ; No output delay, min/max delays, false-path exceptions, or max skew assignments found ;
; out_data[60] ; No output delay, min/max delays, false-path exceptions, or max skew assignments found ;
; out_data[61] ; No output delay, min/max delays, false-path exceptions, or max skew assignments found ;
; out_data[62] ; No output delay, min/max delays, false-path exceptions, or max skew assignments found ;
; out_data[63] ; No output delay, min/max delays, false-path exceptions, or max skew assignments found ;
; out_valid    ; No output delay, min/max delays, false-path exceptions, or max skew assignments found ;
; rom_addr[0]  ; No output delay, min/max delays, false-path exceptions, or max skew assignments found ;
; rom_addr[1]  ; No output delay, min/max delays, false-path exceptions, or max skew assignments found ;
; rom_addr[2]  ; No output delay, min/max delays, false-path exceptions, or max skew assignments found ;
; rom_addr[3]  ; No output delay, min/max delays, false-path exceptions, or max skew assignments found ;
; rom_addr[4]  ; No output delay, min/max delays, false-path exceptions, or max skew assignments found ;
; rom_addr[5]  ; No output delay, min/max delays, false-path exceptions, or max skew assignments found ;
; rom_addr[6]  ; No output delay, min/max delays, false-path exceptions, or max skew assignments found ;
; rom_addr[7]  ; No output delay, min/max delays, false-path exceptions, or max skew assignments found ;
; rom_addr[8]  ; No output delay, min/max delays, false-path exceptions, or max skew assignments found ;
; rom_addr[9]  ; No output delay, min/max delays, false-path exceptions, or max skew assignments found ;
; rom_addr[10] ; No output delay, min/max delays, false-path exceptions, or max skew assignments found ;
; rom_addr[11] ; No output delay, min/max delays, false-path exceptions, or max skew assignments found ;
; rom_addr[12] ; No output delay, min/max delays, false-path exceptions, or max skew assignments found ;
; rom_addr[13] ; No output delay, min/max delays, false-path exceptions, or max skew assignments found ;
; rom_clock    ; No output delay, min/max delays, false-path exceptions, or max skew assignments found ;
+--------------+---------------------------------------------------------------------------------------+


+--------------------------+
; Timing Analyzer Messages ;
+--------------------------+
Info: *******************************************************************
Info: Running Quartus Prime Timing Analyzer
    Info: Version 20.1.1 Build 720 11/11/2020 SJ Lite Edition
    Info: Processing started: Tue May 05 23:26:37 2026
Info: Command: quartus_sta Input -c Input
Info: qsta_default_script.tcl version: #1
Warning (18236): Number of processors has not been specified which may cause overloading on shared machines.  Set the global assignment NUM_PARALLEL_PROCESSORS in your QSF to an appropriate value for best performance.
Info (20030): Parallel compilation is enabled and will use 16 of the 16 processors detected
Info (21077): Low junction temperature is 0 degrees C
Info (21077): High junction temperature is 85 degrees C
Critical Warning (332012): Synopsys Design Constraints File file not found: 'Input.sdc'. A Synopsys Design Constraints File is required by the Timing Analyzer to get proper timing constraints. Without it, the Compiler will not properly optimize the design.
Info (332142): No user constrained base clocks found in the design. Calling "derive_clocks -period 1.0"
Info (332105): Deriving Clocks
    Info (332105): create_clock -period 1.000 -name clk clk
Info (332143): No user constrained clock uncertainty found in the design. Calling "derive_clock_uncertainty"
Info (332123): Deriving Clock Uncertainty. Please refer to report_sdc in the Timing Analyzer to see clock uncertainties.
Info: Found TIMING_ANALYZER_REPORT_SCRIPT_INCLUDE_DEFAULT_ANALYSIS = ON
Info: Analyzing Slow 1200mV 85C Model
Critical Warning (332148): Timing requirements not met
    Info (11105): For recommendations on closing timing, run Report Timing Closure Recommendations in the Timing Analyzer.
Info (332146): Worst-case setup slack is -3.840
    Info (332119):     Slack       End Point TNS Clock 
    Info (332119): ========= =================== =====================
    Info (332119):    -3.840            -222.011 clk 
Info (332146): Worst-case hold slack is 0.384
    Info (332119):     Slack       End Point TNS Clock 
    Info (332119): ========= =================== =====================
    Info (332119):     0.384               0.000 clk 
Info (332140): No Recovery paths to report
Info (332140): No Removal paths to report
Info (332146): Worst-case minimum pulse width slack is -3.000
    Info (332119):     Slack       End Point TNS Clock 
    Info (332119): ========= =================== =====================
    Info (332119):    -3.000             -87.810 clk 
Info: Analyzing Slow 1200mV 0C Model
Info (334003): Started post-fitting delay annotation
Info (334004): Delay annotation completed successfully
Info (332123): Deriving Clock Uncertainty. Please refer to report_sdc in the Timing Analyzer to see clock uncertainties.
Critical Warning (332148): Timing requirements not met
    Info (11105): For recommendations on closing timing, run Report Timing Closure Recommendations in the Timing Analyzer.
Info (332146): Worst-case setup slack is -3.391
    Info (332119):     Slack       End Point TNS Clock 
    Info (332119): ========= =================== =====================
    Info (332119):    -3.391            -196.872 clk 
Info (332146): Worst-case hold slack is 0.337
    Info (332119):     Slack       End Point TNS Clock 
    Info (332119): ========= =================== =====================
    Info (332119):     0.337               0.000 clk 
Info (332140): No Recovery paths to report
Info (332140): No Removal paths to report
Info (332146): Worst-case minimum pulse width slack is -3.000
    Info (332119):     Slack       End Point TNS Clock 
    Info (332119): ========= =================== =====================
    Info (332119):    -3.000             -87.810 clk 
Info: Analyzing Fast 1200mV 0C Model
Info (332123): Deriving Clock Uncertainty. Please refer to report_sdc in the Timing Analyzer to see clock uncertainties.
Critical Warning (332148): Timing requirements not met
    Info (11105): For recommendations on closing timing, run Report Timing Closure Recommendations in the Timing Analyzer.
Info (332146): Worst-case setup slack is -1.439
    Info (332119):     Slack       End Point TNS Clock 
    Info (332119): ========= =================== =====================
    Info (332119):    -1.439             -75.856 clk 
Info (332146): Worst-case hold slack is 0.172
    Info (332119):     Slack       End Point TNS Clock 
    Info (332119): ========= =================== =====================
    Info (332119):     0.172               0.000 clk 
Info (332140): No Recovery paths to report
Info (332140): No Removal paths to report
Info (332146): Worst-case minimum pulse width slack is -3.000
    Info (332119):     Slack       End Point TNS Clock 
    Info (332119): ========= =================== =====================
    Info (332119):    -3.000             -73.284 clk 
Info (332102): Design is not fully constrained for setup requirements
Info (332102): Design is not fully constrained for hold requirements
Info: Quartus Prime Timing Analyzer was successful. 0 errors, 5 warnings
    Info: Peak virtual memory: 5003 megabytes
    Info: Processing ended: Tue May 05 23:26:38 2026
    Info: Elapsed time: 00:00:01
    Info: Total CPU time (on all processors): 00:00:01


