Timing Analyzer report for Input_buffer
Sun Apr 12 20:33:03 2026
Quartus Prime Version 20.1.1 Build 720 11/11/2020 SJ Lite Edition


---------------------
; Table of Contents ;
---------------------
  1. Legal Notice
  2. Timing Analyzer Summary
  3. Parallel Compilation
  4. Clocks
  5. Slow 1200mV 85C Model Fmax Summary
  6. Timing Closure Recommendations
  7. Slow 1200mV 85C Model Setup Summary
  8. Slow 1200mV 85C Model Hold Summary
  9. Slow 1200mV 85C Model Recovery Summary
 10. Slow 1200mV 85C Model Removal Summary
 11. Slow 1200mV 85C Model Minimum Pulse Width Summary
 12. Slow 1200mV 85C Model Setup: 'clk'
 13. Slow 1200mV 85C Model Hold: 'clk'
 14. Slow 1200mV 85C Model Metastability Summary
 15. Slow 1200mV 0C Model Fmax Summary
 16. Slow 1200mV 0C Model Setup Summary
 17. Slow 1200mV 0C Model Hold Summary
 18. Slow 1200mV 0C Model Recovery Summary
 19. Slow 1200mV 0C Model Removal Summary
 20. Slow 1200mV 0C Model Minimum Pulse Width Summary
 21. Slow 1200mV 0C Model Setup: 'clk'
 22. Slow 1200mV 0C Model Hold: 'clk'
 23. Slow 1200mV 0C Model Metastability Summary
 24. Fast 1200mV 0C Model Setup Summary
 25. Fast 1200mV 0C Model Hold Summary
 26. Fast 1200mV 0C Model Recovery Summary
 27. Fast 1200mV 0C Model Removal Summary
 28. Fast 1200mV 0C Model Minimum Pulse Width Summary
 29. Fast 1200mV 0C Model Setup: 'clk'
 30. Fast 1200mV 0C Model Hold: 'clk'
 31. Fast 1200mV 0C Model Metastability Summary
 32. Multicorner Timing Analysis Summary
 33. Board Trace Model Assignments
 34. Input Transition Times
 35. Signal Integrity Metrics (Slow 1200mv 0c Model)
 36. Signal Integrity Metrics (Slow 1200mv 85c Model)
 37. Signal Integrity Metrics (Fast 1200mv 0c Model)
 38. Setup Transfers
 39. Hold Transfers
 40. Report TCCS
 41. Report RSKM
 42. Unconstrained Paths Summary
 43. Clock Status Summary
 44. Unconstrained Input Ports
 45. Unconstrained Output Ports
 46. Unconstrained Input Ports
 47. Unconstrained Output Ports
 48. Timing Analyzer Messages



----------------
; Legal Notice ;
----------------
Copyright (C) 2020  Intel Corporation. All rights reserved.
Your use of Intel Corporation's design tools, logic functions 
and other software and tools, and any partner logic 
functions, and any output files from any of the foregoing 
(including device programming or simulation files), and any 
associated documentation or information are expressly subject 
to the terms and conditions of the Intel Program License 
Subscription Agreement, the Intel Quartus Prime License Agreement,
the Intel FPGA IP License Agreement, or other applicable license
agreement, including, without limitation, that your use is for
the sole purpose of programming logic devices manufactured by
Intel and sold by Intel or its authorized distributors.  Please
refer to the applicable agreement for further details, at
https://fpgasoftware.intel.com/eula.



+-----------------------------------------------------------------------------+
; Timing Analyzer Summary                                                     ;
+-----------------------+-----------------------------------------------------+
; Quartus Prime Version ; Version 20.1.1 Build 720 11/11/2020 SJ Lite Edition ;
; Timing Analyzer       ; Legacy Timing Analyzer                              ;
; Revision Name         ; Input_buffer                                        ;
; Device Family         ; Cyclone IV E                                        ;
; Device Name           ; EP4CE115F29C7                                       ;
; Timing Models         ; Final                                               ;
; Delay Model           ; Combined                                            ;
; Rise/Fall Delays      ; Enabled                                             ;
+-----------------------+-----------------------------------------------------+


+------------------------------------------+
; Parallel Compilation                     ;
+----------------------------+-------------+
; Processors                 ; Number      ;
+----------------------------+-------------+
; Number detected on machine ; 16          ;
; Maximum allowed            ; 16          ;
;                            ;             ;
; Average used               ; 1.07        ;
; Maximum used               ; 16          ;
;                            ;             ;
; Usage by Processor         ; % Time Used ;
;     Processor 1            ; 100.0%      ;
;     Processors 2-16        ;   0.4%      ;
+----------------------------+-------------+


+---------------------------------------------------------------------------------------------------------------------------------------------------------------------------------+
; Clocks                                                                                                                                                                          ;
+------------+------+--------+------------+-------+-------+------------+-----------+-------------+-------+--------+-----------+------------+----------+--------+--------+---------+
; Clock Name ; Type ; Period ; Frequency  ; Rise  ; Fall  ; Duty Cycle ; Divide by ; Multiply by ; Phase ; Offset ; Edge List ; Edge Shift ; Inverted ; Master ; Source ; Targets ;
+------------+------+--------+------------+-------+-------+------------+-----------+-------------+-------+--------+-----------+------------+----------+--------+--------+---------+
; clk        ; Base ; 1.000  ; 1000.0 MHz ; 0.000 ; 0.500 ;            ;           ;             ;       ;        ;           ;            ;          ;        ;        ; { clk } ;
+------------+------+--------+------------+-------+-------+------------+-----------+-------------+-------+--------+-----------+------------+----------+--------+--------+---------+


+--------------------------------------------------+
; Slow 1200mV 85C Model Fmax Summary               ;
+------------+-----------------+------------+------+
; Fmax       ; Restricted Fmax ; Clock Name ; Note ;
+------------+-----------------+------------+------+
; 196.73 MHz ; 196.73 MHz      ; clk        ;      ;
+------------+-----------------+------------+------+
This panel reports FMAX for every clock in the design, regardless of the user-specified clock periods.  FMAX is only computed for paths where the source and destination registers or ports are driven by the same clock.  Paths of different clocks, including generated clocks, are ignored.  For paths between a clock and its inversion, FMAX is computed as if the rising and falling edges are scaled along with FMAX, such that the duty cycle (in terms of a percentage) is maintained. Altera recommends that you always use clock constraints and other slack reports for sign-off analysis.


----------------------------------
; Timing Closure Recommendations ;
----------------------------------
HTML report is unavailable in plain text report export.


+-------------------------------------+
; Slow 1200mV 85C Model Setup Summary ;
+-------+--------+--------------------+
; Clock ; Slack  ; End Point TNS      ;
+-------+--------+--------------------+
; clk   ; -4.083 ; -150.630           ;
+-------+--------+--------------------+


+------------------------------------+
; Slow 1200mV 85C Model Hold Summary ;
+-------+-------+--------------------+
; Clock ; Slack ; End Point TNS      ;
+-------+-------+--------------------+
; clk   ; 0.401 ; 0.000              ;
+-------+-------+--------------------+


------------------------------------------
; Slow 1200mV 85C Model Recovery Summary ;
------------------------------------------
No paths to report.


-----------------------------------------
; Slow 1200mV 85C Model Removal Summary ;
-----------------------------------------
No paths to report.


+---------------------------------------------------+
; Slow 1200mV 85C Model Minimum Pulse Width Summary ;
+-------+--------+----------------------------------+
; Clock ; Slack  ; End Point TNS                    ;
+-------+--------+----------------------------------+
; clk   ; -3.000 ; -85.732                          ;
+-------+--------+----------------------------------+


+------------------------------------------------------------------------------------------------------------------------------------------------------------------------------------------------------------------+
; Slow 1200mV 85C Model Setup: 'clk'                                                                                                                                                                               ;
+--------+-----------------------------------------------------------------------------------------+-----------------------------------------+--------------+-------------+--------------+------------+------------+
; Slack  ; From Node                                                                               ; To Node                                 ; Launch Clock ; Latch Clock ; Relationship ; Clock Skew ; Data Delay ;
+--------+-----------------------------------------------------------------------------------------+-----------------------------------------+--------------+-------------+--------------+------------+------------+
; -4.083 ; altsyncram:storage_rtl_0|altsyncram_0qd1:auto_generated|ram_block1a0~portb_address_reg0 ; input_buffer_fifo:fifo_inst|mem~7       ; clk          ; clk         ; 1.000        ; 0.025      ; 5.106      ;
; -4.080 ; altsyncram:storage_rtl_0|altsyncram_0qd1:auto_generated|ram_block1a0~portb_address_reg0 ; input_buffer_fifo:fifo_inst|mem~3       ; clk          ; clk         ; 1.000        ; 0.025      ; 5.103      ;
; -4.055 ; altsyncram:storage_rtl_0|altsyncram_0qd1:auto_generated|ram_block1a0~portb_address_reg0 ; input_buffer_fifo:fifo_inst|mem~0       ; clk          ; clk         ; 1.000        ; 0.025      ; 5.078      ;
; -4.044 ; altsyncram:storage_rtl_0|altsyncram_0qd1:auto_generated|ram_block1a0~portb_address_reg0 ; input_buffer_fifo:fifo_inst|mem~5       ; clk          ; clk         ; 1.000        ; 0.025      ; 5.067      ;
; -4.026 ; altsyncram:storage_rtl_0|altsyncram_0qd1:auto_generated|ram_block1a0~portb_address_reg0 ; input_buffer_fifo:fifo_inst|mem~2       ; clk          ; clk         ; 1.000        ; 0.025      ; 5.049      ;
; -4.024 ; altsyncram:storage_rtl_0|altsyncram_0qd1:auto_generated|ram_block1a0~portb_address_reg0 ; input_buffer_fifo:fifo_inst|mem~6       ; clk          ; clk         ; 1.000        ; 0.025      ; 5.047      ;
; -3.990 ; altsyncram:storage_rtl_0|altsyncram_0qd1:auto_generated|ram_block1a0~portb_address_reg0 ; input_buffer_fifo:fifo_inst|mem~8       ; clk          ; clk         ; 1.000        ; 0.057      ; 5.045      ;
; -3.980 ; altsyncram:storage_rtl_0|altsyncram_0qd1:auto_generated|ram_block1a0~portb_address_reg0 ; input_buffer_fifo:fifo_inst|mem~13      ; clk          ; clk         ; 1.000        ; 0.057      ; 5.035      ;
; -3.868 ; altsyncram:storage_rtl_0|altsyncram_0qd1:auto_generated|ram_block1a0~portb_address_reg0 ; input_buffer_fifo:fifo_inst|mem~11      ; clk          ; clk         ; 1.000        ; 0.057      ; 4.923      ;
; -3.857 ; altsyncram:storage_rtl_0|altsyncram_0qd1:auto_generated|ram_block1a0~portb_address_reg0 ; input_buffer_fifo:fifo_inst|mem~10      ; clk          ; clk         ; 1.000        ; 0.057      ; 4.912      ;
; -3.849 ; altsyncram:storage_rtl_0|altsyncram_0qd1:auto_generated|ram_block1a0~portb_address_reg0 ; input_buffer_fifo:fifo_inst|mem~15      ; clk          ; clk         ; 1.000        ; 0.057      ; 4.904      ;
; -3.846 ; altsyncram:storage_rtl_0|altsyncram_0qd1:auto_generated|ram_block1a0~portb_address_reg0 ; input_buffer_fifo:fifo_inst|mem~14      ; clk          ; clk         ; 1.000        ; 0.057      ; 4.901      ;
; -3.842 ; altsyncram:storage_rtl_0|altsyncram_0qd1:auto_generated|ram_block1a0~portb_address_reg0 ; input_buffer_fifo:fifo_inst|mem~1       ; clk          ; clk         ; 1.000        ; 0.025      ; 4.865      ;
; -3.815 ; altsyncram:storage_rtl_0|altsyncram_0qd1:auto_generated|ram_block1a0~portb_address_reg0 ; input_buffer_fifo:fifo_inst|mem~4       ; clk          ; clk         ; 1.000        ; 0.025      ; 4.838      ;
; -3.777 ; altsyncram:storage_rtl_0|altsyncram_0qd1:auto_generated|ram_block1a0~portb_address_reg0 ; input_buffer_fifo:fifo_inst|mem~9       ; clk          ; clk         ; 1.000        ; 0.057      ; 4.832      ;
; -3.750 ; altsyncram:storage_rtl_0|altsyncram_0qd1:auto_generated|ram_block1a0~portb_address_reg0 ; input_buffer_fifo:fifo_inst|mem~12      ; clk          ; clk         ; 1.000        ; 0.057      ; 4.805      ;
; -3.592 ; altsyncram:storage_rtl_0|altsyncram_0qd1:auto_generated|ram_block1a0~portb_address_reg0 ; input_buffer_fifo:fifo_inst|mem~23      ; clk          ; clk         ; 1.000        ; 0.056      ; 4.646      ;
; -3.580 ; altsyncram:storage_rtl_0|altsyncram_0qd1:auto_generated|ram_block1a0~portb_address_reg0 ; input_buffer_fifo:fifo_inst|mem~21      ; clk          ; clk         ; 1.000        ; 0.056      ; 4.634      ;
; -3.573 ; altsyncram:storage_rtl_0|altsyncram_0qd1:auto_generated|ram_block1a0~portb_address_reg0 ; input_buffer_fifo:fifo_inst|mem~17      ; clk          ; clk         ; 1.000        ; 0.056      ; 4.627      ;
; -3.569 ; altsyncram:storage_rtl_0|altsyncram_0qd1:auto_generated|ram_block1a0~portb_address_reg0 ; input_buffer_fifo:fifo_inst|mem~22      ; clk          ; clk         ; 1.000        ; 0.056      ; 4.623      ;
; -3.451 ; altsyncram:storage_rtl_0|altsyncram_0qd1:auto_generated|ram_block1a0~portb_address_reg0 ; input_buffer_fifo:fifo_inst|mem~19      ; clk          ; clk         ; 1.000        ; 0.056      ; 4.505      ;
; -3.441 ; altsyncram:storage_rtl_0|altsyncram_0qd1:auto_generated|ram_block1a0~portb_address_reg0 ; input_buffer_fifo:fifo_inst|mem~20      ; clk          ; clk         ; 1.000        ; 0.056      ; 4.495      ;
; -3.440 ; altsyncram:storage_rtl_0|altsyncram_0qd1:auto_generated|ram_block1a0~portb_address_reg0 ; input_buffer_fifo:fifo_inst|mem~18      ; clk          ; clk         ; 1.000        ; 0.056      ; 4.494      ;
; -3.430 ; altsyncram:storage_rtl_0|altsyncram_0qd1:auto_generated|ram_block1a0~portb_address_reg0 ; input_buffer_fifo:fifo_inst|mem~16      ; clk          ; clk         ; 1.000        ; 0.056      ; 4.484      ;
; -3.105 ; altsyncram:storage_rtl_0|altsyncram_0qd1:auto_generated|ram_block1a0~portb_address_reg0 ; input_buffer_fifo:fifo_inst|mem~31      ; clk          ; clk         ; 1.000        ; 0.024      ; 4.127      ;
; -3.099 ; altsyncram:storage_rtl_0|altsyncram_0qd1:auto_generated|ram_block1a0~portb_address_reg0 ; input_buffer_fifo:fifo_inst|mem~27      ; clk          ; clk         ; 1.000        ; 0.024      ; 4.121      ;
; -3.089 ; altsyncram:storage_rtl_0|altsyncram_0qd1:auto_generated|ram_block1a0~portb_address_reg0 ; input_buffer_fifo:fifo_inst|mem~26      ; clk          ; clk         ; 1.000        ; 0.024      ; 4.111      ;
; -3.088 ; altsyncram:storage_rtl_0|altsyncram_0qd1:auto_generated|ram_block1a0~portb_address_reg0 ; input_buffer_fifo:fifo_inst|mem~28      ; clk          ; clk         ; 1.000        ; 0.024      ; 4.110      ;
; -3.085 ; altsyncram:storage_rtl_0|altsyncram_0qd1:auto_generated|ram_block1a0~portb_address_reg0 ; input_buffer_fifo:fifo_inst|mem~29      ; clk          ; clk         ; 1.000        ; 0.024      ; 4.107      ;
; -3.083 ; altsyncram:storage_rtl_0|altsyncram_0qd1:auto_generated|ram_block1a0~portb_address_reg0 ; input_buffer_fifo:fifo_inst|mem~25      ; clk          ; clk         ; 1.000        ; 0.024      ; 4.105      ;
; -3.080 ; altsyncram:storage_rtl_0|altsyncram_0qd1:auto_generated|ram_block1a0~portb_address_reg0 ; input_buffer_fifo:fifo_inst|mem~30      ; clk          ; clk         ; 1.000        ; 0.024      ; 4.102      ;
; -3.079 ; altsyncram:storage_rtl_0|altsyncram_0qd1:auto_generated|ram_block1a0~portb_address_reg0 ; input_buffer_fifo:fifo_inst|mem~24      ; clk          ; clk         ; 1.000        ; 0.024      ; 4.101      ;
; -2.548 ; input_buffer_fifo:fifo_inst|mem~8                                                       ; input_buffer_fifo:fifo_inst|data_out[0] ; clk          ; clk         ; 1.000        ; -0.521     ; 3.025      ;
; -2.484 ; input_buffer_fifo:fifo_inst|rd_ptr[0]                                                   ; input_buffer_fifo:fifo_inst|data_out[5] ; clk          ; clk         ; 1.000        ; -0.082     ; 3.400      ;
; -2.474 ; input_buffer_fifo:fifo_inst|rd_ptr[0]                                                   ; input_buffer_fifo:fifo_inst|data_out[1] ; clk          ; clk         ; 1.000        ; -0.082     ; 3.390      ;
; -2.420 ; input_buffer_fifo:fifo_inst|mem~20                                                      ; input_buffer_fifo:fifo_inst|data_out[4] ; clk          ; clk         ; 1.000        ; -0.520     ; 2.898      ;
; -2.333 ; input_buffer_fifo:fifo_inst|rd_ptr[0]                                                   ; input_buffer_fifo:fifo_inst|data_out[4] ; clk          ; clk         ; 1.000        ; -0.082     ; 3.249      ;
; -2.323 ; input_buffer_fifo:fifo_inst|rd_ptr[0]                                                   ; input_buffer_fifo:fifo_inst|data_out[0] ; clk          ; clk         ; 1.000        ; -0.082     ; 3.239      ;
; -2.311 ; input_buffer_fifo:fifo_inst|rd_ptr[0]                                                   ; input_buffer_fifo:fifo_inst|data_out[2] ; clk          ; clk         ; 1.000        ; -0.082     ; 3.227      ;
; -2.293 ; input_buffer_fifo:fifo_inst|rd_ptr[0]                                                   ; input_buffer_fifo:fifo_inst|data_out[7] ; clk          ; clk         ; 1.000        ; -0.082     ; 3.209      ;
; -2.139 ; input_buffer_fifo:fifo_inst|wr_ptr[0]                                                   ; input_buffer_fifo:fifo_inst|mem~7       ; clk          ; clk         ; 1.000        ; 0.308      ; 3.445      ;
; -2.139 ; input_buffer_fifo:fifo_inst|wr_ptr[0]                                                   ; input_buffer_fifo:fifo_inst|mem~6       ; clk          ; clk         ; 1.000        ; 0.308      ; 3.445      ;
; -2.139 ; input_buffer_fifo:fifo_inst|wr_ptr[0]                                                   ; input_buffer_fifo:fifo_inst|mem~5       ; clk          ; clk         ; 1.000        ; 0.308      ; 3.445      ;
; -2.139 ; input_buffer_fifo:fifo_inst|wr_ptr[0]                                                   ; input_buffer_fifo:fifo_inst|mem~4       ; clk          ; clk         ; 1.000        ; 0.308      ; 3.445      ;
; -2.139 ; input_buffer_fifo:fifo_inst|wr_ptr[0]                                                   ; input_buffer_fifo:fifo_inst|mem~3       ; clk          ; clk         ; 1.000        ; 0.308      ; 3.445      ;
; -2.139 ; input_buffer_fifo:fifo_inst|wr_ptr[0]                                                   ; input_buffer_fifo:fifo_inst|mem~2       ; clk          ; clk         ; 1.000        ; 0.308      ; 3.445      ;
; -2.139 ; input_buffer_fifo:fifo_inst|wr_ptr[0]                                                   ; input_buffer_fifo:fifo_inst|mem~1       ; clk          ; clk         ; 1.000        ; 0.308      ; 3.445      ;
; -2.139 ; input_buffer_fifo:fifo_inst|wr_ptr[0]                                                   ; input_buffer_fifo:fifo_inst|mem~0       ; clk          ; clk         ; 1.000        ; 0.308      ; 3.445      ;
; -2.104 ; input_buffer_fifo:fifo_inst|rd_ptr[0]                                                   ; input_buffer_fifo:fifo_inst|mem~7       ; clk          ; clk         ; 1.000        ; 0.308      ; 3.410      ;
; -2.104 ; input_buffer_fifo:fifo_inst|rd_ptr[0]                                                   ; input_buffer_fifo:fifo_inst|mem~6       ; clk          ; clk         ; 1.000        ; 0.308      ; 3.410      ;
; -2.104 ; input_buffer_fifo:fifo_inst|rd_ptr[0]                                                   ; input_buffer_fifo:fifo_inst|mem~5       ; clk          ; clk         ; 1.000        ; 0.308      ; 3.410      ;
; -2.104 ; input_buffer_fifo:fifo_inst|rd_ptr[0]                                                   ; input_buffer_fifo:fifo_inst|mem~4       ; clk          ; clk         ; 1.000        ; 0.308      ; 3.410      ;
; -2.104 ; input_buffer_fifo:fifo_inst|rd_ptr[0]                                                   ; input_buffer_fifo:fifo_inst|mem~3       ; clk          ; clk         ; 1.000        ; 0.308      ; 3.410      ;
; -2.104 ; input_buffer_fifo:fifo_inst|rd_ptr[0]                                                   ; input_buffer_fifo:fifo_inst|mem~2       ; clk          ; clk         ; 1.000        ; 0.308      ; 3.410      ;
; -2.104 ; input_buffer_fifo:fifo_inst|rd_ptr[0]                                                   ; input_buffer_fifo:fifo_inst|mem~1       ; clk          ; clk         ; 1.000        ; 0.308      ; 3.410      ;
; -2.104 ; input_buffer_fifo:fifo_inst|rd_ptr[0]                                                   ; input_buffer_fifo:fifo_inst|mem~0       ; clk          ; clk         ; 1.000        ; 0.308      ; 3.410      ;
; -2.103 ; input_buffer_fifo:fifo_inst|wr_ptr[0]                                                   ; input_buffer_fifo:fifo_inst|mem~31      ; clk          ; clk         ; 1.000        ; 0.307      ; 3.408      ;
; -2.103 ; input_buffer_fifo:fifo_inst|wr_ptr[0]                                                   ; input_buffer_fifo:fifo_inst|mem~30      ; clk          ; clk         ; 1.000        ; 0.307      ; 3.408      ;
; -2.103 ; input_buffer_fifo:fifo_inst|wr_ptr[0]                                                   ; input_buffer_fifo:fifo_inst|mem~29      ; clk          ; clk         ; 1.000        ; 0.307      ; 3.408      ;
; -2.103 ; input_buffer_fifo:fifo_inst|wr_ptr[0]                                                   ; input_buffer_fifo:fifo_inst|mem~28      ; clk          ; clk         ; 1.000        ; 0.307      ; 3.408      ;
; -2.103 ; input_buffer_fifo:fifo_inst|wr_ptr[0]                                                   ; input_buffer_fifo:fifo_inst|mem~27      ; clk          ; clk         ; 1.000        ; 0.307      ; 3.408      ;
; -2.103 ; input_buffer_fifo:fifo_inst|wr_ptr[0]                                                   ; input_buffer_fifo:fifo_inst|mem~26      ; clk          ; clk         ; 1.000        ; 0.307      ; 3.408      ;
; -2.103 ; input_buffer_fifo:fifo_inst|wr_ptr[0]                                                   ; input_buffer_fifo:fifo_inst|mem~25      ; clk          ; clk         ; 1.000        ; 0.307      ; 3.408      ;
; -2.103 ; input_buffer_fifo:fifo_inst|wr_ptr[0]                                                   ; input_buffer_fifo:fifo_inst|mem~24      ; clk          ; clk         ; 1.000        ; 0.307      ; 3.408      ;
; -2.068 ; input_buffer_fifo:fifo_inst|rd_ptr[0]                                                   ; input_buffer_fifo:fifo_inst|mem~31      ; clk          ; clk         ; 1.000        ; 0.307      ; 3.373      ;
; -2.068 ; input_buffer_fifo:fifo_inst|rd_ptr[0]                                                   ; input_buffer_fifo:fifo_inst|mem~30      ; clk          ; clk         ; 1.000        ; 0.307      ; 3.373      ;
; -2.068 ; input_buffer_fifo:fifo_inst|rd_ptr[0]                                                   ; input_buffer_fifo:fifo_inst|mem~29      ; clk          ; clk         ; 1.000        ; 0.307      ; 3.373      ;
; -2.068 ; input_buffer_fifo:fifo_inst|rd_ptr[0]                                                   ; input_buffer_fifo:fifo_inst|mem~28      ; clk          ; clk         ; 1.000        ; 0.307      ; 3.373      ;
; -2.068 ; input_buffer_fifo:fifo_inst|rd_ptr[0]                                                   ; input_buffer_fifo:fifo_inst|mem~27      ; clk          ; clk         ; 1.000        ; 0.307      ; 3.373      ;
; -2.068 ; input_buffer_fifo:fifo_inst|rd_ptr[0]                                                   ; input_buffer_fifo:fifo_inst|mem~26      ; clk          ; clk         ; 1.000        ; 0.307      ; 3.373      ;
; -2.068 ; input_buffer_fifo:fifo_inst|rd_ptr[0]                                                   ; input_buffer_fifo:fifo_inst|mem~25      ; clk          ; clk         ; 1.000        ; 0.307      ; 3.373      ;
; -2.068 ; input_buffer_fifo:fifo_inst|rd_ptr[0]                                                   ; input_buffer_fifo:fifo_inst|mem~24      ; clk          ; clk         ; 1.000        ; 0.307      ; 3.373      ;
; -2.060 ; input_buffer_fifo:fifo_inst|wr_ptr[0]                                                   ; input_buffer_fifo:fifo_inst|mem~15      ; clk          ; clk         ; 1.000        ; 0.340      ; 3.398      ;
; -2.060 ; input_buffer_fifo:fifo_inst|wr_ptr[0]                                                   ; input_buffer_fifo:fifo_inst|mem~14      ; clk          ; clk         ; 1.000        ; 0.340      ; 3.398      ;
; -2.060 ; input_buffer_fifo:fifo_inst|wr_ptr[0]                                                   ; input_buffer_fifo:fifo_inst|mem~13      ; clk          ; clk         ; 1.000        ; 0.340      ; 3.398      ;
; -2.060 ; input_buffer_fifo:fifo_inst|wr_ptr[0]                                                   ; input_buffer_fifo:fifo_inst|mem~12      ; clk          ; clk         ; 1.000        ; 0.340      ; 3.398      ;
; -2.060 ; input_buffer_fifo:fifo_inst|wr_ptr[0]                                                   ; input_buffer_fifo:fifo_inst|mem~11      ; clk          ; clk         ; 1.000        ; 0.340      ; 3.398      ;
; -2.060 ; input_buffer_fifo:fifo_inst|wr_ptr[0]                                                   ; input_buffer_fifo:fifo_inst|mem~10      ; clk          ; clk         ; 1.000        ; 0.340      ; 3.398      ;
; -2.060 ; input_buffer_fifo:fifo_inst|wr_ptr[0]                                                   ; input_buffer_fifo:fifo_inst|mem~9       ; clk          ; clk         ; 1.000        ; 0.340      ; 3.398      ;
; -2.060 ; input_buffer_fifo:fifo_inst|wr_ptr[0]                                                   ; input_buffer_fifo:fifo_inst|mem~8       ; clk          ; clk         ; 1.000        ; 0.340      ; 3.398      ;
; -2.057 ; input_buffer_fifo:fifo_inst|wr_ptr[0]                                                   ; input_buffer_fifo:fifo_inst|data_out[7] ; clk          ; clk         ; 1.000        ; -0.082     ; 2.973      ;
; -2.057 ; input_buffer_fifo:fifo_inst|wr_ptr[0]                                                   ; input_buffer_fifo:fifo_inst|data_out[6] ; clk          ; clk         ; 1.000        ; -0.082     ; 2.973      ;
; -2.057 ; input_buffer_fifo:fifo_inst|wr_ptr[0]                                                   ; input_buffer_fifo:fifo_inst|data_out[5] ; clk          ; clk         ; 1.000        ; -0.082     ; 2.973      ;
; -2.057 ; input_buffer_fifo:fifo_inst|wr_ptr[0]                                                   ; input_buffer_fifo:fifo_inst|data_out[4] ; clk          ; clk         ; 1.000        ; -0.082     ; 2.973      ;
; -2.057 ; input_buffer_fifo:fifo_inst|wr_ptr[0]                                                   ; input_buffer_fifo:fifo_inst|data_out[3] ; clk          ; clk         ; 1.000        ; -0.082     ; 2.973      ;
; -2.057 ; input_buffer_fifo:fifo_inst|wr_ptr[0]                                                   ; input_buffer_fifo:fifo_inst|data_out[2] ; clk          ; clk         ; 1.000        ; -0.082     ; 2.973      ;
; -2.057 ; input_buffer_fifo:fifo_inst|wr_ptr[0]                                                   ; input_buffer_fifo:fifo_inst|data_out[1] ; clk          ; clk         ; 1.000        ; -0.082     ; 2.973      ;
; -2.057 ; input_buffer_fifo:fifo_inst|wr_ptr[0]                                                   ; input_buffer_fifo:fifo_inst|data_out[0] ; clk          ; clk         ; 1.000        ; -0.082     ; 2.973      ;
; -2.030 ; input_buffer_fifo:fifo_inst|wr_ptr[0]                                                   ; input_buffer_fifo:fifo_inst|mem~23      ; clk          ; clk         ; 1.000        ; 0.339      ; 3.367      ;
; -2.030 ; input_buffer_fifo:fifo_inst|wr_ptr[0]                                                   ; input_buffer_fifo:fifo_inst|mem~22      ; clk          ; clk         ; 1.000        ; 0.339      ; 3.367      ;
; -2.030 ; input_buffer_fifo:fifo_inst|wr_ptr[0]                                                   ; input_buffer_fifo:fifo_inst|mem~21      ; clk          ; clk         ; 1.000        ; 0.339      ; 3.367      ;
; -2.030 ; input_buffer_fifo:fifo_inst|wr_ptr[0]                                                   ; input_buffer_fifo:fifo_inst|mem~20      ; clk          ; clk         ; 1.000        ; 0.339      ; 3.367      ;
; -2.030 ; input_buffer_fifo:fifo_inst|wr_ptr[0]                                                   ; input_buffer_fifo:fifo_inst|mem~19      ; clk          ; clk         ; 1.000        ; 0.339      ; 3.367      ;
; -2.030 ; input_buffer_fifo:fifo_inst|wr_ptr[0]                                                   ; input_buffer_fifo:fifo_inst|mem~18      ; clk          ; clk         ; 1.000        ; 0.339      ; 3.367      ;
; -2.030 ; input_buffer_fifo:fifo_inst|wr_ptr[0]                                                   ; input_buffer_fifo:fifo_inst|mem~17      ; clk          ; clk         ; 1.000        ; 0.339      ; 3.367      ;
; -2.030 ; input_buffer_fifo:fifo_inst|wr_ptr[0]                                                   ; input_buffer_fifo:fifo_inst|mem~16      ; clk          ; clk         ; 1.000        ; 0.339      ; 3.367      ;
; -2.025 ; input_buffer_fifo:fifo_inst|rd_ptr[0]                                                   ; input_buffer_fifo:fifo_inst|mem~15      ; clk          ; clk         ; 1.000        ; 0.340      ; 3.363      ;
; -2.025 ; input_buffer_fifo:fifo_inst|rd_ptr[0]                                                   ; input_buffer_fifo:fifo_inst|mem~14      ; clk          ; clk         ; 1.000        ; 0.340      ; 3.363      ;
; -2.025 ; input_buffer_fifo:fifo_inst|rd_ptr[0]                                                   ; input_buffer_fifo:fifo_inst|mem~13      ; clk          ; clk         ; 1.000        ; 0.340      ; 3.363      ;
; -2.025 ; input_buffer_fifo:fifo_inst|rd_ptr[0]                                                   ; input_buffer_fifo:fifo_inst|mem~12      ; clk          ; clk         ; 1.000        ; 0.340      ; 3.363      ;
+--------+-----------------------------------------------------------------------------------------+-----------------------------------------+--------------+-------------+--------------+------------+------------+


+---------------------------------------------------------------------------------------------------------------------------------------------------------------------------------------------------------------+
; Slow 1200mV 85C Model Hold: 'clk'                                                                                                                                                                             ;
+-------+---------------------------------------+-----------------------------------------------------------------------------------------+--------------+-------------+--------------+------------+------------+
; Slack ; From Node                             ; To Node                                                                                 ; Launch Clock ; Latch Clock ; Relationship ; Clock Skew ; Data Delay ;
+-------+---------------------------------------+-----------------------------------------------------------------------------------------+--------------+-------------+--------------+------------+------------+
; 0.401 ; storage~0                             ; storage~0                                                                               ; clk          ; clk         ; 0.000        ; 0.082      ; 0.669      ;
; 0.402 ; input_buffer_fifo:fifo_inst|wr_ptr[2] ; input_buffer_fifo:fifo_inst|wr_ptr[2]                                                   ; clk          ; clk         ; 0.000        ; 0.081      ; 0.669      ;
; 0.402 ; input_buffer_fifo:fifo_inst|rd_ptr[0] ; input_buffer_fifo:fifo_inst|rd_ptr[0]                                                   ; clk          ; clk         ; 0.000        ; 0.081      ; 0.669      ;
; 0.402 ; input_buffer_fifo:fifo_inst|wr_ptr[1] ; input_buffer_fifo:fifo_inst|wr_ptr[1]                                                   ; clk          ; clk         ; 0.000        ; 0.081      ; 0.669      ;
; 0.402 ; input_buffer_fifo:fifo_inst|wr_ptr[0] ; input_buffer_fifo:fifo_inst|wr_ptr[0]                                                   ; clk          ; clk         ; 0.000        ; 0.081      ; 0.669      ;
; 0.402 ; input_buffer_fifo:fifo_inst|rd_ptr[2] ; input_buffer_fifo:fifo_inst|rd_ptr[2]                                                   ; clk          ; clk         ; 0.000        ; 0.081      ; 0.669      ;
; 0.402 ; input_buffer_fifo:fifo_inst|rd_ptr[1] ; input_buffer_fifo:fifo_inst|rd_ptr[1]                                                   ; clk          ; clk         ; 0.000        ; 0.081      ; 0.669      ;
; 0.402 ; fifo_wr_en                            ; fifo_wr_en                                                                              ; clk          ; clk         ; 0.000        ; 0.081      ; 0.669      ;
; 0.402 ; wait_cnt[0]                           ; wait_cnt[0]                                                                             ; clk          ; clk         ; 0.000        ; 0.081      ; 0.669      ;
; 0.402 ; wait_cnt[1]                           ; wait_cnt[1]                                                                             ; clk          ; clk         ; 0.000        ; 0.081      ; 0.669      ;
; 0.402 ; state.ST_WAIT_RAM                     ; state.ST_WAIT_RAM                                                                       ; clk          ; clk         ; 0.000        ; 0.081      ; 0.669      ;
; 0.402 ; state.ST_IDLE                         ; state.ST_IDLE                                                                           ; clk          ; clk         ; 0.000        ; 0.081      ; 0.669      ;
; 0.437 ; state.ST_WRITE                        ; state.ST_DONE                                                                           ; clk          ; clk         ; 0.000        ; 0.081      ; 0.704      ;
; 0.441 ; input_buffer_fifo:fifo_inst|wr_ptr[2] ; input_buffer_fifo:fifo_inst|rd_ptr[0]                                                   ; clk          ; clk         ; 0.000        ; 0.081      ; 0.708      ;
; 0.449 ; input_buffer_fifo:fifo_inst|rd_ptr[1] ; input_buffer_fifo:fifo_inst|rd_ptr[2]                                                   ; clk          ; clk         ; 0.000        ; 0.081      ; 0.716      ;
; 0.464 ; state.ST_READ_REQ                     ; wait_cnt[1]                                                                             ; clk          ; clk         ; 0.000        ; 0.081      ; 0.731      ;
; 0.468 ; state.ST_READ_REQ                     ; wait_cnt[0]                                                                             ; clk          ; clk         ; 0.000        ; 0.081      ; 0.735      ;
; 0.471 ; state.ST_IDLE                         ; state.ST_WRITE                                                                          ; clk          ; clk         ; 0.000        ; 0.081      ; 0.738      ;
; 0.471 ; state.ST_READ_REQ                     ; state.ST_WAIT_RAM                                                                       ; clk          ; clk         ; 0.000        ; 0.081      ; 0.738      ;
; 0.474 ; state.ST_IDLE                         ; state.ST_READ_REQ                                                                       ; clk          ; clk         ; 0.000        ; 0.081      ; 0.741      ;
; 0.576 ; state.ST_WAIT_RAM                     ; state.ST_DONE                                                                           ; clk          ; clk         ; 0.000        ; 0.081      ; 0.843      ;
; 0.651 ; storage~0                             ; input_buffer_fifo:fifo_inst|mem~24                                                      ; clk          ; clk         ; 0.000        ; 0.486      ; 1.323      ;
; 0.652 ; storage~0                             ; input_buffer_fifo:fifo_inst|mem~26                                                      ; clk          ; clk         ; 0.000        ; 0.486      ; 1.324      ;
; 0.653 ; storage~0                             ; input_buffer_fifo:fifo_inst|mem~28                                                      ; clk          ; clk         ; 0.000        ; 0.486      ; 1.325      ;
; 0.654 ; storage~0                             ; input_buffer_fifo:fifo_inst|mem~25                                                      ; clk          ; clk         ; 0.000        ; 0.486      ; 1.326      ;
; 0.655 ; storage~0                             ; input_buffer_fifo:fifo_inst|mem~27                                                      ; clk          ; clk         ; 0.000        ; 0.486      ; 1.327      ;
; 0.656 ; storage~0                             ; input_buffer_fifo:fifo_inst|mem~31                                                      ; clk          ; clk         ; 0.000        ; 0.486      ; 1.328      ;
; 0.656 ; storage~0                             ; input_buffer_fifo:fifo_inst|mem~29                                                      ; clk          ; clk         ; 0.000        ; 0.486      ; 1.328      ;
; 0.657 ; storage~0                             ; input_buffer_fifo:fifo_inst|mem~30                                                      ; clk          ; clk         ; 0.000        ; 0.486      ; 1.329      ;
; 0.658 ; state.ST_DONE                         ; state.ST_IDLE                                                                           ; clk          ; clk         ; 0.000        ; 0.081      ; 0.925      ;
; 0.659 ; input_buffer_fifo:fifo_inst|rd_ptr[2] ; input_buffer_fifo:fifo_inst|rd_ptr[0]                                                   ; clk          ; clk         ; 0.000        ; 0.081      ; 0.926      ;
; 0.661 ; state.ST_WAIT_RAM                     ; wait_cnt[1]                                                                             ; clk          ; clk         ; 0.000        ; 0.081      ; 0.928      ;
; 0.663 ; wait_cnt[1]                           ; wait_cnt[0]                                                                             ; clk          ; clk         ; 0.000        ; 0.081      ; 0.930      ;
; 0.668 ; state.ST_WAIT_RAM                     ; wait_cnt[0]                                                                             ; clk          ; clk         ; 0.000        ; 0.081      ; 0.935      ;
; 0.678 ; input_buffer_fifo:fifo_inst|wr_ptr[1] ; input_buffer_fifo:fifo_inst|wr_ptr[2]                                                   ; clk          ; clk         ; 0.000        ; 0.081      ; 0.945      ;
; 0.683 ; input_buffer_fifo:fifo_inst|wr_ptr[0] ; input_buffer_fifo:fifo_inst|wr_ptr[2]                                                   ; clk          ; clk         ; 0.000        ; 0.081      ; 0.950      ;
; 0.685 ; input_buffer_fifo:fifo_inst|wr_ptr[0] ; input_buffer_fifo:fifo_inst|wr_ptr[1]                                                   ; clk          ; clk         ; 0.000        ; 0.081      ; 0.952      ;
; 0.691 ; input_buffer_fifo:fifo_inst|rd_ptr[0] ; input_buffer_fifo:fifo_inst|rd_ptr[2]                                                   ; clk          ; clk         ; 0.000        ; 0.081      ; 0.958      ;
; 0.694 ; input_buffer_fifo:fifo_inst|rd_ptr[0] ; input_buffer_fifo:fifo_inst|rd_ptr[1]                                                   ; clk          ; clk         ; 0.000        ; 0.081      ; 0.961      ;
; 0.704 ; wait_cnt[1]                           ; state.ST_DONE                                                                           ; clk          ; clk         ; 0.000        ; 0.081      ; 0.971      ;
; 0.706 ; state.ST_WAIT_RAM                     ; fifo_wr_en                                                                              ; clk          ; clk         ; 0.000        ; 0.081      ; 0.973      ;
; 0.716 ; wait_cnt[1]                           ; fifo_wr_en                                                                              ; clk          ; clk         ; 0.000        ; 0.081      ; 0.983      ;
; 0.722 ; wait_cnt[1]                           ; state.ST_WAIT_RAM                                                                       ; clk          ; clk         ; 0.000        ; 0.081      ; 0.989      ;
; 0.804 ; wait_cnt[0]                           ; wait_cnt[1]                                                                             ; clk          ; clk         ; 0.000        ; 0.081      ; 1.071      ;
; 0.817 ; state.ST_READ_REQ                     ; fifo_wr_en                                                                              ; clk          ; clk         ; 0.000        ; 0.081      ; 1.084      ;
; 0.829 ; input_buffer_fifo:fifo_inst|wr_ptr[2] ; input_buffer_fifo:fifo_inst|wr_ptr[0]                                                   ; clk          ; clk         ; 0.000        ; 0.081      ; 1.096      ;
; 0.843 ; state.ST_READ_REQ                     ; storage~0                                                                               ; clk          ; clk         ; 0.000        ; 0.080      ; 1.109      ;
; 0.879 ; input_buffer_fifo:fifo_inst|rd_ptr[0] ; input_buffer_fifo:fifo_inst|data_out[2]                                                 ; clk          ; clk         ; 0.000        ; 0.080      ; 1.145      ;
; 0.883 ; input_buffer_fifo:fifo_inst|rd_ptr[0] ; input_buffer_fifo:fifo_inst|data_out[4]                                                 ; clk          ; clk         ; 0.000        ; 0.080      ; 1.149      ;
; 0.893 ; input_buffer_fifo:fifo_inst|rd_ptr[1] ; input_buffer_fifo:fifo_inst|data_out[0]                                                 ; clk          ; clk         ; 0.000        ; 0.080      ; 1.159      ;
; 0.894 ; input_buffer_fifo:fifo_inst|rd_ptr[1] ; input_buffer_fifo:fifo_inst|data_out[3]                                                 ; clk          ; clk         ; 0.000        ; 0.080      ; 1.160      ;
; 0.898 ; input_buffer_fifo:fifo_inst|rd_ptr[1] ; input_buffer_fifo:fifo_inst|data_out[7]                                                 ; clk          ; clk         ; 0.000        ; 0.080      ; 1.164      ;
; 0.944 ; input_buffer_fifo:fifo_inst|wr_ptr[2] ; input_buffer_fifo:fifo_inst|data_valid                                                  ; clk          ; clk         ; 0.000        ; 0.081      ; 1.211      ;
; 0.984 ; storage~0                             ; input_buffer_fifo:fifo_inst|mem~16                                                      ; clk          ; clk         ; 0.000        ; 0.520      ; 1.690      ;
; 0.986 ; storage~0                             ; input_buffer_fifo:fifo_inst|mem~18                                                      ; clk          ; clk         ; 0.000        ; 0.520      ; 1.692      ;
; 0.989 ; storage~0                             ; input_buffer_fifo:fifo_inst|mem~20                                                      ; clk          ; clk         ; 0.000        ; 0.520      ; 1.695      ;
; 0.990 ; storage~0                             ; input_buffer_fifo:fifo_inst|mem~19                                                      ; clk          ; clk         ; 0.000        ; 0.520      ; 1.696      ;
; 1.038 ; state.ST_WRITE                        ; fifo_wr_en                                                                              ; clk          ; clk         ; 0.000        ; 0.081      ; 1.305      ;
; 1.039 ; input_buffer_fifo:fifo_inst|rd_ptr[2] ; input_buffer_fifo:fifo_inst|wr_ptr[0]                                                   ; clk          ; clk         ; 0.000        ; 0.081      ; 1.306      ;
; 1.042 ; input_buffer_fifo:fifo_inst|wr_ptr[2] ; input_buffer_fifo:fifo_inst|rd_ptr[1]                                                   ; clk          ; clk         ; 0.000        ; 0.081      ; 1.309      ;
; 1.044 ; input_buffer_fifo:fifo_inst|rd_ptr[2] ; input_buffer_fifo:fifo_inst|wr_ptr[2]                                                   ; clk          ; clk         ; 0.000        ; 0.081      ; 1.311      ;
; 1.045 ; input_buffer_fifo:fifo_inst|wr_ptr[2] ; input_buffer_fifo:fifo_inst|rd_ptr[2]                                                   ; clk          ; clk         ; 0.000        ; 0.081      ; 1.312      ;
; 1.054 ; input_buffer_fifo:fifo_inst|wr_ptr[2] ; input_buffer_fifo:fifo_inst|wr_ptr[1]                                                   ; clk          ; clk         ; 0.000        ; 0.081      ; 1.321      ;
; 1.066 ; state.ST_IDLE                         ; altsyncram:storage_rtl_0|altsyncram_0qd1:auto_generated|ram_block1a0~porta_we_reg       ; clk          ; clk         ; 0.000        ; 0.432      ; 1.720      ;
; 1.112 ; storage~0                             ; input_buffer_fifo:fifo_inst|mem~17                                                      ; clk          ; clk         ; 0.000        ; 0.520      ; 1.818      ;
; 1.114 ; storage~0                             ; input_buffer_fifo:fifo_inst|mem~23                                                      ; clk          ; clk         ; 0.000        ; 0.520      ; 1.820      ;
; 1.114 ; storage~0                             ; input_buffer_fifo:fifo_inst|mem~22                                                      ; clk          ; clk         ; 0.000        ; 0.520      ; 1.820      ;
; 1.115 ; storage~0                             ; input_buffer_fifo:fifo_inst|mem~21                                                      ; clk          ; clk         ; 0.000        ; 0.520      ; 1.821      ;
; 1.133 ; input_buffer_fifo:fifo_inst|rd_ptr[1] ; input_buffer_fifo:fifo_inst|data_out[5]                                                 ; clk          ; clk         ; 0.000        ; 0.080      ; 1.399      ;
; 1.135 ; input_buffer_fifo:fifo_inst|rd_ptr[1] ; input_buffer_fifo:fifo_inst|data_out[1]                                                 ; clk          ; clk         ; 0.000        ; 0.080      ; 1.401      ;
; 1.138 ; input_buffer_fifo:fifo_inst|rd_ptr[0] ; input_buffer_fifo:fifo_inst|data_out[6]                                                 ; clk          ; clk         ; 0.000        ; 0.080      ; 1.404      ;
; 1.155 ; input_buffer_fifo:fifo_inst|rd_ptr[2] ; input_buffer_fifo:fifo_inst|data_valid                                                  ; clk          ; clk         ; 0.000        ; 0.081      ; 1.422      ;
; 1.177 ; input_buffer_fifo:fifo_inst|mem~14    ; input_buffer_fifo:fifo_inst|data_out[6]                                                 ; clk          ; clk         ; 0.000        ; -0.341     ; 1.022      ;
; 1.196 ; input_buffer_fifo:fifo_inst|rd_ptr[1] ; input_buffer_fifo:fifo_inst|rd_ptr[0]                                                   ; clk          ; clk         ; 0.000        ; 0.081      ; 1.463      ;
; 1.200 ; fifo_wr_en                            ; input_buffer_fifo:fifo_inst|wr_ptr[0]                                                   ; clk          ; clk         ; 0.000        ; 0.080      ; 1.466      ;
; 1.205 ; fifo_wr_en                            ; input_buffer_fifo:fifo_inst|wr_ptr[2]                                                   ; clk          ; clk         ; 0.000        ; 0.080      ; 1.471      ;
; 1.212 ; input_buffer_fifo:fifo_inst|mem~29    ; input_buffer_fifo:fifo_inst|data_out[5]                                                 ; clk          ; clk         ; 0.000        ; -0.308     ; 1.090      ;
; 1.228 ; input_buffer_fifo:fifo_inst|mem~17    ; input_buffer_fifo:fifo_inst|data_out[1]                                                 ; clk          ; clk         ; 0.000        ; -0.340     ; 1.074      ;
; 1.229 ; state.ST_READ_REQ                     ; altsyncram:storage_rtl_0|altsyncram_0qd1:auto_generated|ram_block1a0~portb_address_reg0 ; clk          ; clk         ; 0.000        ; 0.363      ; 1.814      ;
; 1.241 ; input_buffer_fifo:fifo_inst|mem~12    ; input_buffer_fifo:fifo_inst|data_out[4]                                                 ; clk          ; clk         ; 0.000        ; -0.341     ; 1.086      ;
; 1.253 ; input_buffer_fifo:fifo_inst|rd_ptr[2] ; input_buffer_fifo:fifo_inst|rd_ptr[1]                                                   ; clk          ; clk         ; 0.000        ; 0.081      ; 1.520      ;
; 1.264 ; input_buffer_fifo:fifo_inst|rd_ptr[2] ; input_buffer_fifo:fifo_inst|wr_ptr[1]                                                   ; clk          ; clk         ; 0.000        ; 0.081      ; 1.531      ;
; 1.281 ; input_buffer_fifo:fifo_inst|mem~6     ; input_buffer_fifo:fifo_inst|data_out[6]                                                 ; clk          ; clk         ; 0.000        ; -0.309     ; 1.158      ;
; 1.284 ; storage~0                             ; input_buffer_fifo:fifo_inst|mem~12                                                      ; clk          ; clk         ; 0.000        ; 0.521      ; 1.991      ;
; 1.284 ; input_buffer_fifo:fifo_inst|mem~10    ; input_buffer_fifo:fifo_inst|data_out[2]                                                 ; clk          ; clk         ; 0.000        ; -0.341     ; 1.129      ;
; 1.315 ; storage~0                             ; input_buffer_fifo:fifo_inst|mem~9                                                       ; clk          ; clk         ; 0.000        ; 0.521      ; 2.022      ;
; 1.321 ; input_buffer_fifo:fifo_inst|mem~25    ; input_buffer_fifo:fifo_inst|data_out[1]                                                 ; clk          ; clk         ; 0.000        ; -0.308     ; 1.199      ;
; 1.330 ; input_buffer_fifo:fifo_inst|wr_ptr[1] ; input_buffer_fifo:fifo_inst|rd_ptr[0]                                                   ; clk          ; clk         ; 0.000        ; 0.081      ; 1.597      ;
; 1.337 ; input_buffer_fifo:fifo_inst|rd_ptr[1] ; input_buffer_fifo:fifo_inst|wr_ptr[0]                                                   ; clk          ; clk         ; 0.000        ; 0.081      ; 1.604      ;
; 1.342 ; input_buffer_fifo:fifo_inst|rd_ptr[1] ; input_buffer_fifo:fifo_inst|wr_ptr[2]                                                   ; clk          ; clk         ; 0.000        ; 0.081      ; 1.609      ;
; 1.366 ; storage~0                             ; input_buffer_fifo:fifo_inst|mem~4                                                       ; clk          ; clk         ; 0.000        ; 0.487      ; 2.039      ;
; 1.367 ; storage~0                             ; input_buffer_fifo:fifo_inst|mem~15                                                      ; clk          ; clk         ; 0.000        ; 0.521      ; 2.074      ;
; 1.377 ; input_buffer_fifo:fifo_inst|mem~28    ; input_buffer_fifo:fifo_inst|data_out[4]                                                 ; clk          ; clk         ; 0.000        ; -0.308     ; 1.255      ;
; 1.383 ; input_buffer_fifo:fifo_inst|mem~21    ; input_buffer_fifo:fifo_inst|data_out[5]                                                 ; clk          ; clk         ; 0.000        ; -0.340     ; 1.229      ;
; 1.386 ; storage~0                             ; input_buffer_fifo:fifo_inst|mem~10                                                      ; clk          ; clk         ; 0.000        ; 0.521      ; 2.093      ;
; 1.388 ; input_buffer_fifo:fifo_inst|mem~26    ; input_buffer_fifo:fifo_inst|data_out[2]                                                 ; clk          ; clk         ; 0.000        ; -0.308     ; 1.266      ;
; 1.389 ; storage~0                             ; input_buffer_fifo:fifo_inst|mem~14                                                      ; clk          ; clk         ; 0.000        ; 0.521      ; 2.096      ;
; 1.390 ; storage~0                             ; input_buffer_fifo:fifo_inst|mem~11                                                      ; clk          ; clk         ; 0.000        ; 0.521      ; 2.097      ;
; 1.393 ; input_buffer_fifo:fifo_inst|mem~19    ; input_buffer_fifo:fifo_inst|data_out[3]                                                 ; clk          ; clk         ; 0.000        ; -0.340     ; 1.239      ;
; 1.397 ; storage~0                             ; input_buffer_fifo:fifo_inst|mem~1                                                       ; clk          ; clk         ; 0.000        ; 0.487      ; 2.070      ;
+-------+---------------------------------------+-----------------------------------------------------------------------------------------+--------------+-------------+--------------+------------+------------+


-----------------------------------------------
; Slow 1200mV 85C Model Metastability Summary ;
-----------------------------------------------
No synchronizer chains to report.


+--------------------------------------------------+
; Slow 1200mV 0C Model Fmax Summary                ;
+------------+-----------------+------------+------+
; Fmax       ; Restricted Fmax ; Clock Name ; Note ;
+------------+-----------------+------------+------+
; 214.78 MHz ; 214.78 MHz      ; clk        ;      ;
+------------+-----------------+------------+------+
This panel reports FMAX for every clock in the design, regardless of the user-specified clock periods.  FMAX is only computed for paths where the source and destination registers or ports are driven by the same clock.  Paths of different clocks, including generated clocks, are ignored.  For paths between a clock and its inversion, FMAX is computed as if the rising and falling edges are scaled along with FMAX, such that the duty cycle (in terms of a percentage) is maintained. Altera recommends that you always use clock constraints and other slack reports for sign-off analysis.


+------------------------------------+
; Slow 1200mV 0C Model Setup Summary ;
+-------+--------+-------------------+
; Clock ; Slack  ; End Point TNS     ;
+-------+--------+-------------------+
; clk   ; -3.656 ; -132.358          ;
+-------+--------+-------------------+


+-----------------------------------+
; Slow 1200mV 0C Model Hold Summary ;
+-------+-------+-------------------+
; Clock ; Slack ; End Point TNS     ;
+-------+-------+-------------------+
; clk   ; 0.353 ; 0.000             ;
+-------+-------+-------------------+


-----------------------------------------
; Slow 1200mV 0C Model Recovery Summary ;
-----------------------------------------
No paths to report.


----------------------------------------
; Slow 1200mV 0C Model Removal Summary ;
----------------------------------------
No paths to report.


+--------------------------------------------------+
; Slow 1200mV 0C Model Minimum Pulse Width Summary ;
+-------+--------+---------------------------------+
; Clock ; Slack  ; End Point TNS                   ;
+-------+--------+---------------------------------+
; clk   ; -3.000 ; -85.556                         ;
+-------+--------+---------------------------------+


+------------------------------------------------------------------------------------------------------------------------------------------------------------------------------------------------------------------+
; Slow 1200mV 0C Model Setup: 'clk'                                                                                                                                                                                ;
+--------+-----------------------------------------------------------------------------------------+-----------------------------------------+--------------+-------------+--------------+------------+------------+
; Slack  ; From Node                                                                               ; To Node                                 ; Launch Clock ; Latch Clock ; Relationship ; Clock Skew ; Data Delay ;
+--------+-----------------------------------------------------------------------------------------+-----------------------------------------+--------------+-------------+--------------+------------+------------+
; -3.656 ; altsyncram:storage_rtl_0|altsyncram_0qd1:auto_generated|ram_block1a0~portb_address_reg0 ; input_buffer_fifo:fifo_inst|mem~3       ; clk          ; clk         ; 1.000        ; 0.033      ; 4.688      ;
; -3.653 ; altsyncram:storage_rtl_0|altsyncram_0qd1:auto_generated|ram_block1a0~portb_address_reg0 ; input_buffer_fifo:fifo_inst|mem~7       ; clk          ; clk         ; 1.000        ; 0.033      ; 4.685      ;
; -3.631 ; altsyncram:storage_rtl_0|altsyncram_0qd1:auto_generated|ram_block1a0~portb_address_reg0 ; input_buffer_fifo:fifo_inst|mem~0       ; clk          ; clk         ; 1.000        ; 0.033      ; 4.663      ;
; -3.625 ; altsyncram:storage_rtl_0|altsyncram_0qd1:auto_generated|ram_block1a0~portb_address_reg0 ; input_buffer_fifo:fifo_inst|mem~5       ; clk          ; clk         ; 1.000        ; 0.033      ; 4.657      ;
; -3.605 ; altsyncram:storage_rtl_0|altsyncram_0qd1:auto_generated|ram_block1a0~portb_address_reg0 ; input_buffer_fifo:fifo_inst|mem~2       ; clk          ; clk         ; 1.000        ; 0.033      ; 4.637      ;
; -3.604 ; altsyncram:storage_rtl_0|altsyncram_0qd1:auto_generated|ram_block1a0~portb_address_reg0 ; input_buffer_fifo:fifo_inst|mem~6       ; clk          ; clk         ; 1.000        ; 0.033      ; 4.636      ;
; -3.572 ; altsyncram:storage_rtl_0|altsyncram_0qd1:auto_generated|ram_block1a0~portb_address_reg0 ; input_buffer_fifo:fifo_inst|mem~8       ; clk          ; clk         ; 1.000        ; 0.066      ; 4.637      ;
; -3.567 ; altsyncram:storage_rtl_0|altsyncram_0qd1:auto_generated|ram_block1a0~portb_address_reg0 ; input_buffer_fifo:fifo_inst|mem~13      ; clk          ; clk         ; 1.000        ; 0.066      ; 4.632      ;
; -3.460 ; altsyncram:storage_rtl_0|altsyncram_0qd1:auto_generated|ram_block1a0~portb_address_reg0 ; input_buffer_fifo:fifo_inst|mem~11      ; clk          ; clk         ; 1.000        ; 0.066      ; 4.525      ;
; -3.449 ; altsyncram:storage_rtl_0|altsyncram_0qd1:auto_generated|ram_block1a0~portb_address_reg0 ; input_buffer_fifo:fifo_inst|mem~10      ; clk          ; clk         ; 1.000        ; 0.066      ; 4.514      ;
; -3.441 ; altsyncram:storage_rtl_0|altsyncram_0qd1:auto_generated|ram_block1a0~portb_address_reg0 ; input_buffer_fifo:fifo_inst|mem~14      ; clk          ; clk         ; 1.000        ; 0.066      ; 4.506      ;
; -3.440 ; altsyncram:storage_rtl_0|altsyncram_0qd1:auto_generated|ram_block1a0~portb_address_reg0 ; input_buffer_fifo:fifo_inst|mem~15      ; clk          ; clk         ; 1.000        ; 0.066      ; 4.505      ;
; -3.422 ; altsyncram:storage_rtl_0|altsyncram_0qd1:auto_generated|ram_block1a0~portb_address_reg0 ; input_buffer_fifo:fifo_inst|mem~1       ; clk          ; clk         ; 1.000        ; 0.033      ; 4.454      ;
; -3.396 ; altsyncram:storage_rtl_0|altsyncram_0qd1:auto_generated|ram_block1a0~portb_address_reg0 ; input_buffer_fifo:fifo_inst|mem~4       ; clk          ; clk         ; 1.000        ; 0.033      ; 4.428      ;
; -3.363 ; altsyncram:storage_rtl_0|altsyncram_0qd1:auto_generated|ram_block1a0~portb_address_reg0 ; input_buffer_fifo:fifo_inst|mem~9       ; clk          ; clk         ; 1.000        ; 0.066      ; 4.428      ;
; -3.337 ; altsyncram:storage_rtl_0|altsyncram_0qd1:auto_generated|ram_block1a0~portb_address_reg0 ; input_buffer_fifo:fifo_inst|mem~12      ; clk          ; clk         ; 1.000        ; 0.066      ; 4.402      ;
; -3.176 ; altsyncram:storage_rtl_0|altsyncram_0qd1:auto_generated|ram_block1a0~portb_address_reg0 ; input_buffer_fifo:fifo_inst|mem~23      ; clk          ; clk         ; 1.000        ; 0.065      ; 4.240      ;
; -3.165 ; altsyncram:storage_rtl_0|altsyncram_0qd1:auto_generated|ram_block1a0~portb_address_reg0 ; input_buffer_fifo:fifo_inst|mem~21      ; clk          ; clk         ; 1.000        ; 0.065      ; 4.229      ;
; -3.156 ; altsyncram:storage_rtl_0|altsyncram_0qd1:auto_generated|ram_block1a0~portb_address_reg0 ; input_buffer_fifo:fifo_inst|mem~17      ; clk          ; clk         ; 1.000        ; 0.065      ; 4.220      ;
; -3.155 ; altsyncram:storage_rtl_0|altsyncram_0qd1:auto_generated|ram_block1a0~portb_address_reg0 ; input_buffer_fifo:fifo_inst|mem~22      ; clk          ; clk         ; 1.000        ; 0.065      ; 4.219      ;
; -3.055 ; altsyncram:storage_rtl_0|altsyncram_0qd1:auto_generated|ram_block1a0~portb_address_reg0 ; input_buffer_fifo:fifo_inst|mem~19      ; clk          ; clk         ; 1.000        ; 0.065      ; 4.119      ;
; -3.045 ; altsyncram:storage_rtl_0|altsyncram_0qd1:auto_generated|ram_block1a0~portb_address_reg0 ; input_buffer_fifo:fifo_inst|mem~18      ; clk          ; clk         ; 1.000        ; 0.065      ; 4.109      ;
; -3.043 ; altsyncram:storage_rtl_0|altsyncram_0qd1:auto_generated|ram_block1a0~portb_address_reg0 ; input_buffer_fifo:fifo_inst|mem~20      ; clk          ; clk         ; 1.000        ; 0.065      ; 4.107      ;
; -3.036 ; altsyncram:storage_rtl_0|altsyncram_0qd1:auto_generated|ram_block1a0~portb_address_reg0 ; input_buffer_fifo:fifo_inst|mem~16      ; clk          ; clk         ; 1.000        ; 0.065      ; 4.100      ;
; -2.736 ; altsyncram:storage_rtl_0|altsyncram_0qd1:auto_generated|ram_block1a0~portb_address_reg0 ; input_buffer_fifo:fifo_inst|mem~31      ; clk          ; clk         ; 1.000        ; 0.032      ; 3.767      ;
; -2.733 ; altsyncram:storage_rtl_0|altsyncram_0qd1:auto_generated|ram_block1a0~portb_address_reg0 ; input_buffer_fifo:fifo_inst|mem~27      ; clk          ; clk         ; 1.000        ; 0.032      ; 3.764      ;
; -2.724 ; altsyncram:storage_rtl_0|altsyncram_0qd1:auto_generated|ram_block1a0~portb_address_reg0 ; input_buffer_fifo:fifo_inst|mem~26      ; clk          ; clk         ; 1.000        ; 0.032      ; 3.755      ;
; -2.723 ; altsyncram:storage_rtl_0|altsyncram_0qd1:auto_generated|ram_block1a0~portb_address_reg0 ; input_buffer_fifo:fifo_inst|mem~29      ; clk          ; clk         ; 1.000        ; 0.032      ; 3.754      ;
; -2.720 ; altsyncram:storage_rtl_0|altsyncram_0qd1:auto_generated|ram_block1a0~portb_address_reg0 ; input_buffer_fifo:fifo_inst|mem~28      ; clk          ; clk         ; 1.000        ; 0.032      ; 3.751      ;
; -2.716 ; altsyncram:storage_rtl_0|altsyncram_0qd1:auto_generated|ram_block1a0~portb_address_reg0 ; input_buffer_fifo:fifo_inst|mem~30      ; clk          ; clk         ; 1.000        ; 0.032      ; 3.747      ;
; -2.715 ; altsyncram:storage_rtl_0|altsyncram_0qd1:auto_generated|ram_block1a0~portb_address_reg0 ; input_buffer_fifo:fifo_inst|mem~25      ; clk          ; clk         ; 1.000        ; 0.032      ; 3.746      ;
; -2.715 ; altsyncram:storage_rtl_0|altsyncram_0qd1:auto_generated|ram_block1a0~portb_address_reg0 ; input_buffer_fifo:fifo_inst|mem~24      ; clk          ; clk         ; 1.000        ; 0.032      ; 3.746      ;
; -2.231 ; input_buffer_fifo:fifo_inst|rd_ptr[0]                                                   ; input_buffer_fifo:fifo_inst|data_out[5] ; clk          ; clk         ; 1.000        ; -0.073     ; 3.157      ;
; -2.224 ; input_buffer_fifo:fifo_inst|mem~8                                                       ; input_buffer_fifo:fifo_inst|data_out[0] ; clk          ; clk         ; 1.000        ; -0.476     ; 2.747      ;
; -2.201 ; input_buffer_fifo:fifo_inst|rd_ptr[0]                                                   ; input_buffer_fifo:fifo_inst|data_out[1] ; clk          ; clk         ; 1.000        ; -0.073     ; 3.127      ;
; -2.149 ; input_buffer_fifo:fifo_inst|mem~20                                                      ; input_buffer_fifo:fifo_inst|data_out[4] ; clk          ; clk         ; 1.000        ; -0.476     ; 2.672      ;
; -2.044 ; input_buffer_fifo:fifo_inst|rd_ptr[0]                                                   ; input_buffer_fifo:fifo_inst|data_out[4] ; clk          ; clk         ; 1.000        ; -0.073     ; 2.970      ;
; -2.037 ; input_buffer_fifo:fifo_inst|rd_ptr[0]                                                   ; input_buffer_fifo:fifo_inst|data_out[0] ; clk          ; clk         ; 1.000        ; -0.073     ; 2.963      ;
; -2.026 ; input_buffer_fifo:fifo_inst|rd_ptr[0]                                                   ; input_buffer_fifo:fifo_inst|data_out[2] ; clk          ; clk         ; 1.000        ; -0.073     ; 2.952      ;
; -2.002 ; input_buffer_fifo:fifo_inst|rd_ptr[0]                                                   ; input_buffer_fifo:fifo_inst|data_out[7] ; clk          ; clk         ; 1.000        ; -0.073     ; 2.928      ;
; -1.883 ; input_buffer_fifo:fifo_inst|wr_ptr[0]                                                   ; input_buffer_fifo:fifo_inst|mem~7       ; clk          ; clk         ; 1.000        ; 0.282      ; 3.164      ;
; -1.883 ; input_buffer_fifo:fifo_inst|wr_ptr[0]                                                   ; input_buffer_fifo:fifo_inst|mem~6       ; clk          ; clk         ; 1.000        ; 0.282      ; 3.164      ;
; -1.883 ; input_buffer_fifo:fifo_inst|wr_ptr[0]                                                   ; input_buffer_fifo:fifo_inst|mem~5       ; clk          ; clk         ; 1.000        ; 0.282      ; 3.164      ;
; -1.883 ; input_buffer_fifo:fifo_inst|wr_ptr[0]                                                   ; input_buffer_fifo:fifo_inst|mem~4       ; clk          ; clk         ; 1.000        ; 0.282      ; 3.164      ;
; -1.883 ; input_buffer_fifo:fifo_inst|wr_ptr[0]                                                   ; input_buffer_fifo:fifo_inst|mem~3       ; clk          ; clk         ; 1.000        ; 0.282      ; 3.164      ;
; -1.883 ; input_buffer_fifo:fifo_inst|wr_ptr[0]                                                   ; input_buffer_fifo:fifo_inst|mem~2       ; clk          ; clk         ; 1.000        ; 0.282      ; 3.164      ;
; -1.883 ; input_buffer_fifo:fifo_inst|wr_ptr[0]                                                   ; input_buffer_fifo:fifo_inst|mem~1       ; clk          ; clk         ; 1.000        ; 0.282      ; 3.164      ;
; -1.883 ; input_buffer_fifo:fifo_inst|wr_ptr[0]                                                   ; input_buffer_fifo:fifo_inst|mem~0       ; clk          ; clk         ; 1.000        ; 0.282      ; 3.164      ;
; -1.851 ; input_buffer_fifo:fifo_inst|wr_ptr[0]                                                   ; input_buffer_fifo:fifo_inst|mem~31      ; clk          ; clk         ; 1.000        ; 0.281      ; 3.131      ;
; -1.851 ; input_buffer_fifo:fifo_inst|wr_ptr[0]                                                   ; input_buffer_fifo:fifo_inst|mem~30      ; clk          ; clk         ; 1.000        ; 0.281      ; 3.131      ;
; -1.851 ; input_buffer_fifo:fifo_inst|wr_ptr[0]                                                   ; input_buffer_fifo:fifo_inst|mem~29      ; clk          ; clk         ; 1.000        ; 0.281      ; 3.131      ;
; -1.851 ; input_buffer_fifo:fifo_inst|wr_ptr[0]                                                   ; input_buffer_fifo:fifo_inst|mem~28      ; clk          ; clk         ; 1.000        ; 0.281      ; 3.131      ;
; -1.851 ; input_buffer_fifo:fifo_inst|wr_ptr[0]                                                   ; input_buffer_fifo:fifo_inst|mem~27      ; clk          ; clk         ; 1.000        ; 0.281      ; 3.131      ;
; -1.851 ; input_buffer_fifo:fifo_inst|wr_ptr[0]                                                   ; input_buffer_fifo:fifo_inst|mem~26      ; clk          ; clk         ; 1.000        ; 0.281      ; 3.131      ;
; -1.851 ; input_buffer_fifo:fifo_inst|wr_ptr[0]                                                   ; input_buffer_fifo:fifo_inst|mem~25      ; clk          ; clk         ; 1.000        ; 0.281      ; 3.131      ;
; -1.851 ; input_buffer_fifo:fifo_inst|wr_ptr[0]                                                   ; input_buffer_fifo:fifo_inst|mem~24      ; clk          ; clk         ; 1.000        ; 0.281      ; 3.131      ;
; -1.848 ; input_buffer_fifo:fifo_inst|rd_ptr[0]                                                   ; input_buffer_fifo:fifo_inst|mem~7       ; clk          ; clk         ; 1.000        ; 0.282      ; 3.129      ;
; -1.848 ; input_buffer_fifo:fifo_inst|rd_ptr[0]                                                   ; input_buffer_fifo:fifo_inst|mem~6       ; clk          ; clk         ; 1.000        ; 0.282      ; 3.129      ;
; -1.848 ; input_buffer_fifo:fifo_inst|rd_ptr[0]                                                   ; input_buffer_fifo:fifo_inst|mem~5       ; clk          ; clk         ; 1.000        ; 0.282      ; 3.129      ;
; -1.848 ; input_buffer_fifo:fifo_inst|rd_ptr[0]                                                   ; input_buffer_fifo:fifo_inst|mem~4       ; clk          ; clk         ; 1.000        ; 0.282      ; 3.129      ;
; -1.848 ; input_buffer_fifo:fifo_inst|rd_ptr[0]                                                   ; input_buffer_fifo:fifo_inst|mem~3       ; clk          ; clk         ; 1.000        ; 0.282      ; 3.129      ;
; -1.848 ; input_buffer_fifo:fifo_inst|rd_ptr[0]                                                   ; input_buffer_fifo:fifo_inst|mem~2       ; clk          ; clk         ; 1.000        ; 0.282      ; 3.129      ;
; -1.848 ; input_buffer_fifo:fifo_inst|rd_ptr[0]                                                   ; input_buffer_fifo:fifo_inst|mem~1       ; clk          ; clk         ; 1.000        ; 0.282      ; 3.129      ;
; -1.848 ; input_buffer_fifo:fifo_inst|rd_ptr[0]                                                   ; input_buffer_fifo:fifo_inst|mem~0       ; clk          ; clk         ; 1.000        ; 0.282      ; 3.129      ;
; -1.816 ; input_buffer_fifo:fifo_inst|rd_ptr[0]                                                   ; input_buffer_fifo:fifo_inst|mem~31      ; clk          ; clk         ; 1.000        ; 0.281      ; 3.096      ;
; -1.816 ; input_buffer_fifo:fifo_inst|rd_ptr[0]                                                   ; input_buffer_fifo:fifo_inst|mem~30      ; clk          ; clk         ; 1.000        ; 0.281      ; 3.096      ;
; -1.816 ; input_buffer_fifo:fifo_inst|rd_ptr[0]                                                   ; input_buffer_fifo:fifo_inst|mem~29      ; clk          ; clk         ; 1.000        ; 0.281      ; 3.096      ;
; -1.816 ; input_buffer_fifo:fifo_inst|rd_ptr[0]                                                   ; input_buffer_fifo:fifo_inst|mem~28      ; clk          ; clk         ; 1.000        ; 0.281      ; 3.096      ;
; -1.816 ; input_buffer_fifo:fifo_inst|rd_ptr[0]                                                   ; input_buffer_fifo:fifo_inst|mem~27      ; clk          ; clk         ; 1.000        ; 0.281      ; 3.096      ;
; -1.816 ; input_buffer_fifo:fifo_inst|rd_ptr[0]                                                   ; input_buffer_fifo:fifo_inst|mem~26      ; clk          ; clk         ; 1.000        ; 0.281      ; 3.096      ;
; -1.816 ; input_buffer_fifo:fifo_inst|rd_ptr[0]                                                   ; input_buffer_fifo:fifo_inst|mem~25      ; clk          ; clk         ; 1.000        ; 0.281      ; 3.096      ;
; -1.816 ; input_buffer_fifo:fifo_inst|rd_ptr[0]                                                   ; input_buffer_fifo:fifo_inst|mem~24      ; clk          ; clk         ; 1.000        ; 0.281      ; 3.096      ;
; -1.805 ; input_buffer_fifo:fifo_inst|wr_ptr[0]                                                   ; input_buffer_fifo:fifo_inst|mem~15      ; clk          ; clk         ; 1.000        ; 0.315      ; 3.119      ;
; -1.805 ; input_buffer_fifo:fifo_inst|wr_ptr[0]                                                   ; input_buffer_fifo:fifo_inst|mem~14      ; clk          ; clk         ; 1.000        ; 0.315      ; 3.119      ;
; -1.805 ; input_buffer_fifo:fifo_inst|wr_ptr[0]                                                   ; input_buffer_fifo:fifo_inst|mem~13      ; clk          ; clk         ; 1.000        ; 0.315      ; 3.119      ;
; -1.805 ; input_buffer_fifo:fifo_inst|wr_ptr[0]                                                   ; input_buffer_fifo:fifo_inst|mem~12      ; clk          ; clk         ; 1.000        ; 0.315      ; 3.119      ;
; -1.805 ; input_buffer_fifo:fifo_inst|wr_ptr[0]                                                   ; input_buffer_fifo:fifo_inst|mem~11      ; clk          ; clk         ; 1.000        ; 0.315      ; 3.119      ;
; -1.805 ; input_buffer_fifo:fifo_inst|wr_ptr[0]                                                   ; input_buffer_fifo:fifo_inst|mem~10      ; clk          ; clk         ; 1.000        ; 0.315      ; 3.119      ;
; -1.805 ; input_buffer_fifo:fifo_inst|wr_ptr[0]                                                   ; input_buffer_fifo:fifo_inst|mem~9       ; clk          ; clk         ; 1.000        ; 0.315      ; 3.119      ;
; -1.805 ; input_buffer_fifo:fifo_inst|wr_ptr[0]                                                   ; input_buffer_fifo:fifo_inst|mem~8       ; clk          ; clk         ; 1.000        ; 0.315      ; 3.119      ;
; -1.783 ; input_buffer_fifo:fifo_inst|wr_ptr[0]                                                   ; input_buffer_fifo:fifo_inst|data_out[7] ; clk          ; clk         ; 1.000        ; -0.073     ; 2.709      ;
; -1.783 ; input_buffer_fifo:fifo_inst|wr_ptr[0]                                                   ; input_buffer_fifo:fifo_inst|data_out[6] ; clk          ; clk         ; 1.000        ; -0.073     ; 2.709      ;
; -1.783 ; input_buffer_fifo:fifo_inst|wr_ptr[0]                                                   ; input_buffer_fifo:fifo_inst|data_out[5] ; clk          ; clk         ; 1.000        ; -0.073     ; 2.709      ;
; -1.783 ; input_buffer_fifo:fifo_inst|wr_ptr[0]                                                   ; input_buffer_fifo:fifo_inst|data_out[4] ; clk          ; clk         ; 1.000        ; -0.073     ; 2.709      ;
; -1.783 ; input_buffer_fifo:fifo_inst|wr_ptr[0]                                                   ; input_buffer_fifo:fifo_inst|data_out[3] ; clk          ; clk         ; 1.000        ; -0.073     ; 2.709      ;
; -1.783 ; input_buffer_fifo:fifo_inst|wr_ptr[0]                                                   ; input_buffer_fifo:fifo_inst|data_out[2] ; clk          ; clk         ; 1.000        ; -0.073     ; 2.709      ;
; -1.783 ; input_buffer_fifo:fifo_inst|wr_ptr[0]                                                   ; input_buffer_fifo:fifo_inst|data_out[1] ; clk          ; clk         ; 1.000        ; -0.073     ; 2.709      ;
; -1.783 ; input_buffer_fifo:fifo_inst|wr_ptr[0]                                                   ; input_buffer_fifo:fifo_inst|data_out[0] ; clk          ; clk         ; 1.000        ; -0.073     ; 2.709      ;
; -1.778 ; input_buffer_fifo:fifo_inst|wr_ptr[0]                                                   ; input_buffer_fifo:fifo_inst|mem~23      ; clk          ; clk         ; 1.000        ; 0.314      ; 3.091      ;
; -1.778 ; input_buffer_fifo:fifo_inst|wr_ptr[0]                                                   ; input_buffer_fifo:fifo_inst|mem~22      ; clk          ; clk         ; 1.000        ; 0.314      ; 3.091      ;
; -1.778 ; input_buffer_fifo:fifo_inst|wr_ptr[0]                                                   ; input_buffer_fifo:fifo_inst|mem~21      ; clk          ; clk         ; 1.000        ; 0.314      ; 3.091      ;
; -1.778 ; input_buffer_fifo:fifo_inst|wr_ptr[0]                                                   ; input_buffer_fifo:fifo_inst|mem~20      ; clk          ; clk         ; 1.000        ; 0.314      ; 3.091      ;
; -1.778 ; input_buffer_fifo:fifo_inst|wr_ptr[0]                                                   ; input_buffer_fifo:fifo_inst|mem~19      ; clk          ; clk         ; 1.000        ; 0.314      ; 3.091      ;
; -1.778 ; input_buffer_fifo:fifo_inst|wr_ptr[0]                                                   ; input_buffer_fifo:fifo_inst|mem~18      ; clk          ; clk         ; 1.000        ; 0.314      ; 3.091      ;
; -1.778 ; input_buffer_fifo:fifo_inst|wr_ptr[0]                                                   ; input_buffer_fifo:fifo_inst|mem~17      ; clk          ; clk         ; 1.000        ; 0.314      ; 3.091      ;
; -1.778 ; input_buffer_fifo:fifo_inst|wr_ptr[0]                                                   ; input_buffer_fifo:fifo_inst|mem~16      ; clk          ; clk         ; 1.000        ; 0.314      ; 3.091      ;
; -1.770 ; input_buffer_fifo:fifo_inst|rd_ptr[0]                                                   ; input_buffer_fifo:fifo_inst|mem~15      ; clk          ; clk         ; 1.000        ; 0.315      ; 3.084      ;
; -1.770 ; input_buffer_fifo:fifo_inst|rd_ptr[0]                                                   ; input_buffer_fifo:fifo_inst|mem~14      ; clk          ; clk         ; 1.000        ; 0.315      ; 3.084      ;
; -1.770 ; input_buffer_fifo:fifo_inst|rd_ptr[0]                                                   ; input_buffer_fifo:fifo_inst|mem~13      ; clk          ; clk         ; 1.000        ; 0.315      ; 3.084      ;
; -1.770 ; input_buffer_fifo:fifo_inst|rd_ptr[0]                                                   ; input_buffer_fifo:fifo_inst|mem~12      ; clk          ; clk         ; 1.000        ; 0.315      ; 3.084      ;
+--------+-----------------------------------------------------------------------------------------+-----------------------------------------+--------------+-------------+--------------+------------+------------+


+---------------------------------------------------------------------------------------------------------------------------------------------------------------------------------------------------------------+
; Slow 1200mV 0C Model Hold: 'clk'                                                                                                                                                                              ;
+-------+---------------------------------------+-----------------------------------------------------------------------------------------+--------------+-------------+--------------+------------+------------+
; Slack ; From Node                             ; To Node                                                                                 ; Launch Clock ; Latch Clock ; Relationship ; Clock Skew ; Data Delay ;
+-------+---------------------------------------+-----------------------------------------------------------------------------------------+--------------+-------------+--------------+------------+------------+
; 0.353 ; input_buffer_fifo:fifo_inst|wr_ptr[2] ; input_buffer_fifo:fifo_inst|wr_ptr[2]                                                   ; clk          ; clk         ; 0.000        ; 0.073      ; 0.597      ;
; 0.353 ; input_buffer_fifo:fifo_inst|rd_ptr[0] ; input_buffer_fifo:fifo_inst|rd_ptr[0]                                                   ; clk          ; clk         ; 0.000        ; 0.073      ; 0.597      ;
; 0.353 ; input_buffer_fifo:fifo_inst|wr_ptr[1] ; input_buffer_fifo:fifo_inst|wr_ptr[1]                                                   ; clk          ; clk         ; 0.000        ; 0.073      ; 0.597      ;
; 0.353 ; input_buffer_fifo:fifo_inst|wr_ptr[0] ; input_buffer_fifo:fifo_inst|wr_ptr[0]                                                   ; clk          ; clk         ; 0.000        ; 0.073      ; 0.597      ;
; 0.353 ; input_buffer_fifo:fifo_inst|rd_ptr[2] ; input_buffer_fifo:fifo_inst|rd_ptr[2]                                                   ; clk          ; clk         ; 0.000        ; 0.073      ; 0.597      ;
; 0.353 ; input_buffer_fifo:fifo_inst|rd_ptr[1] ; input_buffer_fifo:fifo_inst|rd_ptr[1]                                                   ; clk          ; clk         ; 0.000        ; 0.073      ; 0.597      ;
; 0.353 ; fifo_wr_en                            ; fifo_wr_en                                                                              ; clk          ; clk         ; 0.000        ; 0.073      ; 0.597      ;
; 0.353 ; wait_cnt[0]                           ; wait_cnt[0]                                                                             ; clk          ; clk         ; 0.000        ; 0.073      ; 0.597      ;
; 0.353 ; wait_cnt[1]                           ; wait_cnt[1]                                                                             ; clk          ; clk         ; 0.000        ; 0.073      ; 0.597      ;
; 0.353 ; state.ST_WAIT_RAM                     ; state.ST_WAIT_RAM                                                                       ; clk          ; clk         ; 0.000        ; 0.073      ; 0.597      ;
; 0.353 ; state.ST_IDLE                         ; state.ST_IDLE                                                                           ; clk          ; clk         ; 0.000        ; 0.073      ; 0.597      ;
; 0.354 ; storage~0                             ; storage~0                                                                               ; clk          ; clk         ; 0.000        ; 0.072      ; 0.597      ;
; 0.398 ; input_buffer_fifo:fifo_inst|wr_ptr[2] ; input_buffer_fifo:fifo_inst|rd_ptr[0]                                                   ; clk          ; clk         ; 0.000        ; 0.073      ; 0.642      ;
; 0.402 ; state.ST_WRITE                        ; state.ST_DONE                                                                           ; clk          ; clk         ; 0.000        ; 0.073      ; 0.646      ;
; 0.406 ; input_buffer_fifo:fifo_inst|rd_ptr[1] ; input_buffer_fifo:fifo_inst|rd_ptr[2]                                                   ; clk          ; clk         ; 0.000        ; 0.073      ; 0.650      ;
; 0.419 ; state.ST_READ_REQ                     ; wait_cnt[1]                                                                             ; clk          ; clk         ; 0.000        ; 0.073      ; 0.663      ;
; 0.423 ; state.ST_READ_REQ                     ; wait_cnt[0]                                                                             ; clk          ; clk         ; 0.000        ; 0.073      ; 0.667      ;
; 0.424 ; state.ST_IDLE                         ; state.ST_WRITE                                                                          ; clk          ; clk         ; 0.000        ; 0.073      ; 0.668      ;
; 0.427 ; state.ST_IDLE                         ; state.ST_READ_REQ                                                                       ; clk          ; clk         ; 0.000        ; 0.073      ; 0.671      ;
; 0.433 ; state.ST_READ_REQ                     ; state.ST_WAIT_RAM                                                                       ; clk          ; clk         ; 0.000        ; 0.073      ; 0.677      ;
; 0.527 ; state.ST_WAIT_RAM                     ; state.ST_DONE                                                                           ; clk          ; clk         ; 0.000        ; 0.073      ; 0.771      ;
; 0.602 ; state.ST_DONE                         ; state.ST_IDLE                                                                           ; clk          ; clk         ; 0.000        ; 0.073      ; 0.846      ;
; 0.602 ; input_buffer_fifo:fifo_inst|rd_ptr[2] ; input_buffer_fifo:fifo_inst|rd_ptr[0]                                                   ; clk          ; clk         ; 0.000        ; 0.073      ; 0.846      ;
; 0.604 ; state.ST_WAIT_RAM                     ; wait_cnt[1]                                                                             ; clk          ; clk         ; 0.000        ; 0.073      ; 0.848      ;
; 0.607 ; wait_cnt[1]                           ; wait_cnt[0]                                                                             ; clk          ; clk         ; 0.000        ; 0.073      ; 0.851      ;
; 0.609 ; state.ST_WAIT_RAM                     ; wait_cnt[0]                                                                             ; clk          ; clk         ; 0.000        ; 0.073      ; 0.853      ;
; 0.611 ; storage~0                             ; input_buffer_fifo:fifo_inst|mem~24                                                      ; clk          ; clk         ; 0.000        ; 0.441      ; 1.223      ;
; 0.612 ; storage~0                             ; input_buffer_fifo:fifo_inst|mem~26                                                      ; clk          ; clk         ; 0.000        ; 0.441      ; 1.224      ;
; 0.613 ; storage~0                             ; input_buffer_fifo:fifo_inst|mem~28                                                      ; clk          ; clk         ; 0.000        ; 0.441      ; 1.225      ;
; 0.614 ; storage~0                             ; input_buffer_fifo:fifo_inst|mem~25                                                      ; clk          ; clk         ; 0.000        ; 0.441      ; 1.226      ;
; 0.615 ; storage~0                             ; input_buffer_fifo:fifo_inst|mem~27                                                      ; clk          ; clk         ; 0.000        ; 0.441      ; 1.227      ;
; 0.616 ; storage~0                             ; input_buffer_fifo:fifo_inst|mem~31                                                      ; clk          ; clk         ; 0.000        ; 0.441      ; 1.228      ;
; 0.616 ; storage~0                             ; input_buffer_fifo:fifo_inst|mem~29                                                      ; clk          ; clk         ; 0.000        ; 0.441      ; 1.228      ;
; 0.617 ; storage~0                             ; input_buffer_fifo:fifo_inst|mem~30                                                      ; clk          ; clk         ; 0.000        ; 0.441      ; 1.229      ;
; 0.618 ; input_buffer_fifo:fifo_inst|wr_ptr[1] ; input_buffer_fifo:fifo_inst|wr_ptr[2]                                                   ; clk          ; clk         ; 0.000        ; 0.073      ; 0.862      ;
; 0.630 ; input_buffer_fifo:fifo_inst|wr_ptr[0] ; input_buffer_fifo:fifo_inst|wr_ptr[2]                                                   ; clk          ; clk         ; 0.000        ; 0.073      ; 0.874      ;
; 0.631 ; input_buffer_fifo:fifo_inst|wr_ptr[0] ; input_buffer_fifo:fifo_inst|wr_ptr[1]                                                   ; clk          ; clk         ; 0.000        ; 0.073      ; 0.875      ;
; 0.632 ; input_buffer_fifo:fifo_inst|rd_ptr[0] ; input_buffer_fifo:fifo_inst|rd_ptr[2]                                                   ; clk          ; clk         ; 0.000        ; 0.073      ; 0.876      ;
; 0.636 ; input_buffer_fifo:fifo_inst|rd_ptr[0] ; input_buffer_fifo:fifo_inst|rd_ptr[1]                                                   ; clk          ; clk         ; 0.000        ; 0.073      ; 0.880      ;
; 0.642 ; state.ST_WAIT_RAM                     ; fifo_wr_en                                                                              ; clk          ; clk         ; 0.000        ; 0.073      ; 0.886      ;
; 0.644 ; wait_cnt[1]                           ; state.ST_DONE                                                                           ; clk          ; clk         ; 0.000        ; 0.073      ; 0.888      ;
; 0.654 ; wait_cnt[1]                           ; fifo_wr_en                                                                              ; clk          ; clk         ; 0.000        ; 0.073      ; 0.898      ;
; 0.664 ; wait_cnt[1]                           ; state.ST_WAIT_RAM                                                                       ; clk          ; clk         ; 0.000        ; 0.073      ; 0.908      ;
; 0.746 ; wait_cnt[0]                           ; wait_cnt[1]                                                                             ; clk          ; clk         ; 0.000        ; 0.073      ; 0.990      ;
; 0.753 ; state.ST_READ_REQ                     ; storage~0                                                                               ; clk          ; clk         ; 0.000        ; 0.071      ; 0.995      ;
; 0.753 ; state.ST_READ_REQ                     ; fifo_wr_en                                                                              ; clk          ; clk         ; 0.000        ; 0.073      ; 0.997      ;
; 0.756 ; input_buffer_fifo:fifo_inst|wr_ptr[2] ; input_buffer_fifo:fifo_inst|wr_ptr[0]                                                   ; clk          ; clk         ; 0.000        ; 0.073      ; 1.000      ;
; 0.790 ; input_buffer_fifo:fifo_inst|rd_ptr[0] ; input_buffer_fifo:fifo_inst|data_out[2]                                                 ; clk          ; clk         ; 0.000        ; 0.072      ; 1.033      ;
; 0.795 ; input_buffer_fifo:fifo_inst|rd_ptr[0] ; input_buffer_fifo:fifo_inst|data_out[4]                                                 ; clk          ; clk         ; 0.000        ; 0.072      ; 1.038      ;
; 0.807 ; input_buffer_fifo:fifo_inst|rd_ptr[1] ; input_buffer_fifo:fifo_inst|data_out[0]                                                 ; clk          ; clk         ; 0.000        ; 0.072      ; 1.050      ;
; 0.808 ; input_buffer_fifo:fifo_inst|rd_ptr[1] ; input_buffer_fifo:fifo_inst|data_out[3]                                                 ; clk          ; clk         ; 0.000        ; 0.072      ; 1.051      ;
; 0.813 ; input_buffer_fifo:fifo_inst|rd_ptr[1] ; input_buffer_fifo:fifo_inst|data_out[7]                                                 ; clk          ; clk         ; 0.000        ; 0.072      ; 1.056      ;
; 0.864 ; input_buffer_fifo:fifo_inst|wr_ptr[2] ; input_buffer_fifo:fifo_inst|data_valid                                                  ; clk          ; clk         ; 0.000        ; 0.073      ; 1.108      ;
; 0.916 ; storage~0                             ; input_buffer_fifo:fifo_inst|mem~16                                                      ; clk          ; clk         ; 0.000        ; 0.476      ; 1.563      ;
; 0.918 ; storage~0                             ; input_buffer_fifo:fifo_inst|mem~18                                                      ; clk          ; clk         ; 0.000        ; 0.476      ; 1.565      ;
; 0.921 ; storage~0                             ; input_buffer_fifo:fifo_inst|mem~20                                                      ; clk          ; clk         ; 0.000        ; 0.476      ; 1.568      ;
; 0.922 ; storage~0                             ; input_buffer_fifo:fifo_inst|mem~19                                                      ; clk          ; clk         ; 0.000        ; 0.476      ; 1.569      ;
; 0.946 ; input_buffer_fifo:fifo_inst|rd_ptr[2] ; input_buffer_fifo:fifo_inst|wr_ptr[0]                                                   ; clk          ; clk         ; 0.000        ; 0.073      ; 1.190      ;
; 0.950 ; state.ST_WRITE                        ; fifo_wr_en                                                                              ; clk          ; clk         ; 0.000        ; 0.073      ; 1.194      ;
; 0.951 ; input_buffer_fifo:fifo_inst|rd_ptr[2] ; input_buffer_fifo:fifo_inst|wr_ptr[2]                                                   ; clk          ; clk         ; 0.000        ; 0.073      ; 1.195      ;
; 0.955 ; input_buffer_fifo:fifo_inst|wr_ptr[2] ; input_buffer_fifo:fifo_inst|rd_ptr[1]                                                   ; clk          ; clk         ; 0.000        ; 0.073      ; 1.199      ;
; 0.957 ; input_buffer_fifo:fifo_inst|wr_ptr[2] ; input_buffer_fifo:fifo_inst|rd_ptr[2]                                                   ; clk          ; clk         ; 0.000        ; 0.073      ; 1.201      ;
; 0.967 ; input_buffer_fifo:fifo_inst|wr_ptr[2] ; input_buffer_fifo:fifo_inst|wr_ptr[1]                                                   ; clk          ; clk         ; 0.000        ; 0.073      ; 1.211      ;
; 0.984 ; state.ST_IDLE                         ; altsyncram:storage_rtl_0|altsyncram_0qd1:auto_generated|ram_block1a0~porta_we_reg       ; clk          ; clk         ; 0.000        ; 0.387      ; 1.572      ;
; 1.014 ; input_buffer_fifo:fifo_inst|rd_ptr[1] ; input_buffer_fifo:fifo_inst|data_out[5]                                                 ; clk          ; clk         ; 0.000        ; 0.072      ; 1.257      ;
; 1.019 ; input_buffer_fifo:fifo_inst|rd_ptr[1] ; input_buffer_fifo:fifo_inst|data_out[1]                                                 ; clk          ; clk         ; 0.000        ; 0.072      ; 1.262      ;
; 1.027 ; input_buffer_fifo:fifo_inst|rd_ptr[0] ; input_buffer_fifo:fifo_inst|data_out[6]                                                 ; clk          ; clk         ; 0.000        ; 0.072      ; 1.270      ;
; 1.031 ; storage~0                             ; input_buffer_fifo:fifo_inst|mem~17                                                      ; clk          ; clk         ; 0.000        ; 0.476      ; 1.678      ;
; 1.033 ; storage~0                             ; input_buffer_fifo:fifo_inst|mem~23                                                      ; clk          ; clk         ; 0.000        ; 0.476      ; 1.680      ;
; 1.033 ; storage~0                             ; input_buffer_fifo:fifo_inst|mem~22                                                      ; clk          ; clk         ; 0.000        ; 0.476      ; 1.680      ;
; 1.034 ; storage~0                             ; input_buffer_fifo:fifo_inst|mem~21                                                      ; clk          ; clk         ; 0.000        ; 0.476      ; 1.681      ;
; 1.054 ; input_buffer_fifo:fifo_inst|rd_ptr[2] ; input_buffer_fifo:fifo_inst|data_valid                                                  ; clk          ; clk         ; 0.000        ; 0.073      ; 1.298      ;
; 1.077 ; input_buffer_fifo:fifo_inst|rd_ptr[1] ; input_buffer_fifo:fifo_inst|rd_ptr[0]                                                   ; clk          ; clk         ; 0.000        ; 0.073      ; 1.321      ;
; 1.092 ; input_buffer_fifo:fifo_inst|mem~29    ; input_buffer_fifo:fifo_inst|data_out[5]                                                 ; clk          ; clk         ; 0.000        ; -0.282     ; 0.981      ;
; 1.097 ; input_buffer_fifo:fifo_inst|mem~14    ; input_buffer_fifo:fifo_inst|data_out[6]                                                 ; clk          ; clk         ; 0.000        ; -0.316     ; 0.952      ;
; 1.105 ; fifo_wr_en                            ; input_buffer_fifo:fifo_inst|wr_ptr[0]                                                   ; clk          ; clk         ; 0.000        ; 0.072      ; 1.348      ;
; 1.110 ; fifo_wr_en                            ; input_buffer_fifo:fifo_inst|wr_ptr[2]                                                   ; clk          ; clk         ; 0.000        ; 0.072      ; 1.353      ;
; 1.112 ; input_buffer_fifo:fifo_inst|mem~17    ; input_buffer_fifo:fifo_inst|data_out[1]                                                 ; clk          ; clk         ; 0.000        ; -0.315     ; 0.968      ;
; 1.127 ; state.ST_READ_REQ                     ; altsyncram:storage_rtl_0|altsyncram_0qd1:auto_generated|ram_block1a0~portb_address_reg0 ; clk          ; clk         ; 0.000        ; 0.321      ; 1.649      ;
; 1.143 ; input_buffer_fifo:fifo_inst|mem~6     ; input_buffer_fifo:fifo_inst|data_out[6]                                                 ; clk          ; clk         ; 0.000        ; -0.283     ; 1.031      ;
; 1.145 ; input_buffer_fifo:fifo_inst|rd_ptr[2] ; input_buffer_fifo:fifo_inst|rd_ptr[1]                                                   ; clk          ; clk         ; 0.000        ; 0.073      ; 1.389      ;
; 1.151 ; input_buffer_fifo:fifo_inst|mem~12    ; input_buffer_fifo:fifo_inst|data_out[4]                                                 ; clk          ; clk         ; 0.000        ; -0.316     ; 1.006      ;
; 1.157 ; input_buffer_fifo:fifo_inst|rd_ptr[2] ; input_buffer_fifo:fifo_inst|wr_ptr[1]                                                   ; clk          ; clk         ; 0.000        ; 0.073      ; 1.401      ;
; 1.169 ; input_buffer_fifo:fifo_inst|mem~10    ; input_buffer_fifo:fifo_inst|data_out[2]                                                 ; clk          ; clk         ; 0.000        ; -0.316     ; 1.024      ;
; 1.197 ; input_buffer_fifo:fifo_inst|wr_ptr[1] ; input_buffer_fifo:fifo_inst|rd_ptr[0]                                                   ; clk          ; clk         ; 0.000        ; 0.073      ; 1.441      ;
; 1.200 ; storage~0                             ; input_buffer_fifo:fifo_inst|mem~12                                                      ; clk          ; clk         ; 0.000        ; 0.476      ; 1.847      ;
; 1.214 ; input_buffer_fifo:fifo_inst|rd_ptr[1] ; input_buffer_fifo:fifo_inst|wr_ptr[0]                                                   ; clk          ; clk         ; 0.000        ; 0.073      ; 1.458      ;
; 1.216 ; input_buffer_fifo:fifo_inst|mem~25    ; input_buffer_fifo:fifo_inst|data_out[1]                                                 ; clk          ; clk         ; 0.000        ; -0.282     ; 1.105      ;
; 1.219 ; input_buffer_fifo:fifo_inst|rd_ptr[1] ; input_buffer_fifo:fifo_inst|wr_ptr[2]                                                   ; clk          ; clk         ; 0.000        ; 0.073      ; 1.463      ;
; 1.226 ; storage~0                             ; input_buffer_fifo:fifo_inst|mem~9                                                       ; clk          ; clk         ; 0.000        ; 0.476      ; 1.873      ;
; 1.230 ; storage~0                             ; input_buffer_fifo:fifo_inst|mem~15                                                      ; clk          ; clk         ; 0.000        ; 0.476      ; 1.877      ;
; 1.241 ; storage~0                             ; input_buffer_fifo:fifo_inst|mem~10                                                      ; clk          ; clk         ; 0.000        ; 0.476      ; 1.888      ;
; 1.248 ; storage~0                             ; input_buffer_fifo:fifo_inst|mem~14                                                      ; clk          ; clk         ; 0.000        ; 0.476      ; 1.895      ;
; 1.249 ; storage~0                             ; input_buffer_fifo:fifo_inst|mem~11                                                      ; clk          ; clk         ; 0.000        ; 0.476      ; 1.896      ;
; 1.260 ; input_buffer_fifo:fifo_inst|mem~28    ; input_buffer_fifo:fifo_inst|data_out[4]                                                 ; clk          ; clk         ; 0.000        ; -0.282     ; 1.149      ;
; 1.265 ; input_buffer_fifo:fifo_inst|mem~21    ; input_buffer_fifo:fifo_inst|data_out[5]                                                 ; clk          ; clk         ; 0.000        ; -0.315     ; 1.121      ;
; 1.268 ; input_buffer_fifo:fifo_inst|mem~26    ; input_buffer_fifo:fifo_inst|data_out[2]                                                 ; clk          ; clk         ; 0.000        ; -0.282     ; 1.157      ;
; 1.273 ; input_buffer_fifo:fifo_inst|mem~19    ; input_buffer_fifo:fifo_inst|data_out[3]                                                 ; clk          ; clk         ; 0.000        ; -0.315     ; 1.129      ;
; 1.276 ; storage~0                             ; input_buffer_fifo:fifo_inst|mem~4                                                       ; clk          ; clk         ; 0.000        ; 0.442      ; 1.889      ;
; 1.299 ; input_buffer_fifo:fifo_inst|mem~27    ; input_buffer_fifo:fifo_inst|data_out[3]                                                 ; clk          ; clk         ; 0.000        ; -0.282     ; 1.188      ;
+-------+---------------------------------------+-----------------------------------------------------------------------------------------+--------------+-------------+--------------+------------+------------+


----------------------------------------------
; Slow 1200mV 0C Model Metastability Summary ;
----------------------------------------------
No synchronizer chains to report.


+------------------------------------+
; Fast 1200mV 0C Model Setup Summary ;
+-------+--------+-------------------+
; Clock ; Slack  ; End Point TNS     ;
+-------+--------+-------------------+
; clk   ; -1.255 ; -40.209           ;
+-------+--------+-------------------+


+-----------------------------------+
; Fast 1200mV 0C Model Hold Summary ;
+-------+-------+-------------------+
; Clock ; Slack ; End Point TNS     ;
+-------+-------+-------------------+
; clk   ; 0.181 ; 0.000             ;
+-------+-------+-------------------+


-----------------------------------------
; Fast 1200mV 0C Model Recovery Summary ;
-----------------------------------------
No paths to report.


----------------------------------------
; Fast 1200mV 0C Model Removal Summary ;
----------------------------------------
No paths to report.


+--------------------------------------------------+
; Fast 1200mV 0C Model Minimum Pulse Width Summary ;
+-------+--------+---------------------------------+
; Clock ; Slack  ; End Point TNS                   ;
+-------+--------+---------------------------------+
; clk   ; -3.000 ; -67.551                         ;
+-------+--------+---------------------------------+


+------------------------------------------------------------------------------------------------------------------------------------------------------------------------------------------------------------------+
; Fast 1200mV 0C Model Setup: 'clk'                                                                                                                                                                                ;
+--------+-----------------------------------------------------------------------------------------+-----------------------------------------+--------------+-------------+--------------+------------+------------+
; Slack  ; From Node                                                                               ; To Node                                 ; Launch Clock ; Latch Clock ; Relationship ; Clock Skew ; Data Delay ;
+--------+-----------------------------------------------------------------------------------------+-----------------------------------------+--------------+-------------+--------------+------------+------------+
; -1.255 ; altsyncram:storage_rtl_0|altsyncram_0qd1:auto_generated|ram_block1a0~portb_address_reg0 ; input_buffer_fifo:fifo_inst|mem~7       ; clk          ; clk         ; 1.000        ; 0.004      ; 2.246      ;
; -1.255 ; altsyncram:storage_rtl_0|altsyncram_0qd1:auto_generated|ram_block1a0~portb_address_reg0 ; input_buffer_fifo:fifo_inst|mem~3       ; clk          ; clk         ; 1.000        ; 0.004      ; 2.246      ;
; -1.245 ; altsyncram:storage_rtl_0|altsyncram_0qd1:auto_generated|ram_block1a0~portb_address_reg0 ; input_buffer_fifo:fifo_inst|mem~5       ; clk          ; clk         ; 1.000        ; 0.004      ; 2.236      ;
; -1.243 ; altsyncram:storage_rtl_0|altsyncram_0qd1:auto_generated|ram_block1a0~portb_address_reg0 ; input_buffer_fifo:fifo_inst|mem~0       ; clk          ; clk         ; 1.000        ; 0.004      ; 2.234      ;
; -1.240 ; altsyncram:storage_rtl_0|altsyncram_0qd1:auto_generated|ram_block1a0~portb_address_reg0 ; input_buffer_fifo:fifo_inst|mem~13      ; clk          ; clk         ; 1.000        ; 0.018      ; 2.245      ;
; -1.237 ; altsyncram:storage_rtl_0|altsyncram_0qd1:auto_generated|ram_block1a0~portb_address_reg0 ; input_buffer_fifo:fifo_inst|mem~8       ; clk          ; clk         ; 1.000        ; 0.018      ; 2.242      ;
; -1.230 ; altsyncram:storage_rtl_0|altsyncram_0qd1:auto_generated|ram_block1a0~portb_address_reg0 ; input_buffer_fifo:fifo_inst|mem~2       ; clk          ; clk         ; 1.000        ; 0.004      ; 2.221      ;
; -1.228 ; altsyncram:storage_rtl_0|altsyncram_0qd1:auto_generated|ram_block1a0~portb_address_reg0 ; input_buffer_fifo:fifo_inst|mem~6       ; clk          ; clk         ; 1.000        ; 0.004      ; 2.219      ;
; -1.169 ; altsyncram:storage_rtl_0|altsyncram_0qd1:auto_generated|ram_block1a0~portb_address_reg0 ; input_buffer_fifo:fifo_inst|mem~10      ; clk          ; clk         ; 1.000        ; 0.018      ; 2.174      ;
; -1.168 ; altsyncram:storage_rtl_0|altsyncram_0qd1:auto_generated|ram_block1a0~portb_address_reg0 ; input_buffer_fifo:fifo_inst|mem~11      ; clk          ; clk         ; 1.000        ; 0.018      ; 2.173      ;
; -1.166 ; altsyncram:storage_rtl_0|altsyncram_0qd1:auto_generated|ram_block1a0~portb_address_reg0 ; input_buffer_fifo:fifo_inst|mem~15      ; clk          ; clk         ; 1.000        ; 0.018      ; 2.171      ;
; -1.163 ; altsyncram:storage_rtl_0|altsyncram_0qd1:auto_generated|ram_block1a0~portb_address_reg0 ; input_buffer_fifo:fifo_inst|mem~14      ; clk          ; clk         ; 1.000        ; 0.018      ; 2.168      ;
; -1.145 ; altsyncram:storage_rtl_0|altsyncram_0qd1:auto_generated|ram_block1a0~portb_address_reg0 ; input_buffer_fifo:fifo_inst|mem~1       ; clk          ; clk         ; 1.000        ; 0.004      ; 2.136      ;
; -1.138 ; altsyncram:storage_rtl_0|altsyncram_0qd1:auto_generated|ram_block1a0~portb_address_reg0 ; input_buffer_fifo:fifo_inst|mem~9       ; clk          ; clk         ; 1.000        ; 0.018      ; 2.143      ;
; -1.134 ; altsyncram:storage_rtl_0|altsyncram_0qd1:auto_generated|ram_block1a0~portb_address_reg0 ; input_buffer_fifo:fifo_inst|mem~4       ; clk          ; clk         ; 1.000        ; 0.004      ; 2.125      ;
; -1.128 ; altsyncram:storage_rtl_0|altsyncram_0qd1:auto_generated|ram_block1a0~portb_address_reg0 ; input_buffer_fifo:fifo_inst|mem~12      ; clk          ; clk         ; 1.000        ; 0.018      ; 2.133      ;
; -1.044 ; altsyncram:storage_rtl_0|altsyncram_0qd1:auto_generated|ram_block1a0~portb_address_reg0 ; input_buffer_fifo:fifo_inst|mem~23      ; clk          ; clk         ; 1.000        ; 0.017      ; 2.048      ;
; -1.040 ; altsyncram:storage_rtl_0|altsyncram_0qd1:auto_generated|ram_block1a0~portb_address_reg0 ; input_buffer_fifo:fifo_inst|mem~21      ; clk          ; clk         ; 1.000        ; 0.017      ; 2.044      ;
; -1.034 ; altsyncram:storage_rtl_0|altsyncram_0qd1:auto_generated|ram_block1a0~portb_address_reg0 ; input_buffer_fifo:fifo_inst|mem~17      ; clk          ; clk         ; 1.000        ; 0.017      ; 2.038      ;
; -1.032 ; altsyncram:storage_rtl_0|altsyncram_0qd1:auto_generated|ram_block1a0~portb_address_reg0 ; input_buffer_fifo:fifo_inst|mem~22      ; clk          ; clk         ; 1.000        ; 0.017      ; 2.036      ;
; -0.966 ; altsyncram:storage_rtl_0|altsyncram_0qd1:auto_generated|ram_block1a0~portb_address_reg0 ; input_buffer_fifo:fifo_inst|mem~20      ; clk          ; clk         ; 1.000        ; 0.017      ; 1.970      ;
; -0.965 ; altsyncram:storage_rtl_0|altsyncram_0qd1:auto_generated|ram_block1a0~portb_address_reg0 ; input_buffer_fifo:fifo_inst|mem~18      ; clk          ; clk         ; 1.000        ; 0.017      ; 1.969      ;
; -0.964 ; altsyncram:storage_rtl_0|altsyncram_0qd1:auto_generated|ram_block1a0~portb_address_reg0 ; input_buffer_fifo:fifo_inst|mem~19      ; clk          ; clk         ; 1.000        ; 0.017      ; 1.968      ;
; -0.958 ; altsyncram:storage_rtl_0|altsyncram_0qd1:auto_generated|ram_block1a0~portb_address_reg0 ; input_buffer_fifo:fifo_inst|mem~16      ; clk          ; clk         ; 1.000        ; 0.017      ; 1.962      ;
; -0.802 ; altsyncram:storage_rtl_0|altsyncram_0qd1:auto_generated|ram_block1a0~portb_address_reg0 ; input_buffer_fifo:fifo_inst|mem~31      ; clk          ; clk         ; 1.000        ; 0.003      ; 1.792      ;
; -0.796 ; altsyncram:storage_rtl_0|altsyncram_0qd1:auto_generated|ram_block1a0~portb_address_reg0 ; input_buffer_fifo:fifo_inst|mem~26      ; clk          ; clk         ; 1.000        ; 0.003      ; 1.786      ;
; -0.795 ; altsyncram:storage_rtl_0|altsyncram_0qd1:auto_generated|ram_block1a0~portb_address_reg0 ; input_buffer_fifo:fifo_inst|mem~29      ; clk          ; clk         ; 1.000        ; 0.003      ; 1.785      ;
; -0.795 ; altsyncram:storage_rtl_0|altsyncram_0qd1:auto_generated|ram_block1a0~portb_address_reg0 ; input_buffer_fifo:fifo_inst|mem~28      ; clk          ; clk         ; 1.000        ; 0.003      ; 1.785      ;
; -0.794 ; altsyncram:storage_rtl_0|altsyncram_0qd1:auto_generated|ram_block1a0~portb_address_reg0 ; input_buffer_fifo:fifo_inst|mem~27      ; clk          ; clk         ; 1.000        ; 0.003      ; 1.784      ;
; -0.791 ; altsyncram:storage_rtl_0|altsyncram_0qd1:auto_generated|ram_block1a0~portb_address_reg0 ; input_buffer_fifo:fifo_inst|mem~25      ; clk          ; clk         ; 1.000        ; 0.003      ; 1.781      ;
; -0.790 ; altsyncram:storage_rtl_0|altsyncram_0qd1:auto_generated|ram_block1a0~portb_address_reg0 ; input_buffer_fifo:fifo_inst|mem~30      ; clk          ; clk         ; 1.000        ; 0.003      ; 1.780      ;
; -0.790 ; altsyncram:storage_rtl_0|altsyncram_0qd1:auto_generated|ram_block1a0~portb_address_reg0 ; input_buffer_fifo:fifo_inst|mem~24      ; clk          ; clk         ; 1.000        ; 0.003      ; 1.780      ;
; -0.789 ; input_buffer_fifo:fifo_inst|mem~8                                                       ; input_buffer_fifo:fifo_inst|data_out[0] ; clk          ; clk         ; 1.000        ; -0.250     ; 1.526      ;
; -0.775 ; input_buffer_fifo:fifo_inst|rd_ptr[0]                                                   ; input_buffer_fifo:fifo_inst|data_out[5] ; clk          ; clk         ; 1.000        ; -0.043     ; 1.719      ;
; -0.773 ; input_buffer_fifo:fifo_inst|rd_ptr[0]                                                   ; input_buffer_fifo:fifo_inst|data_out[1] ; clk          ; clk         ; 1.000        ; -0.043     ; 1.717      ;
; -0.732 ; input_buffer_fifo:fifo_inst|mem~20                                                      ; input_buffer_fifo:fifo_inst|data_out[4] ; clk          ; clk         ; 1.000        ; -0.249     ; 1.470      ;
; -0.694 ; input_buffer_fifo:fifo_inst|rd_ptr[0]                                                   ; input_buffer_fifo:fifo_inst|data_out[0] ; clk          ; clk         ; 1.000        ; -0.043     ; 1.638      ;
; -0.678 ; input_buffer_fifo:fifo_inst|rd_ptr[0]                                                   ; input_buffer_fifo:fifo_inst|data_out[7] ; clk          ; clk         ; 1.000        ; -0.043     ; 1.622      ;
; -0.644 ; input_buffer_fifo:fifo_inst|rd_ptr[0]                                                   ; input_buffer_fifo:fifo_inst|data_out[4] ; clk          ; clk         ; 1.000        ; -0.043     ; 1.588      ;
; -0.627 ; input_buffer_fifo:fifo_inst|rd_ptr[0]                                                   ; input_buffer_fifo:fifo_inst|data_out[2] ; clk          ; clk         ; 1.000        ; -0.043     ; 1.571      ;
; -0.531 ; input_buffer_fifo:fifo_inst|rd_ptr[0]                                                   ; input_buffer_fifo:fifo_inst|data_out[3] ; clk          ; clk         ; 1.000        ; -0.043     ; 1.475      ;
; -0.508 ; input_buffer_fifo:fifo_inst|wr_ptr[0]                                                   ; input_buffer_fifo:fifo_inst|mem~7       ; clk          ; clk         ; 1.000        ; 0.142      ; 1.637      ;
; -0.508 ; input_buffer_fifo:fifo_inst|wr_ptr[0]                                                   ; input_buffer_fifo:fifo_inst|mem~6       ; clk          ; clk         ; 1.000        ; 0.142      ; 1.637      ;
; -0.508 ; input_buffer_fifo:fifo_inst|wr_ptr[0]                                                   ; input_buffer_fifo:fifo_inst|mem~5       ; clk          ; clk         ; 1.000        ; 0.142      ; 1.637      ;
; -0.508 ; input_buffer_fifo:fifo_inst|wr_ptr[0]                                                   ; input_buffer_fifo:fifo_inst|mem~4       ; clk          ; clk         ; 1.000        ; 0.142      ; 1.637      ;
; -0.508 ; input_buffer_fifo:fifo_inst|wr_ptr[0]                                                   ; input_buffer_fifo:fifo_inst|mem~3       ; clk          ; clk         ; 1.000        ; 0.142      ; 1.637      ;
; -0.508 ; input_buffer_fifo:fifo_inst|wr_ptr[0]                                                   ; input_buffer_fifo:fifo_inst|mem~2       ; clk          ; clk         ; 1.000        ; 0.142      ; 1.637      ;
; -0.508 ; input_buffer_fifo:fifo_inst|wr_ptr[0]                                                   ; input_buffer_fifo:fifo_inst|mem~1       ; clk          ; clk         ; 1.000        ; 0.142      ; 1.637      ;
; -0.508 ; input_buffer_fifo:fifo_inst|wr_ptr[0]                                                   ; input_buffer_fifo:fifo_inst|mem~0       ; clk          ; clk         ; 1.000        ; 0.142      ; 1.637      ;
; -0.502 ; input_buffer_fifo:fifo_inst|wr_ptr[0]                                                   ; input_buffer_fifo:fifo_inst|data_out[7] ; clk          ; clk         ; 1.000        ; -0.043     ; 1.446      ;
; -0.502 ; input_buffer_fifo:fifo_inst|wr_ptr[0]                                                   ; input_buffer_fifo:fifo_inst|data_out[6] ; clk          ; clk         ; 1.000        ; -0.043     ; 1.446      ;
; -0.502 ; input_buffer_fifo:fifo_inst|wr_ptr[0]                                                   ; input_buffer_fifo:fifo_inst|data_out[5] ; clk          ; clk         ; 1.000        ; -0.043     ; 1.446      ;
; -0.502 ; input_buffer_fifo:fifo_inst|wr_ptr[0]                                                   ; input_buffer_fifo:fifo_inst|data_out[4] ; clk          ; clk         ; 1.000        ; -0.043     ; 1.446      ;
; -0.502 ; input_buffer_fifo:fifo_inst|wr_ptr[0]                                                   ; input_buffer_fifo:fifo_inst|data_out[3] ; clk          ; clk         ; 1.000        ; -0.043     ; 1.446      ;
; -0.502 ; input_buffer_fifo:fifo_inst|wr_ptr[0]                                                   ; input_buffer_fifo:fifo_inst|data_out[2] ; clk          ; clk         ; 1.000        ; -0.043     ; 1.446      ;
; -0.502 ; input_buffer_fifo:fifo_inst|wr_ptr[0]                                                   ; input_buffer_fifo:fifo_inst|data_out[1] ; clk          ; clk         ; 1.000        ; -0.043     ; 1.446      ;
; -0.502 ; input_buffer_fifo:fifo_inst|wr_ptr[0]                                                   ; input_buffer_fifo:fifo_inst|data_out[0] ; clk          ; clk         ; 1.000        ; -0.043     ; 1.446      ;
; -0.489 ; input_buffer_fifo:fifo_inst|wr_ptr[0]                                                   ; input_buffer_fifo:fifo_inst|mem~31      ; clk          ; clk         ; 1.000        ; 0.141      ; 1.617      ;
; -0.489 ; input_buffer_fifo:fifo_inst|wr_ptr[0]                                                   ; input_buffer_fifo:fifo_inst|mem~30      ; clk          ; clk         ; 1.000        ; 0.141      ; 1.617      ;
; -0.489 ; input_buffer_fifo:fifo_inst|wr_ptr[0]                                                   ; input_buffer_fifo:fifo_inst|mem~29      ; clk          ; clk         ; 1.000        ; 0.141      ; 1.617      ;
; -0.489 ; input_buffer_fifo:fifo_inst|wr_ptr[0]                                                   ; input_buffer_fifo:fifo_inst|mem~28      ; clk          ; clk         ; 1.000        ; 0.141      ; 1.617      ;
; -0.489 ; input_buffer_fifo:fifo_inst|wr_ptr[0]                                                   ; input_buffer_fifo:fifo_inst|mem~27      ; clk          ; clk         ; 1.000        ; 0.141      ; 1.617      ;
; -0.489 ; input_buffer_fifo:fifo_inst|wr_ptr[0]                                                   ; input_buffer_fifo:fifo_inst|mem~26      ; clk          ; clk         ; 1.000        ; 0.141      ; 1.617      ;
; -0.489 ; input_buffer_fifo:fifo_inst|wr_ptr[0]                                                   ; input_buffer_fifo:fifo_inst|mem~25      ; clk          ; clk         ; 1.000        ; 0.141      ; 1.617      ;
; -0.489 ; input_buffer_fifo:fifo_inst|wr_ptr[0]                                                   ; input_buffer_fifo:fifo_inst|mem~24      ; clk          ; clk         ; 1.000        ; 0.141      ; 1.617      ;
; -0.488 ; input_buffer_fifo:fifo_inst|rd_ptr[0]                                                   ; input_buffer_fifo:fifo_inst|mem~7       ; clk          ; clk         ; 1.000        ; 0.142      ; 1.617      ;
; -0.488 ; input_buffer_fifo:fifo_inst|rd_ptr[0]                                                   ; input_buffer_fifo:fifo_inst|mem~6       ; clk          ; clk         ; 1.000        ; 0.142      ; 1.617      ;
; -0.488 ; input_buffer_fifo:fifo_inst|rd_ptr[0]                                                   ; input_buffer_fifo:fifo_inst|mem~5       ; clk          ; clk         ; 1.000        ; 0.142      ; 1.617      ;
; -0.488 ; input_buffer_fifo:fifo_inst|rd_ptr[0]                                                   ; input_buffer_fifo:fifo_inst|mem~4       ; clk          ; clk         ; 1.000        ; 0.142      ; 1.617      ;
; -0.488 ; input_buffer_fifo:fifo_inst|rd_ptr[0]                                                   ; input_buffer_fifo:fifo_inst|mem~3       ; clk          ; clk         ; 1.000        ; 0.142      ; 1.617      ;
; -0.488 ; input_buffer_fifo:fifo_inst|rd_ptr[0]                                                   ; input_buffer_fifo:fifo_inst|mem~2       ; clk          ; clk         ; 1.000        ; 0.142      ; 1.617      ;
; -0.488 ; input_buffer_fifo:fifo_inst|rd_ptr[0]                                                   ; input_buffer_fifo:fifo_inst|mem~1       ; clk          ; clk         ; 1.000        ; 0.142      ; 1.617      ;
; -0.488 ; input_buffer_fifo:fifo_inst|rd_ptr[0]                                                   ; input_buffer_fifo:fifo_inst|mem~0       ; clk          ; clk         ; 1.000        ; 0.142      ; 1.617      ;
; -0.487 ; input_buffer_fifo:fifo_inst|rd_ptr[0]                                                   ; input_buffer_fifo:fifo_inst|data_out[6] ; clk          ; clk         ; 1.000        ; -0.043     ; 1.431      ;
; -0.470 ; input_buffer_fifo:fifo_inst|wr_ptr[0]                                                   ; input_buffer_fifo:fifo_inst|mem~15      ; clk          ; clk         ; 1.000        ; 0.156      ; 1.613      ;
; -0.470 ; input_buffer_fifo:fifo_inst|wr_ptr[0]                                                   ; input_buffer_fifo:fifo_inst|mem~14      ; clk          ; clk         ; 1.000        ; 0.156      ; 1.613      ;
; -0.470 ; input_buffer_fifo:fifo_inst|wr_ptr[0]                                                   ; input_buffer_fifo:fifo_inst|mem~13      ; clk          ; clk         ; 1.000        ; 0.156      ; 1.613      ;
; -0.470 ; input_buffer_fifo:fifo_inst|wr_ptr[0]                                                   ; input_buffer_fifo:fifo_inst|mem~12      ; clk          ; clk         ; 1.000        ; 0.156      ; 1.613      ;
; -0.470 ; input_buffer_fifo:fifo_inst|wr_ptr[0]                                                   ; input_buffer_fifo:fifo_inst|mem~11      ; clk          ; clk         ; 1.000        ; 0.156      ; 1.613      ;
; -0.470 ; input_buffer_fifo:fifo_inst|wr_ptr[0]                                                   ; input_buffer_fifo:fifo_inst|mem~10      ; clk          ; clk         ; 1.000        ; 0.156      ; 1.613      ;
; -0.470 ; input_buffer_fifo:fifo_inst|wr_ptr[0]                                                   ; input_buffer_fifo:fifo_inst|mem~9       ; clk          ; clk         ; 1.000        ; 0.156      ; 1.613      ;
; -0.470 ; input_buffer_fifo:fifo_inst|wr_ptr[0]                                                   ; input_buffer_fifo:fifo_inst|mem~8       ; clk          ; clk         ; 1.000        ; 0.156      ; 1.613      ;
; -0.469 ; input_buffer_fifo:fifo_inst|rd_ptr[0]                                                   ; input_buffer_fifo:fifo_inst|mem~31      ; clk          ; clk         ; 1.000        ; 0.141      ; 1.597      ;
; -0.469 ; input_buffer_fifo:fifo_inst|rd_ptr[0]                                                   ; input_buffer_fifo:fifo_inst|mem~30      ; clk          ; clk         ; 1.000        ; 0.141      ; 1.597      ;
; -0.469 ; input_buffer_fifo:fifo_inst|rd_ptr[0]                                                   ; input_buffer_fifo:fifo_inst|mem~29      ; clk          ; clk         ; 1.000        ; 0.141      ; 1.597      ;
; -0.469 ; input_buffer_fifo:fifo_inst|rd_ptr[0]                                                   ; input_buffer_fifo:fifo_inst|mem~28      ; clk          ; clk         ; 1.000        ; 0.141      ; 1.597      ;
; -0.469 ; input_buffer_fifo:fifo_inst|rd_ptr[0]                                                   ; input_buffer_fifo:fifo_inst|mem~27      ; clk          ; clk         ; 1.000        ; 0.141      ; 1.597      ;
; -0.469 ; input_buffer_fifo:fifo_inst|rd_ptr[0]                                                   ; input_buffer_fifo:fifo_inst|mem~26      ; clk          ; clk         ; 1.000        ; 0.141      ; 1.597      ;
; -0.469 ; input_buffer_fifo:fifo_inst|rd_ptr[0]                                                   ; input_buffer_fifo:fifo_inst|mem~25      ; clk          ; clk         ; 1.000        ; 0.141      ; 1.597      ;
; -0.469 ; input_buffer_fifo:fifo_inst|rd_ptr[0]                                                   ; input_buffer_fifo:fifo_inst|mem~24      ; clk          ; clk         ; 1.000        ; 0.141      ; 1.597      ;
; -0.450 ; input_buffer_fifo:fifo_inst|rd_ptr[0]                                                   ; input_buffer_fifo:fifo_inst|mem~15      ; clk          ; clk         ; 1.000        ; 0.156      ; 1.593      ;
; -0.450 ; input_buffer_fifo:fifo_inst|rd_ptr[0]                                                   ; input_buffer_fifo:fifo_inst|mem~14      ; clk          ; clk         ; 1.000        ; 0.156      ; 1.593      ;
; -0.450 ; input_buffer_fifo:fifo_inst|rd_ptr[0]                                                   ; input_buffer_fifo:fifo_inst|mem~13      ; clk          ; clk         ; 1.000        ; 0.156      ; 1.593      ;
; -0.450 ; input_buffer_fifo:fifo_inst|rd_ptr[0]                                                   ; input_buffer_fifo:fifo_inst|mem~12      ; clk          ; clk         ; 1.000        ; 0.156      ; 1.593      ;
; -0.450 ; input_buffer_fifo:fifo_inst|rd_ptr[0]                                                   ; input_buffer_fifo:fifo_inst|mem~11      ; clk          ; clk         ; 1.000        ; 0.156      ; 1.593      ;
; -0.450 ; input_buffer_fifo:fifo_inst|rd_ptr[0]                                                   ; input_buffer_fifo:fifo_inst|mem~10      ; clk          ; clk         ; 1.000        ; 0.156      ; 1.593      ;
; -0.450 ; input_buffer_fifo:fifo_inst|rd_ptr[0]                                                   ; input_buffer_fifo:fifo_inst|mem~9       ; clk          ; clk         ; 1.000        ; 0.156      ; 1.593      ;
; -0.450 ; input_buffer_fifo:fifo_inst|rd_ptr[0]                                                   ; input_buffer_fifo:fifo_inst|mem~8       ; clk          ; clk         ; 1.000        ; 0.156      ; 1.593      ;
; -0.449 ; input_buffer_fifo:fifo_inst|wr_ptr[0]                                                   ; input_buffer_fifo:fifo_inst|mem~23      ; clk          ; clk         ; 1.000        ; 0.155      ; 1.591      ;
; -0.449 ; input_buffer_fifo:fifo_inst|wr_ptr[0]                                                   ; input_buffer_fifo:fifo_inst|mem~22      ; clk          ; clk         ; 1.000        ; 0.155      ; 1.591      ;
+--------+-----------------------------------------------------------------------------------------+-----------------------------------------+--------------+-------------+--------------+------------+------------+


+---------------------------------------------------------------------------------------------------------------------------------------------------------------------------------------------------------------+
; Fast 1200mV 0C Model Hold: 'clk'                                                                                                                                                                              ;
+-------+---------------------------------------+-----------------------------------------------------------------------------------------+--------------+-------------+--------------+------------+------------+
; Slack ; From Node                             ; To Node                                                                                 ; Launch Clock ; Latch Clock ; Relationship ; Clock Skew ; Data Delay ;
+-------+---------------------------------------+-----------------------------------------------------------------------------------------+--------------+-------------+--------------+------------+------------+
; 0.181 ; storage~0                             ; storage~0                                                                               ; clk          ; clk         ; 0.000        ; 0.042      ; 0.307      ;
; 0.181 ; input_buffer_fifo:fifo_inst|wr_ptr[2] ; input_buffer_fifo:fifo_inst|wr_ptr[2]                                                   ; clk          ; clk         ; 0.000        ; 0.042      ; 0.307      ;
; 0.181 ; input_buffer_fifo:fifo_inst|rd_ptr[0] ; input_buffer_fifo:fifo_inst|rd_ptr[0]                                                   ; clk          ; clk         ; 0.000        ; 0.042      ; 0.307      ;
; 0.181 ; input_buffer_fifo:fifo_inst|wr_ptr[1] ; input_buffer_fifo:fifo_inst|wr_ptr[1]                                                   ; clk          ; clk         ; 0.000        ; 0.042      ; 0.307      ;
; 0.181 ; input_buffer_fifo:fifo_inst|wr_ptr[0] ; input_buffer_fifo:fifo_inst|wr_ptr[0]                                                   ; clk          ; clk         ; 0.000        ; 0.042      ; 0.307      ;
; 0.181 ; input_buffer_fifo:fifo_inst|rd_ptr[2] ; input_buffer_fifo:fifo_inst|rd_ptr[2]                                                   ; clk          ; clk         ; 0.000        ; 0.042      ; 0.307      ;
; 0.181 ; input_buffer_fifo:fifo_inst|rd_ptr[1] ; input_buffer_fifo:fifo_inst|rd_ptr[1]                                                   ; clk          ; clk         ; 0.000        ; 0.042      ; 0.307      ;
; 0.181 ; fifo_wr_en                            ; fifo_wr_en                                                                              ; clk          ; clk         ; 0.000        ; 0.042      ; 0.307      ;
; 0.181 ; wait_cnt[0]                           ; wait_cnt[0]                                                                             ; clk          ; clk         ; 0.000        ; 0.042      ; 0.307      ;
; 0.181 ; wait_cnt[1]                           ; wait_cnt[1]                                                                             ; clk          ; clk         ; 0.000        ; 0.042      ; 0.307      ;
; 0.181 ; state.ST_WAIT_RAM                     ; state.ST_WAIT_RAM                                                                       ; clk          ; clk         ; 0.000        ; 0.042      ; 0.307      ;
; 0.181 ; state.ST_IDLE                         ; state.ST_IDLE                                                                           ; clk          ; clk         ; 0.000        ; 0.042      ; 0.307      ;
; 0.192 ; state.ST_WRITE                        ; state.ST_DONE                                                                           ; clk          ; clk         ; 0.000        ; 0.042      ; 0.318      ;
; 0.199 ; input_buffer_fifo:fifo_inst|wr_ptr[2] ; input_buffer_fifo:fifo_inst|rd_ptr[0]                                                   ; clk          ; clk         ; 0.000        ; 0.042      ; 0.325      ;
; 0.204 ; input_buffer_fifo:fifo_inst|rd_ptr[1] ; input_buffer_fifo:fifo_inst|rd_ptr[2]                                                   ; clk          ; clk         ; 0.000        ; 0.042      ; 0.330      ;
; 0.209 ; state.ST_READ_REQ                     ; state.ST_WAIT_RAM                                                                       ; clk          ; clk         ; 0.000        ; 0.042      ; 0.335      ;
; 0.215 ; state.ST_READ_REQ                     ; wait_cnt[1]                                                                             ; clk          ; clk         ; 0.000        ; 0.042      ; 0.341      ;
; 0.218 ; state.ST_READ_REQ                     ; wait_cnt[0]                                                                             ; clk          ; clk         ; 0.000        ; 0.042      ; 0.344      ;
; 0.219 ; state.ST_IDLE                         ; state.ST_WRITE                                                                          ; clk          ; clk         ; 0.000        ; 0.042      ; 0.345      ;
; 0.221 ; state.ST_IDLE                         ; state.ST_READ_REQ                                                                       ; clk          ; clk         ; 0.000        ; 0.042      ; 0.347      ;
; 0.260 ; state.ST_WAIT_RAM                     ; state.ST_DONE                                                                           ; clk          ; clk         ; 0.000        ; 0.042      ; 0.386      ;
; 0.294 ; storage~0                             ; input_buffer_fifo:fifo_inst|mem~24                                                      ; clk          ; clk         ; 0.000        ; 0.233      ; 0.611      ;
; 0.295 ; storage~0                             ; input_buffer_fifo:fifo_inst|mem~26                                                      ; clk          ; clk         ; 0.000        ; 0.233      ; 0.612      ;
; 0.296 ; storage~0                             ; input_buffer_fifo:fifo_inst|mem~28                                                      ; clk          ; clk         ; 0.000        ; 0.233      ; 0.613      ;
; 0.297 ; storage~0                             ; input_buffer_fifo:fifo_inst|mem~25                                                      ; clk          ; clk         ; 0.000        ; 0.233      ; 0.614      ;
; 0.299 ; storage~0                             ; input_buffer_fifo:fifo_inst|mem~31                                                      ; clk          ; clk         ; 0.000        ; 0.233      ; 0.616      ;
; 0.299 ; storage~0                             ; input_buffer_fifo:fifo_inst|mem~27                                                      ; clk          ; clk         ; 0.000        ; 0.233      ; 0.616      ;
; 0.299 ; state.ST_DONE                         ; state.ST_IDLE                                                                           ; clk          ; clk         ; 0.000        ; 0.042      ; 0.425      ;
; 0.300 ; storage~0                             ; input_buffer_fifo:fifo_inst|mem~29                                                      ; clk          ; clk         ; 0.000        ; 0.233      ; 0.617      ;
; 0.301 ; storage~0                             ; input_buffer_fifo:fifo_inst|mem~30                                                      ; clk          ; clk         ; 0.000        ; 0.233      ; 0.618      ;
; 0.302 ; input_buffer_fifo:fifo_inst|rd_ptr[2] ; input_buffer_fifo:fifo_inst|rd_ptr[0]                                                   ; clk          ; clk         ; 0.000        ; 0.042      ; 0.428      ;
; 0.304 ; state.ST_WAIT_RAM                     ; wait_cnt[1]                                                                             ; clk          ; clk         ; 0.000        ; 0.042      ; 0.430      ;
; 0.307 ; wait_cnt[1]                           ; wait_cnt[0]                                                                             ; clk          ; clk         ; 0.000        ; 0.042      ; 0.433      ;
; 0.308 ; state.ST_WAIT_RAM                     ; wait_cnt[0]                                                                             ; clk          ; clk         ; 0.000        ; 0.042      ; 0.434      ;
; 0.314 ; input_buffer_fifo:fifo_inst|wr_ptr[1] ; input_buffer_fifo:fifo_inst|wr_ptr[2]                                                   ; clk          ; clk         ; 0.000        ; 0.042      ; 0.440      ;
; 0.315 ; input_buffer_fifo:fifo_inst|rd_ptr[0] ; input_buffer_fifo:fifo_inst|rd_ptr[2]                                                   ; clk          ; clk         ; 0.000        ; 0.042      ; 0.441      ;
; 0.319 ; input_buffer_fifo:fifo_inst|rd_ptr[0] ; input_buffer_fifo:fifo_inst|rd_ptr[1]                                                   ; clk          ; clk         ; 0.000        ; 0.042      ; 0.445      ;
; 0.323 ; input_buffer_fifo:fifo_inst|wr_ptr[0] ; input_buffer_fifo:fifo_inst|wr_ptr[2]                                                   ; clk          ; clk         ; 0.000        ; 0.042      ; 0.449      ;
; 0.324 ; input_buffer_fifo:fifo_inst|wr_ptr[0] ; input_buffer_fifo:fifo_inst|wr_ptr[1]                                                   ; clk          ; clk         ; 0.000        ; 0.042      ; 0.450      ;
; 0.324 ; state.ST_WAIT_RAM                     ; fifo_wr_en                                                                              ; clk          ; clk         ; 0.000        ; 0.042      ; 0.450      ;
; 0.326 ; wait_cnt[1]                           ; state.ST_DONE                                                                           ; clk          ; clk         ; 0.000        ; 0.042      ; 0.452      ;
; 0.332 ; wait_cnt[1]                           ; fifo_wr_en                                                                              ; clk          ; clk         ; 0.000        ; 0.042      ; 0.458      ;
; 0.333 ; wait_cnt[1]                           ; state.ST_WAIT_RAM                                                                       ; clk          ; clk         ; 0.000        ; 0.042      ; 0.459      ;
; 0.358 ; wait_cnt[0]                           ; wait_cnt[1]                                                                             ; clk          ; clk         ; 0.000        ; 0.042      ; 0.484      ;
; 0.361 ; state.ST_READ_REQ                     ; fifo_wr_en                                                                              ; clk          ; clk         ; 0.000        ; 0.042      ; 0.487      ;
; 0.368 ; state.ST_READ_REQ                     ; storage~0                                                                               ; clk          ; clk         ; 0.000        ; 0.041      ; 0.493      ;
; 0.372 ; input_buffer_fifo:fifo_inst|wr_ptr[2] ; input_buffer_fifo:fifo_inst|wr_ptr[0]                                                   ; clk          ; clk         ; 0.000        ; 0.042      ; 0.498      ;
; 0.387 ; input_buffer_fifo:fifo_inst|rd_ptr[0] ; input_buffer_fifo:fifo_inst|data_out[2]                                                 ; clk          ; clk         ; 0.000        ; 0.041      ; 0.512      ;
; 0.391 ; input_buffer_fifo:fifo_inst|rd_ptr[0] ; input_buffer_fifo:fifo_inst|data_out[4]                                                 ; clk          ; clk         ; 0.000        ; 0.041      ; 0.516      ;
; 0.397 ; input_buffer_fifo:fifo_inst|rd_ptr[1] ; input_buffer_fifo:fifo_inst|data_out[3]                                                 ; clk          ; clk         ; 0.000        ; 0.041      ; 0.522      ;
; 0.397 ; input_buffer_fifo:fifo_inst|rd_ptr[1] ; input_buffer_fifo:fifo_inst|data_out[0]                                                 ; clk          ; clk         ; 0.000        ; 0.041      ; 0.522      ;
; 0.401 ; input_buffer_fifo:fifo_inst|rd_ptr[1] ; input_buffer_fifo:fifo_inst|data_out[7]                                                 ; clk          ; clk         ; 0.000        ; 0.041      ; 0.526      ;
; 0.430 ; input_buffer_fifo:fifo_inst|wr_ptr[2] ; input_buffer_fifo:fifo_inst|data_valid                                                  ; clk          ; clk         ; 0.000        ; 0.042      ; 0.556      ;
; 0.441 ; storage~0                             ; input_buffer_fifo:fifo_inst|mem~16                                                      ; clk          ; clk         ; 0.000        ; 0.249      ; 0.774      ;
; 0.443 ; storage~0                             ; input_buffer_fifo:fifo_inst|mem~18                                                      ; clk          ; clk         ; 0.000        ; 0.249      ; 0.776      ;
; 0.445 ; storage~0                             ; input_buffer_fifo:fifo_inst|mem~20                                                      ; clk          ; clk         ; 0.000        ; 0.249      ; 0.778      ;
; 0.447 ; storage~0                             ; input_buffer_fifo:fifo_inst|mem~19                                                      ; clk          ; clk         ; 0.000        ; 0.249      ; 0.780      ;
; 0.468 ; state.ST_WRITE                        ; fifo_wr_en                                                                              ; clk          ; clk         ; 0.000        ; 0.042      ; 0.594      ;
; 0.475 ; input_buffer_fifo:fifo_inst|wr_ptr[2] ; input_buffer_fifo:fifo_inst|rd_ptr[1]                                                   ; clk          ; clk         ; 0.000        ; 0.042      ; 0.601      ;
; 0.478 ; input_buffer_fifo:fifo_inst|wr_ptr[2] ; input_buffer_fifo:fifo_inst|rd_ptr[2]                                                   ; clk          ; clk         ; 0.000        ; 0.042      ; 0.604      ;
; 0.479 ; input_buffer_fifo:fifo_inst|rd_ptr[2] ; input_buffer_fifo:fifo_inst|wr_ptr[0]                                                   ; clk          ; clk         ; 0.000        ; 0.042      ; 0.605      ;
; 0.481 ; input_buffer_fifo:fifo_inst|wr_ptr[2] ; input_buffer_fifo:fifo_inst|wr_ptr[1]                                                   ; clk          ; clk         ; 0.000        ; 0.042      ; 0.607      ;
; 0.485 ; input_buffer_fifo:fifo_inst|rd_ptr[2] ; input_buffer_fifo:fifo_inst|wr_ptr[2]                                                   ; clk          ; clk         ; 0.000        ; 0.042      ; 0.611      ;
; 0.504 ; storage~0                             ; input_buffer_fifo:fifo_inst|mem~17                                                      ; clk          ; clk         ; 0.000        ; 0.249      ; 0.837      ;
; 0.506 ; storage~0                             ; input_buffer_fifo:fifo_inst|mem~23                                                      ; clk          ; clk         ; 0.000        ; 0.249      ; 0.839      ;
; 0.507 ; storage~0                             ; input_buffer_fifo:fifo_inst|mem~22                                                      ; clk          ; clk         ; 0.000        ; 0.249      ; 0.840      ;
; 0.508 ; input_buffer_fifo:fifo_inst|rd_ptr[1] ; input_buffer_fifo:fifo_inst|data_out[5]                                                 ; clk          ; clk         ; 0.000        ; 0.041      ; 0.633      ;
; 0.508 ; state.ST_IDLE                         ; altsyncram:storage_rtl_0|altsyncram_0qd1:auto_generated|ram_block1a0~porta_we_reg       ; clk          ; clk         ; 0.000        ; 0.221      ; 0.833      ;
; 0.509 ; input_buffer_fifo:fifo_inst|rd_ptr[0] ; input_buffer_fifo:fifo_inst|data_out[6]                                                 ; clk          ; clk         ; 0.000        ; 0.041      ; 0.634      ;
; 0.509 ; storage~0                             ; input_buffer_fifo:fifo_inst|mem~21                                                      ; clk          ; clk         ; 0.000        ; 0.249      ; 0.842      ;
; 0.511 ; input_buffer_fifo:fifo_inst|rd_ptr[1] ; input_buffer_fifo:fifo_inst|data_out[1]                                                 ; clk          ; clk         ; 0.000        ; 0.041      ; 0.636      ;
; 0.527 ; input_buffer_fifo:fifo_inst|mem~14    ; input_buffer_fifo:fifo_inst|data_out[6]                                                 ; clk          ; clk         ; 0.000        ; -0.157     ; 0.454      ;
; 0.537 ; input_buffer_fifo:fifo_inst|rd_ptr[2] ; input_buffer_fifo:fifo_inst|data_valid                                                  ; clk          ; clk         ; 0.000        ; 0.042      ; 0.663      ;
; 0.539 ; input_buffer_fifo:fifo_inst|rd_ptr[1] ; input_buffer_fifo:fifo_inst|rd_ptr[0]                                                   ; clk          ; clk         ; 0.000        ; 0.042      ; 0.665      ;
; 0.540 ; fifo_wr_en                            ; input_buffer_fifo:fifo_inst|wr_ptr[0]                                                   ; clk          ; clk         ; 0.000        ; 0.042      ; 0.666      ;
; 0.544 ; input_buffer_fifo:fifo_inst|mem~29    ; input_buffer_fifo:fifo_inst|data_out[5]                                                 ; clk          ; clk         ; 0.000        ; -0.142     ; 0.486      ;
; 0.546 ; fifo_wr_en                            ; input_buffer_fifo:fifo_inst|wr_ptr[2]                                                   ; clk          ; clk         ; 0.000        ; 0.042      ; 0.672      ;
; 0.554 ; input_buffer_fifo:fifo_inst|mem~17    ; input_buffer_fifo:fifo_inst|data_out[1]                                                 ; clk          ; clk         ; 0.000        ; -0.156     ; 0.482      ;
; 0.563 ; input_buffer_fifo:fifo_inst|mem~12    ; input_buffer_fifo:fifo_inst|data_out[4]                                                 ; clk          ; clk         ; 0.000        ; -0.157     ; 0.490      ;
; 0.577 ; storage~0                             ; input_buffer_fifo:fifo_inst|mem~12                                                      ; clk          ; clk         ; 0.000        ; 0.250      ; 0.911      ;
; 0.578 ; input_buffer_fifo:fifo_inst|mem~10    ; input_buffer_fifo:fifo_inst|data_out[2]                                                 ; clk          ; clk         ; 0.000        ; -0.157     ; 0.505      ;
; 0.582 ; input_buffer_fifo:fifo_inst|rd_ptr[2] ; input_buffer_fifo:fifo_inst|rd_ptr[1]                                                   ; clk          ; clk         ; 0.000        ; 0.042      ; 0.708      ;
; 0.588 ; input_buffer_fifo:fifo_inst|rd_ptr[2] ; input_buffer_fifo:fifo_inst|wr_ptr[1]                                                   ; clk          ; clk         ; 0.000        ; 0.042      ; 0.714      ;
; 0.588 ; input_buffer_fifo:fifo_inst|mem~6     ; input_buffer_fifo:fifo_inst|data_out[6]                                                 ; clk          ; clk         ; 0.000        ; -0.143     ; 0.529      ;
; 0.589 ; storage~0                             ; input_buffer_fifo:fifo_inst|mem~9                                                       ; clk          ; clk         ; 0.000        ; 0.250      ; 0.923      ;
; 0.598 ; input_buffer_fifo:fifo_inst|mem~25    ; input_buffer_fifo:fifo_inst|data_out[1]                                                 ; clk          ; clk         ; 0.000        ; -0.142     ; 0.540      ;
; 0.606 ; input_buffer_fifo:fifo_inst|wr_ptr[1] ; input_buffer_fifo:fifo_inst|rd_ptr[0]                                                   ; clk          ; clk         ; 0.000        ; 0.042      ; 0.732      ;
; 0.607 ; storage~0                             ; input_buffer_fifo:fifo_inst|mem~4                                                       ; clk          ; clk         ; 0.000        ; 0.234      ; 0.925      ;
; 0.614 ; storage~0                             ; input_buffer_fifo:fifo_inst|mem~15                                                      ; clk          ; clk         ; 0.000        ; 0.250      ; 0.948      ;
; 0.618 ; storage~0                             ; input_buffer_fifo:fifo_inst|mem~10                                                      ; clk          ; clk         ; 0.000        ; 0.250      ; 0.952      ;
; 0.618 ; input_buffer_fifo:fifo_inst|rd_ptr[1] ; input_buffer_fifo:fifo_inst|wr_ptr[0]                                                   ; clk          ; clk         ; 0.000        ; 0.042      ; 0.744      ;
; 0.619 ; input_buffer_fifo:fifo_inst|mem~28    ; input_buffer_fifo:fifo_inst|data_out[4]                                                 ; clk          ; clk         ; 0.000        ; -0.142     ; 0.561      ;
; 0.620 ; storage~0                             ; input_buffer_fifo:fifo_inst|mem~1                                                       ; clk          ; clk         ; 0.000        ; 0.234      ; 0.938      ;
; 0.620 ; input_buffer_fifo:fifo_inst|mem~26    ; input_buffer_fifo:fifo_inst|data_out[2]                                                 ; clk          ; clk         ; 0.000        ; -0.142     ; 0.562      ;
; 0.621 ; input_buffer_fifo:fifo_inst|mem~21    ; input_buffer_fifo:fifo_inst|data_out[5]                                                 ; clk          ; clk         ; 0.000        ; -0.156     ; 0.549      ;
; 0.622 ; storage~0                             ; input_buffer_fifo:fifo_inst|mem~11                                                      ; clk          ; clk         ; 0.000        ; 0.250      ; 0.956      ;
; 0.623 ; storage~0                             ; input_buffer_fifo:fifo_inst|mem~14                                                      ; clk          ; clk         ; 0.000        ; 0.250      ; 0.957      ;
; 0.624 ; input_buffer_fifo:fifo_inst|rd_ptr[1] ; input_buffer_fifo:fifo_inst|wr_ptr[2]                                                   ; clk          ; clk         ; 0.000        ; 0.042      ; 0.750      ;
; 0.626 ; input_buffer_fifo:fifo_inst|mem~19    ; input_buffer_fifo:fifo_inst|data_out[3]                                                 ; clk          ; clk         ; 0.000        ; -0.156     ; 0.554      ;
; 0.628 ; state.ST_READ_REQ                     ; altsyncram:storage_rtl_0|altsyncram_0qd1:auto_generated|ram_block1a0~portb_address_reg0 ; clk          ; clk         ; 0.000        ; 0.180      ; 0.912      ;
+-------+---------------------------------------+-----------------------------------------------------------------------------------------+--------------+-------------+--------------+------------+------------+


----------------------------------------------
; Fast 1200mV 0C Model Metastability Summary ;
----------------------------------------------
No synchronizer chains to report.


+--------------------------------------------------------------------------------+
; Multicorner Timing Analysis Summary                                            ;
+------------------+----------+-------+----------+---------+---------------------+
; Clock            ; Setup    ; Hold  ; Recovery ; Removal ; Minimum Pulse Width ;
+------------------+----------+-------+----------+---------+---------------------+
; Worst-case Slack ; -4.083   ; 0.181 ; N/A      ; N/A     ; -3.000              ;
;  clk             ; -4.083   ; 0.181 ; N/A      ; N/A     ; -3.000              ;
; Design-wide TNS  ; -150.63  ; 0.0   ; 0.0      ; 0.0     ; -85.732             ;
;  clk             ; -150.630 ; 0.000 ; N/A      ; N/A     ; -85.732             ;
+------------------+----------+-------+----------+---------+---------------------+


+------------------------------------------------------------------------------------------------------------------------------------------------------------------------------------------------------------------------------------------------------------------------------------------------------------------------------------------------------------------------------------------------------------------+
; Board Trace Model Assignments                                                                                                                                                                                                                                                                                                                                                                                    ;
+---------------+--------------+-------------------+-------------------------+-------------------------+---------------+---------------------+----------------+------------------+--------+------------------+------------------------+------------------------+--------------+---------------+-----------------+-------+---------------------+--------------------+---------------+-----------------+-------------+
; Pin           ; I/O Standard ; Near Tline Length ; Near Tline L per Length ; Near Tline C per Length ; Near Series R ; Near Differential R ; Near Pull-up R ; Near Pull-down R ; Near C ; Far Tline Length ; Far Tline L per Length ; Far Tline C per Length ; Far Series R ; Far Pull-up R ; Far Pull-down R ; Far C ; Termination Voltage ; Far Differential R ; EBD File Name ; EBD Signal Name ; EBD Far-end ;
+---------------+--------------+-------------------+-------------------------+-------------------------+---------------+---------------------+----------------+------------------+--------+------------------+------------------------+------------------------+--------------+---------------+-----------------+-------+---------------------+--------------------+---------------+-----------------+-------------+
; data_out[0]   ; 2.5 V        ; 0 in              ; 0 H/in                  ; 0 F/in                  ; short         ; -                   ; open           ; open             ; open   ; 0 in             ; 0 H/in                 ; 0 F/in                 ; short        ; open          ; open            ; open  ; 0 V                 ; -                  ; n/a           ; n/a             ; n/a         ;
; data_out[1]   ; 2.5 V        ; 0 in              ; 0 H/in                  ; 0 F/in                  ; short         ; -                   ; open           ; open             ; open   ; 0 in             ; 0 H/in                 ; 0 F/in                 ; short        ; open          ; open            ; open  ; 0 V                 ; -                  ; n/a           ; n/a             ; n/a         ;
; data_out[2]   ; 2.5 V        ; 0 in              ; 0 H/in                  ; 0 F/in                  ; short         ; -                   ; open           ; open             ; open   ; 0 in             ; 0 H/in                 ; 0 F/in                 ; short        ; open          ; open            ; open  ; 0 V                 ; -                  ; n/a           ; n/a             ; n/a         ;
; data_out[3]   ; 2.5 V        ; 0 in              ; 0 H/in                  ; 0 F/in                  ; short         ; -                   ; open           ; open             ; open   ; 0 in             ; 0 H/in                 ; 0 F/in                 ; short        ; open          ; open            ; open  ; 0 V                 ; -                  ; n/a           ; n/a             ; n/a         ;
; data_out[4]   ; 2.5 V        ; 0 in              ; 0 H/in                  ; 0 F/in                  ; short         ; -                   ; open           ; open             ; open   ; 0 in             ; 0 H/in                 ; 0 F/in                 ; short        ; open          ; open            ; open  ; 0 V                 ; -                  ; n/a           ; n/a             ; n/a         ;
; data_out[5]   ; 2.5 V        ; 0 in              ; 0 H/in                  ; 0 F/in                  ; short         ; -                   ; open           ; open             ; open   ; 0 in             ; 0 H/in                 ; 0 F/in                 ; short        ; open          ; open            ; open  ; 0 V                 ; -                  ; n/a           ; n/a             ; n/a         ;
; data_out[6]   ; 2.5 V        ; 0 in              ; 0 H/in                  ; 0 F/in                  ; short         ; -                   ; open           ; open             ; open   ; 0 in             ; 0 H/in                 ; 0 F/in                 ; short        ; open          ; open            ; open  ; 0 V                 ; -                  ; n/a           ; n/a             ; n/a         ;
; data_out[7]   ; 2.5 V        ; 0 in              ; 0 H/in                  ; 0 F/in                  ; short         ; -                   ; open           ; open             ; open   ; 0 in             ; 0 H/in                 ; 0 F/in                 ; short        ; open          ; open            ; open  ; 0 V                 ; -                  ; n/a           ; n/a             ; n/a         ;
; data_valid    ; 2.5 V        ; 0 in              ; 0 H/in                  ; 0 F/in                  ; short         ; -                   ; open           ; open             ; open   ; 0 in             ; 0 H/in                 ; 0 F/in                 ; short        ; open          ; open            ; open  ; 0 V                 ; -                  ; n/a           ; n/a             ; n/a         ;
; fifo_full     ; 2.5 V        ; 0 in              ; 0 H/in                  ; 0 F/in                  ; short         ; -                   ; open           ; open             ; open   ; 0 in             ; 0 H/in                 ; 0 F/in                 ; short        ; open          ; open            ; open  ; 0 V                 ; -                  ; n/a           ; n/a             ; n/a         ;
; fifo_empty    ; 2.5 V        ; 0 in              ; 0 H/in                  ; 0 F/in                  ; short         ; -                   ; open           ; open             ; open   ; 0 in             ; 0 H/in                 ; 0 F/in                 ; short        ; open          ; open            ; open  ; 0 V                 ; -                  ; n/a           ; n/a             ; n/a         ;
; ram_ready     ; 2.5 V        ; 0 in              ; 0 H/in                  ; 0 F/in                  ; short         ; -                   ; open           ; open             ; open   ; 0 in             ; 0 H/in                 ; 0 F/in                 ; short        ; open          ; open            ; open  ; 0 V                 ; -                  ; n/a           ; n/a             ; n/a         ;
; ~ALTERA_DCLK~ ; 2.5 V        ; 0 in              ; 0 H/in                  ; 0 F/in                  ; short         ; -                   ; open           ; open             ; open   ; 0 in             ; 0 H/in                 ; 0 F/in                 ; short        ; open          ; open            ; open  ; 0 V                 ; -                  ; n/a           ; n/a             ; n/a         ;
; ~ALTERA_nCEO~ ; 2.5 V        ; 0 in              ; 0 H/in                  ; 0 F/in                  ; short         ; -                   ; open           ; open             ; open   ; 0 in             ; 0 H/in                 ; 0 F/in                 ; short        ; open          ; open            ; open  ; 0 V                 ; -                  ; n/a           ; n/a             ; n/a         ;
+---------------+--------------+-------------------+-------------------------+-------------------------+---------------+---------------------+----------------+------------------+--------+------------------+------------------------+------------------------+--------------+---------------+-----------------+-------+---------------------+--------------------+---------------+-----------------+-------------+


+----------------------------------------------------------------------------+
; Input Transition Times                                                     ;
+-------------------------+--------------+-----------------+-----------------+
; Pin                     ; I/O Standard ; 10-90 Rise Time ; 90-10 Fall Time ;
+-------------------------+--------------+-----------------+-----------------+
; addr_in[8]              ; 2.5 V        ; 2000 ps         ; 2000 ps         ;
; addr_in[9]              ; 2.5 V        ; 2000 ps         ; 2000 ps         ;
; addr_in[10]             ; 2.5 V        ; 2000 ps         ; 2000 ps         ;
; addr_in[11]             ; 2.5 V        ; 2000 ps         ; 2000 ps         ;
; addr_in[12]             ; 2.5 V        ; 2000 ps         ; 2000 ps         ;
; addr_in[13]             ; 2.5 V        ; 2000 ps         ; 2000 ps         ;
; din_in[8]               ; 2.5 V        ; 2000 ps         ; 2000 ps         ;
; din_in[9]               ; 2.5 V        ; 2000 ps         ; 2000 ps         ;
; din_in[10]              ; 2.5 V        ; 2000 ps         ; 2000 ps         ;
; din_in[11]              ; 2.5 V        ; 2000 ps         ; 2000 ps         ;
; din_in[12]              ; 2.5 V        ; 2000 ps         ; 2000 ps         ;
; din_in[13]              ; 2.5 V        ; 2000 ps         ; 2000 ps         ;
; din_in[14]              ; 2.5 V        ; 2000 ps         ; 2000 ps         ;
; din_in[15]              ; 2.5 V        ; 2000 ps         ; 2000 ps         ;
; din_in[16]              ; 2.5 V        ; 2000 ps         ; 2000 ps         ;
; din_in[17]              ; 2.5 V        ; 2000 ps         ; 2000 ps         ;
; din_in[18]              ; 2.5 V        ; 2000 ps         ; 2000 ps         ;
; din_in[19]              ; 2.5 V        ; 2000 ps         ; 2000 ps         ;
; din_in[20]              ; 2.5 V        ; 2000 ps         ; 2000 ps         ;
; din_in[21]              ; 2.5 V        ; 2000 ps         ; 2000 ps         ;
; din_in[22]              ; 2.5 V        ; 2000 ps         ; 2000 ps         ;
; din_in[23]              ; 2.5 V        ; 2000 ps         ; 2000 ps         ;
; din_in[24]              ; 2.5 V        ; 2000 ps         ; 2000 ps         ;
; din_in[25]              ; 2.5 V        ; 2000 ps         ; 2000 ps         ;
; din_in[26]              ; 2.5 V        ; 2000 ps         ; 2000 ps         ;
; din_in[27]              ; 2.5 V        ; 2000 ps         ; 2000 ps         ;
; din_in[28]              ; 2.5 V        ; 2000 ps         ; 2000 ps         ;
; din_in[29]              ; 2.5 V        ; 2000 ps         ; 2000 ps         ;
; din_in[30]              ; 2.5 V        ; 2000 ps         ; 2000 ps         ;
; din_in[31]              ; 2.5 V        ; 2000 ps         ; 2000 ps         ;
; din_in[32]              ; 2.5 V        ; 2000 ps         ; 2000 ps         ;
; din_in[33]              ; 2.5 V        ; 2000 ps         ; 2000 ps         ;
; din_in[34]              ; 2.5 V        ; 2000 ps         ; 2000 ps         ;
; din_in[35]              ; 2.5 V        ; 2000 ps         ; 2000 ps         ;
; din_in[36]              ; 2.5 V        ; 2000 ps         ; 2000 ps         ;
; din_in[37]              ; 2.5 V        ; 2000 ps         ; 2000 ps         ;
; din_in[38]              ; 2.5 V        ; 2000 ps         ; 2000 ps         ;
; din_in[39]              ; 2.5 V        ; 2000 ps         ; 2000 ps         ;
; din_in[40]              ; 2.5 V        ; 2000 ps         ; 2000 ps         ;
; din_in[41]              ; 2.5 V        ; 2000 ps         ; 2000 ps         ;
; din_in[42]              ; 2.5 V        ; 2000 ps         ; 2000 ps         ;
; din_in[43]              ; 2.5 V        ; 2000 ps         ; 2000 ps         ;
; din_in[44]              ; 2.5 V        ; 2000 ps         ; 2000 ps         ;
; din_in[45]              ; 2.5 V        ; 2000 ps         ; 2000 ps         ;
; din_in[46]              ; 2.5 V        ; 2000 ps         ; 2000 ps         ;
; din_in[47]              ; 2.5 V        ; 2000 ps         ; 2000 ps         ;
; din_in[48]              ; 2.5 V        ; 2000 ps         ; 2000 ps         ;
; din_in[49]              ; 2.5 V        ; 2000 ps         ; 2000 ps         ;
; din_in[50]              ; 2.5 V        ; 2000 ps         ; 2000 ps         ;
; din_in[51]              ; 2.5 V        ; 2000 ps         ; 2000 ps         ;
; din_in[52]              ; 2.5 V        ; 2000 ps         ; 2000 ps         ;
; din_in[53]              ; 2.5 V        ; 2000 ps         ; 2000 ps         ;
; din_in[54]              ; 2.5 V        ; 2000 ps         ; 2000 ps         ;
; din_in[55]              ; 2.5 V        ; 2000 ps         ; 2000 ps         ;
; din_in[56]              ; 2.5 V        ; 2000 ps         ; 2000 ps         ;
; din_in[57]              ; 2.5 V        ; 2000 ps         ; 2000 ps         ;
; din_in[58]              ; 2.5 V        ; 2000 ps         ; 2000 ps         ;
; din_in[59]              ; 2.5 V        ; 2000 ps         ; 2000 ps         ;
; din_in[60]              ; 2.5 V        ; 2000 ps         ; 2000 ps         ;
; din_in[61]              ; 2.5 V        ; 2000 ps         ; 2000 ps         ;
; din_in[62]              ; 2.5 V        ; 2000 ps         ; 2000 ps         ;
; din_in[63]              ; 2.5 V        ; 2000 ps         ; 2000 ps         ;
; clk                     ; 2.5 V        ; 2000 ps         ; 2000 ps         ;
; rst_n                   ; 2.5 V        ; 2000 ps         ; 2000 ps         ;
; req_read                ; 2.5 V        ; 2000 ps         ; 2000 ps         ;
; req_write               ; 2.5 V        ; 2000 ps         ; 2000 ps         ;
; din_in[0]               ; 2.5 V        ; 2000 ps         ; 2000 ps         ;
; addr_in[0]              ; 2.5 V        ; 2000 ps         ; 2000 ps         ;
; addr_in[1]              ; 2.5 V        ; 2000 ps         ; 2000 ps         ;
; addr_in[2]              ; 2.5 V        ; 2000 ps         ; 2000 ps         ;
; addr_in[3]              ; 2.5 V        ; 2000 ps         ; 2000 ps         ;
; addr_in[4]              ; 2.5 V        ; 2000 ps         ; 2000 ps         ;
; addr_in[5]              ; 2.5 V        ; 2000 ps         ; 2000 ps         ;
; addr_in[6]              ; 2.5 V        ; 2000 ps         ; 2000 ps         ;
; addr_in[7]              ; 2.5 V        ; 2000 ps         ; 2000 ps         ;
; din_in[1]               ; 2.5 V        ; 2000 ps         ; 2000 ps         ;
; din_in[2]               ; 2.5 V        ; 2000 ps         ; 2000 ps         ;
; din_in[3]               ; 2.5 V        ; 2000 ps         ; 2000 ps         ;
; din_in[4]               ; 2.5 V        ; 2000 ps         ; 2000 ps         ;
; din_in[5]               ; 2.5 V        ; 2000 ps         ; 2000 ps         ;
; din_in[6]               ; 2.5 V        ; 2000 ps         ; 2000 ps         ;
; din_in[7]               ; 2.5 V        ; 2000 ps         ; 2000 ps         ;
; ~ALTERA_ASDO_DATA1~     ; 2.5 V        ; 2000 ps         ; 2000 ps         ;
; ~ALTERA_FLASH_nCE_nCSO~ ; 2.5 V        ; 2000 ps         ; 2000 ps         ;
; ~ALTERA_DATA0~          ; 2.5 V        ; 2000 ps         ; 2000 ps         ;
+-------------------------+--------------+-----------------+-----------------+


+--------------------------------------------------------------------------------------------------------------------------------------------------------------------------------------------------------------------------------------------------------------------------------------------------------------------------------------------------------------------------------------------------------------------------------------------------------------------------------------------------------------------------------------------------------------------------------------------------------------------------------------------------------------------------------------------+
; Signal Integrity Metrics (Slow 1200mv 0c Model)                                                                                                                                                                                                                                                                                                                                                                                                                                                                                                                                                                                                                                            ;
+---------------+--------------+---------------------+---------------------+------------------------------+------------------------------+---------------------+---------------------+--------------------------------------+--------------------------------------+-----------------------------+-----------------------------+----------------------------+----------------------------+-----------------------------+-----------------------------+--------------------+--------------------+-------------------------------------+-------------------------------------+----------------------------+----------------------------+---------------------------+---------------------------+
; Pin           ; I/O Standard ; Board Delay on Rise ; Board Delay on Fall ; Steady State Voh at FPGA Pin ; Steady State Vol at FPGA Pin ; Voh Max at FPGA Pin ; Vol Min at FPGA Pin ; Ringback Voltage on Rise at FPGA Pin ; Ringback Voltage on Fall at FPGA Pin ; 10-90 Rise Time at FPGA Pin ; 90-10 Fall Time at FPGA Pin ; Monotonic Rise at FPGA Pin ; Monotonic Fall at FPGA Pin ; Steady State Voh at Far-end ; Steady State Vol at Far-end ; Voh Max at Far-end ; Vol Min at Far-end ; Ringback Voltage on Rise at Far-end ; Ringback Voltage on Fall at Far-end ; 10-90 Rise Time at Far-end ; 90-10 Fall Time at Far-end ; Monotonic Rise at Far-end ; Monotonic Fall at Far-end ;
+---------------+--------------+---------------------+---------------------+------------------------------+------------------------------+---------------------+---------------------+--------------------------------------+--------------------------------------+-----------------------------+-----------------------------+----------------------------+----------------------------+-----------------------------+-----------------------------+--------------------+--------------------+-------------------------------------+-------------------------------------+----------------------------+----------------------------+---------------------------+---------------------------+
; data_out[0]   ; 2.5 V        ; 0 s                 ; 0 s                 ; 2.32 V                       ; 4.49e-09 V                   ; 2.38 V              ; -0.00552 V          ; 0.096 V                              ; 0.019 V                              ; 4.18e-10 s                  ; 3.59e-10 s                  ; No                         ; Yes                        ; 2.32 V                      ; 4.49e-09 V                  ; 2.38 V             ; -0.00552 V         ; 0.096 V                             ; 0.019 V                             ; 4.18e-10 s                 ; 3.59e-10 s                 ; No                        ; Yes                       ;
; data_out[1]   ; 2.5 V        ; 0 s                 ; 0 s                 ; 2.32 V                       ; 4.49e-09 V                   ; 2.38 V              ; -0.00552 V          ; 0.096 V                              ; 0.019 V                              ; 4.18e-10 s                  ; 3.59e-10 s                  ; No                         ; Yes                        ; 2.32 V                      ; 4.49e-09 V                  ; 2.38 V             ; -0.00552 V         ; 0.096 V                             ; 0.019 V                             ; 4.18e-10 s                 ; 3.59e-10 s                 ; No                        ; Yes                       ;
; data_out[2]   ; 2.5 V        ; 0 s                 ; 0 s                 ; 2.32 V                       ; 4.49e-09 V                   ; 2.38 V              ; -0.00552 V          ; 0.096 V                              ; 0.019 V                              ; 4.18e-10 s                  ; 3.59e-10 s                  ; No                         ; Yes                        ; 2.32 V                      ; 4.49e-09 V                  ; 2.38 V             ; -0.00552 V         ; 0.096 V                             ; 0.019 V                             ; 4.18e-10 s                 ; 3.59e-10 s                 ; No                        ; Yes                       ;
; data_out[3]   ; 2.5 V        ; 0 s                 ; 0 s                 ; 2.32 V                       ; 4.49e-09 V                   ; 2.38 V              ; -0.00552 V          ; 0.096 V                              ; 0.019 V                              ; 4.18e-10 s                  ; 3.59e-10 s                  ; No                         ; Yes                        ; 2.32 V                      ; 4.49e-09 V                  ; 2.38 V             ; -0.00552 V         ; 0.096 V                             ; 0.019 V                             ; 4.18e-10 s                 ; 3.59e-10 s                 ; No                        ; Yes                       ;
; data_out[4]   ; 2.5 V        ; 0 s                 ; 0 s                 ; 2.32 V                       ; 4.49e-09 V                   ; 2.38 V              ; -0.00552 V          ; 0.096 V                              ; 0.019 V                              ; 4.18e-10 s                  ; 3.59e-10 s                  ; No                         ; Yes                        ; 2.32 V                      ; 4.49e-09 V                  ; 2.38 V             ; -0.00552 V         ; 0.096 V                             ; 0.019 V                             ; 4.18e-10 s                 ; 3.59e-10 s                 ; No                        ; Yes                       ;
; data_out[5]   ; 2.5 V        ; 0 s                 ; 0 s                 ; 2.32 V                       ; 4.49e-09 V                   ; 2.38 V              ; -0.00552 V          ; 0.096 V                              ; 0.019 V                              ; 4.18e-10 s                  ; 3.59e-10 s                  ; No                         ; Yes                        ; 2.32 V                      ; 4.49e-09 V                  ; 2.38 V             ; -0.00552 V         ; 0.096 V                             ; 0.019 V                             ; 4.18e-10 s                 ; 3.59e-10 s                 ; No                        ; Yes                       ;
; data_out[6]   ; 2.5 V        ; 0 s                 ; 0 s                 ; 2.32 V                       ; 3.07e-09 V                   ; 2.37 V              ; -0.00994 V          ; 0.186 V                              ; 0.028 V                              ; 4.98e-10 s                  ; 4.96e-10 s                  ; Yes                        ; Yes                        ; 2.32 V                      ; 3.07e-09 V                  ; 2.37 V             ; -0.00994 V         ; 0.186 V                             ; 0.028 V                             ; 4.98e-10 s                 ; 4.96e-10 s                 ; Yes                       ; Yes                       ;
; data_out[7]   ; 2.5 V        ; 0 s                 ; 0 s                 ; 2.32 V                       ; 4.49e-09 V                   ; 2.33 V              ; -0.00467 V          ; 0.226 V                              ; 0.087 V                              ; 2.91e-09 s                  ; 2.74e-09 s                  ; Yes                        ; Yes                        ; 2.32 V                      ; 4.49e-09 V                  ; 2.33 V             ; -0.00467 V         ; 0.226 V                             ; 0.087 V                             ; 2.91e-09 s                 ; 2.74e-09 s                 ; Yes                       ; Yes                       ;
; data_valid    ; 2.5 V        ; 0 s                 ; 0 s                 ; 2.32 V                       ; 4.49e-09 V                   ; 2.38 V              ; -0.00552 V          ; 0.096 V                              ; 0.019 V                              ; 4.18e-10 s                  ; 3.59e-10 s                  ; No                         ; Yes                        ; 2.32 V                      ; 4.49e-09 V                  ; 2.38 V             ; -0.00552 V         ; 0.096 V                             ; 0.019 V                             ; 4.18e-10 s                 ; 3.59e-10 s                 ; No                        ; Yes                       ;
; fifo_full     ; 2.5 V        ; 0 s                 ; 0 s                 ; 2.32 V                       ; 4.49e-09 V                   ; 2.38 V              ; -0.00552 V          ; 0.096 V                              ; 0.019 V                              ; 4.18e-10 s                  ; 3.59e-10 s                  ; No                         ; Yes                        ; 2.32 V                      ; 4.49e-09 V                  ; 2.38 V             ; -0.00552 V         ; 0.096 V                             ; 0.019 V                             ; 4.18e-10 s                 ; 3.59e-10 s                 ; No                        ; Yes                       ;
; fifo_empty    ; 2.5 V        ; 0 s                 ; 0 s                 ; 2.32 V                       ; 3.07e-09 V                   ; 2.37 V              ; -0.00994 V          ; 0.186 V                              ; 0.028 V                              ; 4.98e-10 s                  ; 4.96e-10 s                  ; Yes                        ; Yes                        ; 2.32 V                      ; 3.07e-09 V                  ; 2.37 V             ; -0.00994 V         ; 0.186 V                             ; 0.028 V                             ; 4.98e-10 s                 ; 4.96e-10 s                 ; Yes                       ; Yes                       ;
; ram_ready     ; 2.5 V        ; 0 s                 ; 0 s                 ; 2.32 V                       ; 3.07e-09 V                   ; 2.37 V              ; -0.00994 V          ; 0.186 V                              ; 0.028 V                              ; 4.98e-10 s                  ; 4.96e-10 s                  ; Yes                        ; Yes                        ; 2.32 V                      ; 3.07e-09 V                  ; 2.37 V             ; -0.00994 V         ; 0.186 V                             ; 0.028 V                             ; 4.98e-10 s                 ; 4.96e-10 s                 ; Yes                       ; Yes                       ;
; ~ALTERA_DCLK~ ; 2.5 V        ; 0 s                 ; 0 s                 ; 2.32 V                       ; 2.67e-09 V                   ; 2.38 V              ; -0.0485 V           ; 0.167 V                              ; 0.096 V                              ; 2.95e-10 s                  ; 2.73e-10 s                  ; Yes                        ; Yes                        ; 2.32 V                      ; 2.67e-09 V                  ; 2.38 V             ; -0.0485 V          ; 0.167 V                             ; 0.096 V                             ; 2.95e-10 s                 ; 2.73e-10 s                 ; Yes                       ; Yes                       ;
; ~ALTERA_nCEO~ ; 2.5 V        ; 0 s                 ; 0 s                 ; 2.32 V                       ; 4.18e-09 V                   ; 2.38 V              ; -0.00483 V          ; 0.152 V                              ; 0.012 V                              ; 4.81e-10 s                  ; 6.29e-10 s                  ; Yes                        ; Yes                        ; 2.32 V                      ; 4.18e-09 V                  ; 2.38 V             ; -0.00483 V         ; 0.152 V                             ; 0.012 V                             ; 4.81e-10 s                 ; 6.29e-10 s                 ; Yes                       ; Yes                       ;
+---------------+--------------+---------------------+---------------------+------------------------------+------------------------------+---------------------+---------------------+--------------------------------------+--------------------------------------+-----------------------------+-----------------------------+----------------------------+----------------------------+-----------------------------+-----------------------------+--------------------+--------------------+-------------------------------------+-------------------------------------+----------------------------+----------------------------+---------------------------+---------------------------+


+--------------------------------------------------------------------------------------------------------------------------------------------------------------------------------------------------------------------------------------------------------------------------------------------------------------------------------------------------------------------------------------------------------------------------------------------------------------------------------------------------------------------------------------------------------------------------------------------------------------------------------------------------------------------------------------------+
; Signal Integrity Metrics (Slow 1200mv 85c Model)                                                                                                                                                                                                                                                                                                                                                                                                                                                                                                                                                                                                                                           ;
+---------------+--------------+---------------------+---------------------+------------------------------+------------------------------+---------------------+---------------------+--------------------------------------+--------------------------------------+-----------------------------+-----------------------------+----------------------------+----------------------------+-----------------------------+-----------------------------+--------------------+--------------------+-------------------------------------+-------------------------------------+----------------------------+----------------------------+---------------------------+---------------------------+
; Pin           ; I/O Standard ; Board Delay on Rise ; Board Delay on Fall ; Steady State Voh at FPGA Pin ; Steady State Vol at FPGA Pin ; Voh Max at FPGA Pin ; Vol Min at FPGA Pin ; Ringback Voltage on Rise at FPGA Pin ; Ringback Voltage on Fall at FPGA Pin ; 10-90 Rise Time at FPGA Pin ; 90-10 Fall Time at FPGA Pin ; Monotonic Rise at FPGA Pin ; Monotonic Fall at FPGA Pin ; Steady State Voh at Far-end ; Steady State Vol at Far-end ; Voh Max at Far-end ; Vol Min at Far-end ; Ringback Voltage on Rise at Far-end ; Ringback Voltage on Fall at Far-end ; 10-90 Rise Time at Far-end ; 90-10 Fall Time at Far-end ; Monotonic Rise at Far-end ; Monotonic Fall at Far-end ;
+---------------+--------------+---------------------+---------------------+------------------------------+------------------------------+---------------------+---------------------+--------------------------------------+--------------------------------------+-----------------------------+-----------------------------+----------------------------+----------------------------+-----------------------------+-----------------------------+--------------------+--------------------+-------------------------------------+-------------------------------------+----------------------------+----------------------------+---------------------------+---------------------------+
; data_out[0]   ; 2.5 V        ; 0 s                 ; 0 s                 ; 2.32 V                       ; 6.92e-07 V                   ; 2.35 V              ; -0.00996 V          ; 0.121 V                              ; 0.03 V                               ; 4.64e-10 s                  ; 4.47e-10 s                  ; Yes                        ; Yes                        ; 2.32 V                      ; 6.92e-07 V                  ; 2.35 V             ; -0.00996 V         ; 0.121 V                             ; 0.03 V                              ; 4.64e-10 s                 ; 4.47e-10 s                 ; Yes                       ; Yes                       ;
; data_out[1]   ; 2.5 V        ; 0 s                 ; 0 s                 ; 2.32 V                       ; 6.92e-07 V                   ; 2.35 V              ; -0.00996 V          ; 0.121 V                              ; 0.03 V                               ; 4.64e-10 s                  ; 4.47e-10 s                  ; Yes                        ; Yes                        ; 2.32 V                      ; 6.92e-07 V                  ; 2.35 V             ; -0.00996 V         ; 0.121 V                             ; 0.03 V                              ; 4.64e-10 s                 ; 4.47e-10 s                 ; Yes                       ; Yes                       ;
; data_out[2]   ; 2.5 V        ; 0 s                 ; 0 s                 ; 2.32 V                       ; 6.92e-07 V                   ; 2.35 V              ; -0.00996 V          ; 0.121 V                              ; 0.03 V                               ; 4.64e-10 s                  ; 4.47e-10 s                  ; Yes                        ; Yes                        ; 2.32 V                      ; 6.92e-07 V                  ; 2.35 V             ; -0.00996 V         ; 0.121 V                             ; 0.03 V                              ; 4.64e-10 s                 ; 4.47e-10 s                 ; Yes                       ; Yes                       ;
; data_out[3]   ; 2.5 V        ; 0 s                 ; 0 s                 ; 2.32 V                       ; 6.92e-07 V                   ; 2.35 V              ; -0.00996 V          ; 0.121 V                              ; 0.03 V                               ; 4.64e-10 s                  ; 4.47e-10 s                  ; Yes                        ; Yes                        ; 2.32 V                      ; 6.92e-07 V                  ; 2.35 V             ; -0.00996 V         ; 0.121 V                             ; 0.03 V                              ; 4.64e-10 s                 ; 4.47e-10 s                 ; Yes                       ; Yes                       ;
; data_out[4]   ; 2.5 V        ; 0 s                 ; 0 s                 ; 2.32 V                       ; 6.92e-07 V                   ; 2.35 V              ; -0.00996 V          ; 0.121 V                              ; 0.03 V                               ; 4.64e-10 s                  ; 4.47e-10 s                  ; Yes                        ; Yes                        ; 2.32 V                      ; 6.92e-07 V                  ; 2.35 V             ; -0.00996 V         ; 0.121 V                             ; 0.03 V                              ; 4.64e-10 s                 ; 4.47e-10 s                 ; Yes                       ; Yes                       ;
; data_out[5]   ; 2.5 V        ; 0 s                 ; 0 s                 ; 2.32 V                       ; 6.92e-07 V                   ; 2.35 V              ; -0.00996 V          ; 0.121 V                              ; 0.03 V                               ; 4.64e-10 s                  ; 4.47e-10 s                  ; Yes                        ; Yes                        ; 2.32 V                      ; 6.92e-07 V                  ; 2.35 V             ; -0.00996 V         ; 0.121 V                             ; 0.03 V                              ; 4.64e-10 s                 ; 4.47e-10 s                 ; Yes                       ; Yes                       ;
; data_out[6]   ; 2.5 V        ; 0 s                 ; 0 s                 ; 2.32 V                       ; 4.67e-07 V                   ; 2.35 V              ; -0.00942 V          ; 0.116 V                              ; 0.033 V                              ; 6.66e-10 s                  ; 6.27e-10 s                  ; Yes                        ; Yes                        ; 2.32 V                      ; 4.67e-07 V                  ; 2.35 V             ; -0.00942 V         ; 0.116 V                             ; 0.033 V                             ; 6.66e-10 s                 ; 6.27e-10 s                 ; Yes                       ; Yes                       ;
; data_out[7]   ; 2.5 V        ; 0 s                 ; 0 s                 ; 2.32 V                       ; 6.92e-07 V                   ; 2.33 V              ; -0.00265 V          ; 0.133 V                              ; 0.056 V                              ; 3.55e-09 s                  ; 3.31e-09 s                  ; Yes                        ; Yes                        ; 2.32 V                      ; 6.92e-07 V                  ; 2.33 V             ; -0.00265 V         ; 0.133 V                             ; 0.056 V                             ; 3.55e-09 s                 ; 3.31e-09 s                 ; Yes                       ; Yes                       ;
; data_valid    ; 2.5 V        ; 0 s                 ; 0 s                 ; 2.32 V                       ; 6.92e-07 V                   ; 2.35 V              ; -0.00996 V          ; 0.121 V                              ; 0.03 V                               ; 4.64e-10 s                  ; 4.47e-10 s                  ; Yes                        ; Yes                        ; 2.32 V                      ; 6.92e-07 V                  ; 2.35 V             ; -0.00996 V         ; 0.121 V                             ; 0.03 V                              ; 4.64e-10 s                 ; 4.47e-10 s                 ; Yes                       ; Yes                       ;
; fifo_full     ; 2.5 V        ; 0 s                 ; 0 s                 ; 2.32 V                       ; 6.92e-07 V                   ; 2.35 V              ; -0.00996 V          ; 0.121 V                              ; 0.03 V                               ; 4.64e-10 s                  ; 4.47e-10 s                  ; Yes                        ; Yes                        ; 2.32 V                      ; 6.92e-07 V                  ; 2.35 V             ; -0.00996 V         ; 0.121 V                             ; 0.03 V                              ; 4.64e-10 s                 ; 4.47e-10 s                 ; Yes                       ; Yes                       ;
; fifo_empty    ; 2.5 V        ; 0 s                 ; 0 s                 ; 2.32 V                       ; 4.67e-07 V                   ; 2.35 V              ; -0.00942 V          ; 0.116 V                              ; 0.033 V                              ; 6.66e-10 s                  ; 6.27e-10 s                  ; Yes                        ; Yes                        ; 2.32 V                      ; 4.67e-07 V                  ; 2.35 V             ; -0.00942 V         ; 0.116 V                             ; 0.033 V                             ; 6.66e-10 s                 ; 6.27e-10 s                 ; Yes                       ; Yes                       ;
; ram_ready     ; 2.5 V        ; 0 s                 ; 0 s                 ; 2.32 V                       ; 4.67e-07 V                   ; 2.35 V              ; -0.00942 V          ; 0.116 V                              ; 0.033 V                              ; 6.66e-10 s                  ; 6.27e-10 s                  ; Yes                        ; Yes                        ; 2.32 V                      ; 4.67e-07 V                  ; 2.35 V             ; -0.00942 V         ; 0.116 V                             ; 0.033 V                             ; 6.66e-10 s                 ; 6.27e-10 s                 ; Yes                       ; Yes                       ;
; ~ALTERA_DCLK~ ; 2.5 V        ; 0 s                 ; 0 s                 ; 2.32 V                       ; 3.75e-07 V                   ; 2.35 V              ; -0.0109 V           ; 0.084 V                              ; 0.027 V                              ; 4.31e-10 s                  ; 3.61e-10 s                  ; Yes                        ; Yes                        ; 2.32 V                      ; 3.75e-07 V                  ; 2.35 V             ; -0.0109 V          ; 0.084 V                             ; 0.027 V                             ; 4.31e-10 s                 ; 3.61e-10 s                 ; Yes                       ; Yes                       ;
; ~ALTERA_nCEO~ ; 2.5 V        ; 0 s                 ; 0 s                 ; 2.32 V                       ; 6.15e-07 V                   ; 2.35 V              ; -0.00712 V          ; 0.093 V                              ; 0.02 V                               ; 6.21e-10 s                  ; 7.9e-10 s                   ; Yes                        ; Yes                        ; 2.32 V                      ; 6.15e-07 V                  ; 2.35 V             ; -0.00712 V         ; 0.093 V                             ; 0.02 V                              ; 6.21e-10 s                 ; 7.9e-10 s                  ; Yes                       ; Yes                       ;
+---------------+--------------+---------------------+---------------------+------------------------------+------------------------------+---------------------+---------------------+--------------------------------------+--------------------------------------+-----------------------------+-----------------------------+----------------------------+----------------------------+-----------------------------+-----------------------------+--------------------+--------------------+-------------------------------------+-------------------------------------+----------------------------+----------------------------+---------------------------+---------------------------+


+--------------------------------------------------------------------------------------------------------------------------------------------------------------------------------------------------------------------------------------------------------------------------------------------------------------------------------------------------------------------------------------------------------------------------------------------------------------------------------------------------------------------------------------------------------------------------------------------------------------------------------------------------------------------------------------------+
; Signal Integrity Metrics (Fast 1200mv 0c Model)                                                                                                                                                                                                                                                                                                                                                                                                                                                                                                                                                                                                                                            ;
+---------------+--------------+---------------------+---------------------+------------------------------+------------------------------+---------------------+---------------------+--------------------------------------+--------------------------------------+-----------------------------+-----------------------------+----------------------------+----------------------------+-----------------------------+-----------------------------+--------------------+--------------------+-------------------------------------+-------------------------------------+----------------------------+----------------------------+---------------------------+---------------------------+
; Pin           ; I/O Standard ; Board Delay on Rise ; Board Delay on Fall ; Steady State Voh at FPGA Pin ; Steady State Vol at FPGA Pin ; Voh Max at FPGA Pin ; Vol Min at FPGA Pin ; Ringback Voltage on Rise at FPGA Pin ; Ringback Voltage on Fall at FPGA Pin ; 10-90 Rise Time at FPGA Pin ; 90-10 Fall Time at FPGA Pin ; Monotonic Rise at FPGA Pin ; Monotonic Fall at FPGA Pin ; Steady State Voh at Far-end ; Steady State Vol at Far-end ; Voh Max at Far-end ; Vol Min at Far-end ; Ringback Voltage on Rise at Far-end ; Ringback Voltage on Fall at Far-end ; 10-90 Rise Time at Far-end ; 90-10 Fall Time at Far-end ; Monotonic Rise at Far-end ; Monotonic Fall at Far-end ;
+---------------+--------------+---------------------+---------------------+------------------------------+------------------------------+---------------------+---------------------+--------------------------------------+--------------------------------------+-----------------------------+-----------------------------+----------------------------+----------------------------+-----------------------------+-----------------------------+--------------------+--------------------+-------------------------------------+-------------------------------------+----------------------------+----------------------------+---------------------------+---------------------------+
; data_out[0]   ; 2.5 V        ; 0 s                 ; 0 s                 ; 2.62 V                       ; 4.05e-08 V                   ; 2.72 V              ; -0.0349 V           ; 0.173 V                              ; 0.1 V                                ; 2.72e-10 s                  ; 2.69e-10 s                  ; Yes                        ; Yes                        ; 2.62 V                      ; 4.05e-08 V                  ; 2.72 V             ; -0.0349 V          ; 0.173 V                             ; 0.1 V                               ; 2.72e-10 s                 ; 2.69e-10 s                 ; Yes                       ; Yes                       ;
; data_out[1]   ; 2.5 V        ; 0 s                 ; 0 s                 ; 2.62 V                       ; 4.05e-08 V                   ; 2.72 V              ; -0.0349 V           ; 0.173 V                              ; 0.1 V                                ; 2.72e-10 s                  ; 2.69e-10 s                  ; Yes                        ; Yes                        ; 2.62 V                      ; 4.05e-08 V                  ; 2.72 V             ; -0.0349 V          ; 0.173 V                             ; 0.1 V                               ; 2.72e-10 s                 ; 2.69e-10 s                 ; Yes                       ; Yes                       ;
; data_out[2]   ; 2.5 V        ; 0 s                 ; 0 s                 ; 2.62 V                       ; 4.05e-08 V                   ; 2.72 V              ; -0.0349 V           ; 0.173 V                              ; 0.1 V                                ; 2.72e-10 s                  ; 2.69e-10 s                  ; Yes                        ; Yes                        ; 2.62 V                      ; 4.05e-08 V                  ; 2.72 V             ; -0.0349 V          ; 0.173 V                             ; 0.1 V                               ; 2.72e-10 s                 ; 2.69e-10 s                 ; Yes                       ; Yes                       ;
; data_out[3]   ; 2.5 V        ; 0 s                 ; 0 s                 ; 2.62 V                       ; 4.05e-08 V                   ; 2.72 V              ; -0.0349 V           ; 0.173 V                              ; 0.1 V                                ; 2.72e-10 s                  ; 2.69e-10 s                  ; Yes                        ; Yes                        ; 2.62 V                      ; 4.05e-08 V                  ; 2.72 V             ; -0.0349 V          ; 0.173 V                             ; 0.1 V                               ; 2.72e-10 s                 ; 2.69e-10 s                 ; Yes                       ; Yes                       ;
; data_out[4]   ; 2.5 V        ; 0 s                 ; 0 s                 ; 2.62 V                       ; 4.05e-08 V                   ; 2.72 V              ; -0.0349 V           ; 0.173 V                              ; 0.1 V                                ; 2.72e-10 s                  ; 2.69e-10 s                  ; Yes                        ; Yes                        ; 2.62 V                      ; 4.05e-08 V                  ; 2.72 V             ; -0.0349 V          ; 0.173 V                             ; 0.1 V                               ; 2.72e-10 s                 ; 2.69e-10 s                 ; Yes                       ; Yes                       ;
; data_out[5]   ; 2.5 V        ; 0 s                 ; 0 s                 ; 2.62 V                       ; 4.05e-08 V                   ; 2.72 V              ; -0.0349 V           ; 0.173 V                              ; 0.1 V                                ; 2.72e-10 s                  ; 2.69e-10 s                  ; Yes                        ; Yes                        ; 2.62 V                      ; 4.05e-08 V                  ; 2.72 V             ; -0.0349 V          ; 0.173 V                             ; 0.1 V                               ; 2.72e-10 s                 ; 2.69e-10 s                 ; Yes                       ; Yes                       ;
; data_out[6]   ; 2.5 V        ; 0 s                 ; 0 s                 ; 2.62 V                       ; 2.74e-08 V                   ; 2.71 V              ; -0.0317 V           ; 0.148 V                              ; 0.064 V                              ; 4.51e-10 s                  ; 4.15e-10 s                  ; No                         ; Yes                        ; 2.62 V                      ; 2.74e-08 V                  ; 2.71 V             ; -0.0317 V          ; 0.148 V                             ; 0.064 V                             ; 4.51e-10 s                 ; 4.15e-10 s                 ; No                        ; Yes                       ;
; data_out[7]   ; 2.5 V        ; 0 s                 ; 0 s                 ; 2.62 V                       ; 4.05e-08 V                   ; 2.64 V              ; -0.0113 V           ; 0.208 V                              ; 0.179 V                              ; 2.38e-09 s                  ; 2.23e-09 s                  ; No                         ; Yes                        ; 2.62 V                      ; 4.05e-08 V                  ; 2.64 V             ; -0.0113 V          ; 0.208 V                             ; 0.179 V                             ; 2.38e-09 s                 ; 2.23e-09 s                 ; No                        ; Yes                       ;
; data_valid    ; 2.5 V        ; 0 s                 ; 0 s                 ; 2.62 V                       ; 4.05e-08 V                   ; 2.72 V              ; -0.0349 V           ; 0.173 V                              ; 0.1 V                                ; 2.72e-10 s                  ; 2.69e-10 s                  ; Yes                        ; Yes                        ; 2.62 V                      ; 4.05e-08 V                  ; 2.72 V             ; -0.0349 V          ; 0.173 V                             ; 0.1 V                               ; 2.72e-10 s                 ; 2.69e-10 s                 ; Yes                       ; Yes                       ;
; fifo_full     ; 2.5 V        ; 0 s                 ; 0 s                 ; 2.62 V                       ; 4.05e-08 V                   ; 2.72 V              ; -0.0349 V           ; 0.173 V                              ; 0.1 V                                ; 2.72e-10 s                  ; 2.69e-10 s                  ; Yes                        ; Yes                        ; 2.62 V                      ; 4.05e-08 V                  ; 2.72 V             ; -0.0349 V          ; 0.173 V                             ; 0.1 V                               ; 2.72e-10 s                 ; 2.69e-10 s                 ; Yes                       ; Yes                       ;
; fifo_empty    ; 2.5 V        ; 0 s                 ; 0 s                 ; 2.62 V                       ; 2.74e-08 V                   ; 2.71 V              ; -0.0317 V           ; 0.148 V                              ; 0.064 V                              ; 4.51e-10 s                  ; 4.15e-10 s                  ; No                         ; Yes                        ; 2.62 V                      ; 2.74e-08 V                  ; 2.71 V             ; -0.0317 V          ; 0.148 V                             ; 0.064 V                             ; 4.51e-10 s                 ; 4.15e-10 s                 ; No                        ; Yes                       ;
; ram_ready     ; 2.5 V        ; 0 s                 ; 0 s                 ; 2.62 V                       ; 2.74e-08 V                   ; 2.71 V              ; -0.0317 V           ; 0.148 V                              ; 0.064 V                              ; 4.51e-10 s                  ; 4.15e-10 s                  ; No                         ; Yes                        ; 2.62 V                      ; 2.74e-08 V                  ; 2.71 V             ; -0.0317 V          ; 0.148 V                             ; 0.064 V                             ; 4.51e-10 s                 ; 4.15e-10 s                 ; No                        ; Yes                       ;
; ~ALTERA_DCLK~ ; 2.5 V        ; 0 s                 ; 0 s                 ; 2.62 V                       ; 2.22e-08 V                   ; 2.74 V              ; -0.06 V             ; 0.158 V                              ; 0.08 V                               ; 2.68e-10 s                  ; 2.19e-10 s                  ; Yes                        ; Yes                        ; 2.62 V                      ; 2.22e-08 V                  ; 2.74 V             ; -0.06 V            ; 0.158 V                             ; 0.08 V                              ; 2.68e-10 s                 ; 2.19e-10 s                 ; Yes                       ; Yes                       ;
; ~ALTERA_nCEO~ ; 2.5 V        ; 0 s                 ; 0 s                 ; 2.62 V                       ; 3.54e-08 V                   ; 2.7 V               ; -0.00943 V          ; 0.276 V                              ; 0.035 V                              ; 3.19e-10 s                  ; 4.99e-10 s                  ; No                         ; Yes                        ; 2.62 V                      ; 3.54e-08 V                  ; 2.7 V              ; -0.00943 V         ; 0.276 V                             ; 0.035 V                             ; 3.19e-10 s                 ; 4.99e-10 s                 ; No                        ; Yes                       ;
+---------------+--------------+---------------------+---------------------+------------------------------+------------------------------+---------------------+---------------------+--------------------------------------+--------------------------------------+-----------------------------+-----------------------------+----------------------------+----------------------------+-----------------------------+-----------------------------+--------------------+--------------------+-------------------------------------+-------------------------------------+----------------------------+----------------------------+---------------------------+---------------------------+


+-------------------------------------------------------------------+
; Setup Transfers                                                   ;
+------------+----------+----------+----------+----------+----------+
; From Clock ; To Clock ; RR Paths ; FR Paths ; RF Paths ; FF Paths ;
+------------+----------+----------+----------+----------+----------+
; clk        ; clk      ; 544      ; 0        ; 0        ; 0        ;
+------------+----------+----------+----------+----------+----------+
Entries labeled "false path" only account for clock-to-clock false paths and not path-based false paths. As a result, actual path counts may be lower than reported.


+-------------------------------------------------------------------+
; Hold Transfers                                                    ;
+------------+----------+----------+----------+----------+----------+
; From Clock ; To Clock ; RR Paths ; FR Paths ; RF Paths ; FF Paths ;
+------------+----------+----------+----------+----------+----------+
; clk        ; clk      ; 544      ; 0        ; 0        ; 0        ;
+------------+----------+----------+----------+----------+----------+
Entries labeled "false path" only account for clock-to-clock false paths and not path-based false paths. As a result, actual path counts may be lower than reported.


---------------
; Report TCCS ;
---------------
No dedicated SERDES Transmitter circuitry present in device or used in design


---------------
; Report RSKM ;
---------------
No non-DPA dedicated SERDES Receiver circuitry present in device or used in design


+------------------------------------------------+
; Unconstrained Paths Summary                    ;
+---------------------------------+-------+------+
; Property                        ; Setup ; Hold ;
+---------------------------------+-------+------+
; Illegal Clocks                  ; 0     ; 0    ;
; Unconstrained Clocks            ; 0     ; 0    ;
; Unconstrained Input Ports       ; 19    ; 19   ;
; Unconstrained Input Port Paths  ; 91    ; 91   ;
; Unconstrained Output Ports      ; 12    ; 12   ;
; Unconstrained Output Port Paths ; 22    ; 22   ;
+---------------------------------+-------+------+


+-------------------------------------+
; Clock Status Summary                ;
+--------+-------+------+-------------+
; Target ; Clock ; Type ; Status      ;
+--------+-------+------+-------------+
; clk    ; clk   ; Base ; Constrained ;
+--------+-------+------+-------------+


+---------------------------------------------------------------------------------------------------+
; Unconstrained Input Ports                                                                         ;
+------------+--------------------------------------------------------------------------------------+
; Input Port ; Comment                                                                              ;
+------------+--------------------------------------------------------------------------------------+
; addr_in[0] ; No input delay, min/max delays, false-path exceptions, or max skew assignments found ;
; addr_in[1] ; No input delay, min/max delays, false-path exceptions, or max skew assignments found ;
; addr_in[2] ; No input delay, min/max delays, false-path exceptions, or max skew assignments found ;
; addr_in[3] ; No input delay, min/max delays, false-path exceptions, or max skew assignments found ;
; addr_in[4] ; No input delay, min/max delays, false-path exceptions, or max skew assignments found ;
; addr_in[5] ; No input delay, min/max delays, false-path exceptions, or max skew assignments found ;
; addr_in[6] ; No input delay, min/max delays, false-path exceptions, or max skew assignments found ;
; addr_in[7] ; No input delay, min/max delays, false-path exceptions, or max skew assignments found ;
; din_in[0]  ; No input delay, min/max delays, false-path exceptions, or max skew assignments found ;
; din_in[1]  ; No input delay, min/max delays, false-path exceptions, or max skew assignments found ;
; din_in[2]  ; No input delay, min/max delays, false-path exceptions, or max skew assignments found ;
; din_in[3]  ; No input delay, min/max delays, false-path exceptions, or max skew assignments found ;
; din_in[4]  ; No input delay, min/max delays, false-path exceptions, or max skew assignments found ;
; din_in[5]  ; No input delay, min/max delays, false-path exceptions, or max skew assignments found ;
; din_in[6]  ; No input delay, min/max delays, false-path exceptions, or max skew assignments found ;
; din_in[7]  ; No input delay, min/max delays, false-path exceptions, or max skew assignments found ;
; req_read   ; No input delay, min/max delays, false-path exceptions, or max skew assignments found ;
; req_write  ; No input delay, min/max delays, false-path exceptions, or max skew assignments found ;
; rst_n      ; No input delay, min/max delays, false-path exceptions, or max skew assignments found ;
+------------+--------------------------------------------------------------------------------------+


+-----------------------------------------------------------------------------------------------------+
; Unconstrained Output Ports                                                                          ;
+-------------+---------------------------------------------------------------------------------------+
; Output Port ; Comment                                                                               ;
+-------------+---------------------------------------------------------------------------------------+
; data_out[0] ; No output delay, min/max delays, false-path exceptions, or max skew assignments found ;
; data_out[1] ; No output delay, min/max delays, false-path exceptions, or max skew assignments found ;
; data_out[2] ; No output delay, min/max delays, false-path exceptions, or max skew assignments found ;
; data_out[3] ; No output delay, min/max delays, false-path exceptions, or max skew assignments found ;
; data_out[4] ; No output delay, min/max delays, false-path exceptions, or max skew assignments found ;
; data_out[5] ; No output delay, min/max delays, false-path exceptions, or max skew assignments found ;
; data_out[6] ; No output delay, min/max delays, false-path exceptions, or max skew assignments found ;
; data_out[7] ; No output delay, min/max delays, false-path exceptions, or max skew assignments found ;
; data_valid  ; No output delay, min/max delays, false-path exceptions, or max skew assignments found ;
; fifo_empty  ; No output delay, min/max delays, false-path exceptions, or max skew assignments found ;
; fifo_full   ; No output delay, min/max delays, false-path exceptions, or max skew assignments found ;
; ram_ready   ; No output delay, min/max delays, false-path exceptions, or max skew assignments found ;
+-------------+---------------------------------------------------------------------------------------+


+---------------------------------------------------------------------------------------------------+
; Unconstrained Input Ports                                                                         ;
+------------+--------------------------------------------------------------------------------------+
; Input Port ; Comment                                                                              ;
+------------+--------------------------------------------------------------------------------------+
; addr_in[0] ; No input delay, min/max delays, false-path exceptions, or max skew assignments found ;
; addr_in[1] ; No input delay, min/max delays, false-path exceptions, or max skew assignments found ;
; addr_in[2] ; No input delay, min/max delays, false-path exceptions, or max skew assignments found ;
; addr_in[3] ; No input delay, min/max delays, false-path exceptions, or max skew assignments found ;
; addr_in[4] ; No input delay, min/max delays, false-path exceptions, or max skew assignments found ;
; addr_in[5] ; No input delay, min/max delays, false-path exceptions, or max skew assignments found ;
; addr_in[6] ; No input delay, min/max delays, false-path exceptions, or max skew assignments found ;
; addr_in[7] ; No input delay, min/max delays, false-path exceptions, or max skew assignments found ;
; din_in[0]  ; No input delay, min/max delays, false-path exceptions, or max skew assignments found ;
; din_in[1]  ; No input delay, min/max delays, false-path exceptions, or max skew assignments found ;
; din_in[2]  ; No input delay, min/max delays, false-path exceptions, or max skew assignments found ;
; din_in[3]  ; No input delay, min/max delays, false-path exceptions, or max skew assignments found ;
; din_in[4]  ; No input delay, min/max delays, false-path exceptions, or max skew assignments found ;
; din_in[5]  ; No input delay, min/max delays, false-path exceptions, or max skew assignments found ;
; din_in[6]  ; No input delay, min/max delays, false-path exceptions, or max skew assignments found ;
; din_in[7]  ; No input delay, min/max delays, false-path exceptions, or max skew assignments found ;
; req_read   ; No input delay, min/max delays, false-path exceptions, or max skew assignments found ;
; req_write  ; No input delay, min/max delays, false-path exceptions, or max skew assignments found ;
; rst_n      ; No input delay, min/max delays, false-path exceptions, or max skew assignments found ;
+------------+--------------------------------------------------------------------------------------+


+-----------------------------------------------------------------------------------------------------+
; Unconstrained Output Ports                                                                          ;
+-------------+---------------------------------------------------------------------------------------+
; Output Port ; Comment                                                                               ;
+-------------+---------------------------------------------------------------------------------------+
; data_out[0] ; No output delay, min/max delays, false-path exceptions, or max skew assignments found ;
; data_out[1] ; No output delay, min/max delays, false-path exceptions, or max skew assignments found ;
; data_out[2] ; No output delay, min/max delays, false-path exceptions, or max skew assignments found ;
; data_out[3] ; No output delay, min/max delays, false-path exceptions, or max skew assignments found ;
; data_out[4] ; No output delay, min/max delays, false-path exceptions, or max skew assignments found ;
; data_out[5] ; No output delay, min/max delays, false-path exceptions, or max skew assignments found ;
; data_out[6] ; No output delay, min/max delays, false-path exceptions, or max skew assignments found ;
; data_out[7] ; No output delay, min/max delays, false-path exceptions, or max skew assignments found ;
; data_valid  ; No output delay, min/max delays, false-path exceptions, or max skew assignments found ;
; fifo_empty  ; No output delay, min/max delays, false-path exceptions, or max skew assignments found ;
; fifo_full   ; No output delay, min/max delays, false-path exceptions, or max skew assignments found ;
; ram_ready   ; No output delay, min/max delays, false-path exceptions, or max skew assignments found ;
+-------------+---------------------------------------------------------------------------------------+


+--------------------------+
; Timing Analyzer Messages ;
+--------------------------+
Info: *******************************************************************
Info: Running Quartus Prime Timing Analyzer
    Info: Version 20.1.1 Build 720 11/11/2020 SJ Lite Edition
    Info: Processing started: Sun Apr 12 20:33:02 2026
Info: Command: quartus_sta Input_buffer -c Input_buffer
Info: qsta_default_script.tcl version: #1
Warning (18236): Number of processors has not been specified which may cause overloading on shared machines.  Set the global assignment NUM_PARALLEL_PROCESSORS in your QSF to an appropriate value for best performance.
Info (20030): Parallel compilation is enabled and will use 16 of the 16 processors detected
Info (21077): Low junction temperature is 0 degrees C
Info (21077): High junction temperature is 85 degrees C
Critical Warning (332012): Synopsys Design Constraints File file not found: 'Input_buffer.sdc'. A Synopsys Design Constraints File is required by the Timing Analyzer to get proper timing constraints. Without it, the Compiler will not properly optimize the design.
Info (332142): No user constrained base clocks found in the design. Calling "derive_clocks -period 1.0"
Info (332105): Deriving Clocks
    Info (332105): create_clock -period 1.000 -name clk clk
Info (332143): No user constrained clock uncertainty found in the design. Calling "derive_clock_uncertainty"
Info (332123): Deriving Clock Uncertainty. Please refer to report_sdc in the Timing Analyzer to see clock uncertainties.
Info: Found TIMING_ANALYZER_REPORT_SCRIPT_INCLUDE_DEFAULT_ANALYSIS = ON
Info: Analyzing Slow 1200mV 85C Model
Critical Warning (332148): Timing requirements not met
    Info (11105): For recommendations on closing timing, run Report Timing Closure Recommendations in the Timing Analyzer.
Info (332146): Worst-case setup slack is -4.083
    Info (332119):     Slack       End Point TNS Clock 
    Info (332119): ========= =================== =====================
    Info (332119):    -4.083            -150.630 clk 
Info (332146): Worst-case hold slack is 0.401
    Info (332119):     Slack       End Point TNS Clock 
    Info (332119): ========= =================== =====================
    Info (332119):     0.401               0.000 clk 
Info (332140): No Recovery paths to report
Info (332140): No Removal paths to report
Info (332146): Worst-case minimum pulse width slack is -3.000
    Info (332119):     Slack       End Point TNS Clock 
    Info (332119): ========= =================== =====================
    Info (332119):    -3.000             -85.732 clk 
Info: Analyzing Slow 1200mV 0C Model
Info (334003): Started post-fitting delay annotation
Info (334004): Delay annotation completed successfully
Info (332123): Deriving Clock Uncertainty. Please refer to report_sdc in the Timing Analyzer to see clock uncertainties.
Critical Warning (332148): Timing requirements not met
    Info (11105): For recommendations on closing timing, run Report Timing Closure Recommendations in the Timing Analyzer.
Info (332146): Worst-case setup slack is -3.656
    Info (332119):     Slack       End Point TNS Clock 
    Info (332119): ========= =================== =====================
    Info (332119):    -3.656            -132.358 clk 
Info (332146): Worst-case hold slack is 0.353
    Info (332119):     Slack       End Point TNS Clock 
    Info (332119): ========= =================== =====================
    Info (332119):     0.353               0.000 clk 
Info (332140): No Recovery paths to report
Info (332140): No Removal paths to report
Info (332146): Worst-case minimum pulse width slack is -3.000
    Info (332119):     Slack       End Point TNS Clock 
    Info (332119): ========= =================== =====================
    Info (332119):    -3.000             -85.556 clk 
Info: Analyzing Fast 1200mV 0C Model
Info (332123): Deriving Clock Uncertainty. Please refer to report_sdc in the Timing Analyzer to see clock uncertainties.
Critical Warning (332148): Timing requirements not met
    Info (11105): For recommendations on closing timing, run Report Timing Closure Recommendations in the Timing Analyzer.
Info (332146): Worst-case setup slack is -1.255
    Info (332119):     Slack       End Point TNS Clock 
    Info (332119): ========= =================== =====================
    Info (332119):    -1.255             -40.209 clk 
Info (332146): Worst-case hold slack is 0.181
    Info (332119):     Slack       End Point TNS Clock 
    Info (332119): ========= =================== =====================
    Info (332119):     0.181               0.000 clk 
Info (332140): No Recovery paths to report
Info (332140): No Removal paths to report
Info (332146): Worst-case minimum pulse width slack is -3.000
    Info (332119):     Slack       End Point TNS Clock 
    Info (332119): ========= =================== =====================
    Info (332119):    -3.000             -67.551 clk 
Info (332102): Design is not fully constrained for setup requirements
Info (332102): Design is not fully constrained for hold requirements
Info: Quartus Prime Timing Analyzer was successful. 0 errors, 5 warnings
    Info: Peak virtual memory: 5003 megabytes
    Info: Processing ended: Sun Apr 12 20:33:03 2026
    Info: Elapsed time: 00:00:01
    Info: Total CPU time (on all processors): 00:00:01


